designation,n_points,n_points_before_rejection,n_outliers_rejected,n_visits,n_sectors,magnitude_H,period_hr,period_hr_naive,ls_power,naive_power,power_ratio,pk_over_med,pk_prom,pk_snr,max_phase_gap,fap,baseline_hr,n_cycles_observed,aov_F,amp_snr,loo_worst_chi2,n_phase_coverings,reliability_score,is_reliable,double_peaked,diameter_km_real,albedo_real,spec_type,published_rot_per_hr,min_snr,median_n_stack,frac_points_stacked,phase_angle_range_deg,wrote_clean_lc,period_quality,cell,has,believed
(396376) 2014 DZ111,44,44,0,2,1,15.76,2.0784748006766525,1.0392374003383262,0.1888294295108936,0.311074580690023,1.0,9.63425465256398,1.6449599759761393,8.591308539295433,0.1027971916621793,0.1948506134742574,469.00455736293225,225.64842124150204,1.3718820993514926,1.9731933054178497,,0.0,0.0235269462063929,False,True,,,,,5.0,15.0,1.0,3.135500653159147,False,0.05,n30_a0.0,False,False
(745416) 2011 BR59,34,34,0,4,1,16.89,1.9197445573299112,0.9598722786649556,0.1100138996270067,0.282376939716823,1.0,6.47792764299682,1.2990700303438822,5.243199803770371,0.1173937844192234,0.7383549779737519,352.9167074644938,183.83524314055103,1.0851918241657532,3.1958919144844566,6.243851800803883,0.0,0.0152797521819072,False,True,,,,,5.0,22.0,1.0,1.3959953304841175,False,0.05,n30_a0.0,False,False
(122757) 2000 SP64,56,57,1,8,3,16.14,3.5105615163932957,1.755280758196648,0.295029393029212,0.2462664648824213,1.0,4.532495386445986,1.4063028161999471,5.232413652096044,0.068387244943481,0.1842644645842551,1810.9179472871472,515.8485156379371,1.2679099859540286,3.1403074101386776,10.846795247511304,0.0,0.014048800409313,False,True,,,,,5.0,48.0,1.0,13.84389033545541,False,0.05,n30_a0.0,False,False
(474233) 2001 QV122,54,56,2,4,1,17.82,4.156058843474172,2.078029421737086,0.2460895578790672,0.5254570905031678,1.0,3.5212723784196283,1.0883267808521533,2.98030603433131,0.0553026558425951,5.285041030090144e-07,556.6304965917952,133.93229440574797,1.2905999843682467,13.64220940449758,6.098370859221276,0.0,0.0557672701498621,False,True,,,,,5.0,1.0,0.0892857142857142,5.9530460860176815,False,0.0909090909090909,n30_a0.0,True,False
(392314) 2010 EU2,90,90,0,10,3,16.05,2.4232572218152755,1.2116286109076375,0.0083112703908252,0.2787091332434291,1.0,7.206086262412181,1.4258048916610593,6.3531393350565795,0.0823747763501926,0.0005565802661812,1822.8886755171695,752.2472889409709,1.2456663482673007,4.227537863709105,11.282502361319525,0.0,0.0155028084255907,False,True,,,,,5.0,29.0,1.0,13.288683368501095,False,0.05,n30_a0.0,True,False
(398020) 2009 DV19,91,95,4,7,2,16.36,2.9478966890214093,1.4739483445107049,0.1165849695220841,0.078359881775979,1.0,6.784858837764889,1.3364810311054658,6.0973606339488775,0.0531504163800488,0.9990561188180486,1119.5873708665604,379.79192928847897,1.0461640453211891,2.1731934550056806,2.8176728019417157,1.0,0.1086412783168528,False,True,,,,,5.0,9.0,1.0,14.973265740531344,False,0.1162790697674418,n30_a0.0,False,False
(502376) 2015 BS242,72,75,3,5,2,17.96,3.1276266007159412,1.5638133003579706,0.6733263892239494,5498.810168960262,1.0,11408.618115709598,929.3245762784832,8267.627822955918,0.0410914753611841,,1741.077816899924,556.6770075754491,1.4833099543178758,11.626929154115311,900447.3915143649,0.0,0.9815086134093802,True,True,,,,,5.0,13.0,1.0,24.006835425753053,True,0.9381761978361668,n30_a0.0,True,False
(113561) 2002 TY33,69,69,0,3,2,15.98,58.4548203098748,29.2274101549374,0.3152441419062676,0.2839083379508702,1.0,15.673812405855845,1.427145845646243,13.983896990526452,0.0521602275502433,0.0085951703327941,398.7730011556414,6.821901068923079,1.3555344597882646,4.150209847411464,9.613280845894945,0.0,0.0059156261121425,False,True,,,,,5.0,20.0,1.0,8.028197170284368,False,0.04,n30_a0.0,True,False
(32951) 1996 FA2,36,42,6,5,3,16.1,2.644671541925267,1.3223357709626335,0.2370449549771132,0.0748950390880547,1.0,6.9794003726132,1.3190640404352725,4.633682394491761,0.2644533096223651,0.9999999999999932,995.3003138547648,376.34174908926735,0.766795712319037,4.060017923945435,1.1268191891170785,0.0,0.1074852334574975,False,True,1.717,0.238,,,5.0,15.0,1.0,6.535468434842702,False,0.1162790697674418,n30_a0.0,False,False
(111363) 2001 XC126,95,97,2,9,3,15.84,8.147824918242797,4.073912459121399,0.0184383666567396,0.1188828518145831,1.0,10.99390675983873,1.8087174536496635,9.790769620772824,0.0605038379735393,0.8366712604285038,1852.4022820079117,227.3492988123032,1.1652239601234504,1.2351618259905055,2.321044347334398,0.0,0.2354728311147493,False,True,,,,,5.0,11.0,1.0,13.0920384155308,False,0.25,n30_a0.0,False,False
(93015) 2000 RY91,30,32,2,6,2,16.31,39.10004232251626,39.10004232251626,0.2001311039310881,0.3243457497027758,1.0,7.855093392076722,1.693621674057241,6.669153259143787,0.1108285474763121,0.6196014317943167,9655.298253152405,246.9383069591277,1.3531359211464078,5.339871018318329,8.991020555752494,0.0,0.0038455784067692,False,False,,,,,5.0,26.0,1.0,16.271583294755665,False,0.0,n30_a0.0,False,False
(510730) 2012 VT97,74,79,5,8,3,17.05,8.752411496715236,8.752411496715236,0.3027946721705204,0.1785127865773082,1.0,3.403485720222099,1.2851716121708303,2.778624442525481,0.1379999738302906,0.3748305124386589,1686.920815006073,192.73783181231497,1.0712481163027698,4.051091622214477,29.48983481777023,0.0,0.0074638411149917,False,False,,,,,5.0,23.0,0.7721518987341772,21.97457676746476,False,0.04,n30_a0.0,False,False
(24810) 1994 UE8,61,64,3,9,3,15.22,2.8451200385610664,1.4225600192805332,0.1150366716111256,0.2013423512994161,1.0,9.809828688081572,1.6695704726365677,8.802964681802301,0.0964696631515905,0.3452821563525467,1833.4240359407268,644.4100815050285,1.2445698228488904,2.284277896446924,5.076413367610999,0.0,0.0060453539859566,False,True,5.257,0.077,,,5.0,16.0,1.0,4.371321899173399,False,0.04,n30_a0.0,False,False
(257682) 1999 VC150,74,78,4,8,2,15.68,7.926292424898964,3.963146212449482,0.1300974946487727,0.1524043660624268,1.0,9.96395514663171,1.6269849455822196,8.977870419559052,0.0549073047896119,0.6331006202575166,1181.8363400728558,149.10329782438234,1.4812447119603955,1.2582954411680904,1.0080433186560362,0.0,0.0099495092449165,False,True,,,,,5.0,35.0,1.0,10.96281442151095,False,0.05,n30_a0.0,False,False
(698196) 2017 UN106,62,63,1,8,2,17.67,8.50192577179152,4.25096288589576,0.0295338914320338,0.1513725294817845,1.0,6.486652436562313,1.497992834373673,5.983608400715457,0.0787426749892189,0.8923367407878797,1043.896084776905,122.78348609446115,1.439437094951758,2.0090059375411657,5.590870725117768,0.0,0.0160831113348208,False,True,,,,,5.0,26.0,1.0,20.55358933867631,False,0.05,n30_a0.0,False,False
(239136) 2006 JR28,95,100,5,7,2,16.35,2.515223081529146,1.257611540764573,0.0064175448908279,0.0943925224021804,1.0,12.042765413490374,1.7555610203452392,10.573943131209774,0.0716464451724541,0.9845858634715204,850.7768507088767,338.251050953159,1.2723927082683688,1.8677880620592349,1.3512140359537126,0.0,0.1079798115157444,False,True,,,,,5.0,15.0,1.0,13.032752490382569,False,0.1162790697674418,n30_a0.0,False,False
(237026) 2008 SY42,90,93,3,8,3,16.61,5.186191526013459,2.5930957630067293,0.0498736261147192,0.150056767689174,1.0,11.15683572475474,1.923501989198293,10.135845351170124,0.0543270725434331,0.3138511124458485,1612.7739765013685,310.97462722150595,1.406174663035698,1.9711214869178613,1.7618029546419764,0.0,0.0201787041751186,False,True,,,,,5.0,23.0,1.0,11.885817915888044,False,0.05,n30_a0.0,False,False
(412990) 1998 HM31,40,40,0,12,3,17.52,67.6197832051767,33.80989160258835,0.0584269368139538,0.3281211836238323,1.0,8.547026101095847,1.538705313478621,7.460753272266616,0.1142776482245517,0.2763529604843667,11704.3337393775,173.09037658200393,2.917412312064315,2.6713566227756127,4.48609629403268,0.0,0.0011495440949147,False,True,,,,,5.0,91.0,1.0,14.664349175885564,False,0.0,n30_a1.5,False,False
(239303) 2007 PB43,71,71,0,1,1,15.86,7.973348226798109,3.9866741133990544,0.2163777131967202,0.2078625904379006,1.0,13.128766946848945,1.1296264331680357,11.296617551951256,0.0693929998019635,0.1817311402492066,78.12503517750883,9.798272062787085,1.796036646202457,1.927857202849274,,1.0,0.0427997777357008,False,True,,,,,5.0,4.0,1.0,0.748616482364826,False,0.0909090909090909,n30_a1.5,False,False
(234258) 2000 UU62,42,42,0,7,1,16.18,38.697433331263795,19.348716665631898,0.1042127995587831,0.2744229897455632,1.0,8.282105856519317,1.4422928491993947,7.377727114157205,0.073715879335614,0.4394938029255894,540.2984266084386,13.962125652709105,2.5752519621758494,1.9473074002564708,1.5660343549293303,0.0,0.0010184218574973,False,True,,,,,5.0,38.0,1.0,1.006404680226229,False,0.0,n30_a1.5,False,False
(244863) 2003 UO208,47,47,0,8,3,16.48,20.400365569252372,20.400365569252372,0.2012113687953818,0.3078905542332636,1.0,10.739122588885618,1.7331558518664816,9.673269646244004,0.0842201944307031,0.1192046189196237,1681.72395957954,82.43597174132265,2.8754453957363513,3.6403401019188695,2.337156490464385,0.0,0.002502454994462,False,False,,,,,5.0,38.0,1.0,15.071663424973936,False,0.0,n30_a1.5,False,False
(331534) 2000 SC254,73,77,4,4,2,16.98,198.55542037652117,99.27771018826058,0.0836185561373736,0.1891675666891192,1.0,11.575660729872364,1.7569092332270042,9.79269953123704,0.1259633143701899,0.2541294440216061,723.5380699656671,3.6440106676192463,1.7027270249388555,1.9837634444324483,2.116684777129973,0.0,0.0050142945991199,False,True,,,,,5.0,7.0,1.0,10.728994045364832,False,0.04,n30_a1.5,False,False
(663594) 2007 RV371,41,42,1,7,1,17.48,9.972763664855943,4.9863818324279725,0.0317693515596198,0.295269008580601,1.0,6.882639981539102,1.43015401119651,5.8772620793928265,0.094622519297404,0.2756069301196282,519.0231782510527,52.044066789639494,1.6502907898048846,2.4244020067085637,2.431164495038999,0.0,0.0058962876116745,False,True,,,,,5.0,18.0,1.0,10.0064812922221,False,0.04,n30_a1.5,False,False
(620121) 1997 WP13,47,47,0,6,1,17.45,7.58578607203707,3.792893036018535,0.0935473629763316,0.3265663663661033,1.0,10.397360683567255,1.7479050000210297,9.46345839735232,0.1104789695130611,0.0693657223044364,440.8301355349249,58.112650600565296,2.695967029844205,1.737543303621122,1.5585260803384462,0.0,0.0026667291062629,False,True,,,,,5.0,27.0,1.0,3.3545723969352395,False,0.0,n30_a1.5,False,False
(596928) 2006 KL17,53,53,0,4,1,16.98,10.284355886042697,5.142177943021348,0.0429999831679112,0.3048533416975011,1.0,10.025902071412938,1.7002780986243258,9.488984401350493,0.1087385447584447,0.048292363902906,468.79396170697873,45.58321074275516,2.8425778098285575,1.8318123207279229,1.6106175208525133,0.0,0.0022023480992992,False,True,,,,,5.0,18.0,1.0,2.9557274988952296,False,0.0,n30_a1.5,False,False
(310103) 2010 TL171,42,42,0,4,2,13.5,2.445526734577105,1.2227633672885525,0.0629122328643758,0.3607859263157474,1.0,10.942256316901922,1.714890585807848,9.66196830178032,0.079342172966526,0.0563856974903682,1166.6384594013216,477.0499716508166,1.7638049440696375,2.9181664816392625,1.9595899197368571,0.0,0.004010731447224,False,True,,,,,5.0,34.0,1.0,8.53236917493589,False,0.0,n30_a1.5,False,False
(124948) 2001 TV85,66,68,2,3,1,16.41,1.605570894216375,1.605570894216375,0.0271883669287443,0.130203103478436,1.0,7.384032750105001,1.3277861485522202,6.69226548253294,0.062194408728134,0.9942694346155182,397.36212120659184,247.48961421633817,1.646773659848935,1.9940120786066091,2.142544522046556,1.0,0.106024267708829,False,False,1.818,0.213,,,5.0,8.0,1.0,7.174194327292025,False,0.1162790697674418,n30_a1.5,False,False
(391021) 2005 SG236,94,95,1,5,1,18.23,24.5191095393783,12.25955476968915,0.0686588482488689,0.1317536183884597,1.0,8.244728626449316,1.257377697613552,6.85780534016627,0.0558652088359051,0.6418987657299011,529.0136454396998,21.57556515623419,2.7628040565387635,3.419591484071513,5.916769232440718,0.0,0.0089286736490093,False,True,,,,,5.0,9.0,1.0,12.498945019950373,False,0.05,n30_a1.5,False,False
(198520) 2004 XZ96,46,49,3,7,3,16.45,6.810362160193121,3.4051810800965603,0.127957974691569,0.2512555277041839,1.0,12.782833578756362,1.9932724341901908,11.39271345676973,0.0927448003013686,0.3638034579235993,1308.209117059072,192.0909764102729,2.137347355441901,1.719836917673456,1.3123836917508689,0.0,0.0540010328705305,False,True,3.51,0.047,,,5.0,35.0,1.0,13.22652113934626,False,0.0909090909090909,n30_a1.5,False,False
(66561) 1999 RW135,48,48,0,1,1,15.56,15.950673740923676,7.975336870461837,0.1257407049659143,0.2425813419000248,1.0,8.039119695024652,1.2674454957290984,7.159676140797091,0.0596047126256028,0.4945674512854632,66.16629355307668,4.148181740017529,1.6866477166819414,2.0197589530731737,,0.0,0.0597370897055666,False,True,,,,,5.0,6.0,1.0,0.0994657062495956,False,0.0909090909090909,n30_a1.5,False,False
(551753) 2013 JP36,54,54,0,4,1,15.66,3.394918187891262,1.697459093945631,0.0623829094997024,0.2782052065354993,1.0,11.087998965271012,1.6763712444764327,9.41264153149708,0.065761869865848,0.1134542433960727,515.3895339533337,151.81206303927624,1.9114136684363725,1.776294448545508,1.425663393189348,0.0,0.0035469670692505,False,True,,,,,5.0,25.0,1.0,2.4261329613976974,False,0.0,n30_a1.5,False,False
(133089) 2003 MQ8,53,53,0,5,2,15.41,3.0790233183986357,1.539511659199318,0.0658626458739746,0.2709593849746799,1.0,9.258405468940031,1.5870482799855188,7.591973310132875,0.0604246811217485,0.1831930384376948,2191.8796505556093,711.8749758918943,2.944243945359747,2.1968917490563524,0.518338914487201,0.0,0.0230700529981461,False,True,,,,,5.0,13.0,1.0,18.485985341678095,False,0.05,n30_a1.5,False,False
(736714) 2015 VO125,64,66,2,7,3,15.9,1.9301384163606776,0.9650692081803388,0.0124341621287054,0.2202305438123996,1.0,11.379045725679733,2.047251542389773,10.394651284804056,0.0865831772242141,0.1732246446039964,9722.52210281737,5037.214958474025,1.8198548264198775,1.6269786476196149,0.7949929810711897,0.0,0.0197548055561564,False,True,,,,,5.0,28.0,1.0,13.712845084065894,False,0.05,n30_a1.5,False,False
(191191) 2002 OY20,46,48,2,8,3,15.54,1.495990658930655,1.495990658930655,0.0627474617229736,0.2801499092595389,1.0,10.132450518612137,1.687651650623437,8.861585025878435,0.1043058742569187,0.2054358408677859,1664.9962060017278,1112.9723277763503,2.594582010606368,4.0729923146749725,2.166721457134734,0.0,0.003734978970113,False,False,,,,,5.0,51.0,1.0,13.633648333707738,False,0.0,n30_a1.5,False,False
(588559) 2008 GC86,41,41,0,6,2,16.43,3.0312893835101224,1.5156446917550612,0.0964669949247581,0.3558824553389709,1.0,10.433071161577582,1.807029421271644,8.956112540548606,0.1861216998217729,0.0619479932230693,1033.3975515378406,340.9102269019278,2.6174355602491777,2.89158279024278,3.4842106027261748,0.0,0.0029221043894108,False,True,,,,,5.0,32.0,1.0,14.81651550016683,False,0.0,n30_a1.5,False,False
(310642) 2002 CC221,44,46,2,8,3,16.98,1.942076508951726,0.971038254475863,0.067427052991595,0.1299697946344629,1.0,4.166687783210594,1.4403889966522456,5.002052029591919,0.1205592219962283,0.9998722471194954,1595.5646263902308,821.5766057803089,4.1413028748526814,3.405662374362238,2.1679291355574377,0.0,0.0120365585477297,False,True,,,,,5.0,29.0,1.0,15.865758861934236,False,0.05,n30_a3.0,False,False
(30652) 1236 T-1,88,88,0,3,2,15.59,4.763913310876258,2.381956655438129,0.0400643904173517,0.4387982967717685,1.0,30.07485424561366,2.6879348774713447,25.79413524329884,0.1252829706495106,2.3797898378168857e-08,163.67932286986616,34.3581656904163,4.162788005172409,4.672948946097098,2.4067232497334348,0.0,0.641109513520438,True,True,,,,,5.0,4.0,1.0,0.4010010659574092,True,0.6363636363636364,n30_a3.0,True,False
(216590) 2002 LC47,30,30,0,6,3,16.87,22.014427671400583,11.007213835700291,0.0831208975709328,0.4929570821646184,1.0,9.436233765801278,1.655918962875952,8.463383422420355,0.0870006091135228,0.0258171144302892,1695.8468337144004,77.03342821478442,4.830269452695118,2.50342428102555,1.145423037804819,0.0,0.0089620693633081,False,True,,,,,5.0,31.0,1.0,13.991777170773696,False,0.05,n30_a3.0,False,False
(92125) 1999 XP105,50,51,1,2,1,14.89,23.849585833295485,23.849585833295485,0.0913097735126623,0.2344774971131635,1.0,7.756171215534144,1.293902018544273,6.480160959829117,0.0885052056732795,0.3733286776819263,352.496877858066,14.779999968215748,5.309117047645669,3.682121897300591,,0.0,0.0066090543189499,False,False,,,,,5.0,12.0,1.0,2.0986340407291237,False,0.04,n30_a3.0,False,False
(73599) 3012 T-2,45,47,2,7,3,16.03,68.30393190423024,68.30393190423024,0.1094831887775868,0.2929769876442414,1.0,10.885167566631935,1.8649228975186345,9.63957386728736,0.1105324152523729,0.1526506376425366,1753.8967719470384,25.67783029542425,3.015546336572932,4.239147009358505,2.1440509589975973,0.0,0.003617830127278,False,False,1.549,0.352,,,5.0,27.0,1.0,10.703267594533855,False,0.0,n30_a3.0,False,False
(722307) 2005 NH81,32,32,0,4,1,16.39,1.953862096470384,0.976931048235192,0.0993922902774089,0.4256365926194362,1.0,8.175938614691235,1.425697408002102,7.129834940555349,0.1301408268886141,0.0845664799857946,527.1796598591027,269.81415976667085,3.228583367491552,3.613894713478688,1.5441239288068993,0.0,0.0052804212836769,False,True,,,,,5.0,34.0,1.0,7.356669137228013,False,0.04,n30_a3.0,False,False
(330317) 2006 UK55,31,32,1,7,3,17.3,2.676482568113875,1.3382412840569375,0.0663371937282381,0.4077249552662402,1.0,9.800148557512054,1.774411073089633,8.70558853910595,0.1456160546582157,0.1628024173801455,1561.1681325722602,583.2909771844395,5.721502825080143,3.0132318557136566,2.9104392929672023,0.0,0.0044461757623774,False,True,,,,,5.0,53.0,0.8125,20.854273378299915,False,0.0,n30_a3.0,False,False
2016 QN138,30,30,0,8,2,17.76,2.0183709706832023,2.0183709706832023,0.2141755627722689,0.4237616976722775,1.0,7.889833299674023,1.508654060196927,6.918299561928979,0.1363001112176851,0.1377665945207221,950.6018965277472,470.9748159952856,4.731298243617654,3.1341529931859577,1.8862324620298965,0.0,0.0050769785724144,False,False,,,,,5.0,56.0,1.0,14.791489077116106,False,0.04,n30_a3.0,False,False
(227012) 2004 XJ129,30,31,1,3,1,15.2,2.7444041673858655,1.3722020836929327,0.302986241583182,0.4314851097893173,1.0,9.746787862385718,1.6826730921741022,8.414592090885144,0.1511233292193282,0.0870567724047701,271.3308936059475,98.86695874842628,3.1020476660640477,2.2560052691001613,1.3542099127873408,0.0,0.0043535189673367,False,True,,,,,5.0,24.0,1.0,0.1155981435471957,False,0.0,n30_a3.0,False,False
(38034) 1998 QW57,38,40,2,4,2,14.16,2.3394426006758997,1.16972130033795,0.0638800873364424,0.2703994731937235,1.0,9.55835252524382,1.7702397666697571,8.850719463126765,0.1079326229682325,0.539245208045589,621.7426157402806,265.7652791142001,4.420618641923454,3.811191711801897,3.6265105927700945,0.0,0.0034719245666894,False,True,,,,,5.0,39.0,1.0,0.4632046950665867,False,0.0,n30_a3.0,False,False
(144159) 2004 BH100,49,50,1,4,1,16.14,2.0520177348621913,2.0520177348621913,0.1550455429298804,0.2416802616682263,1.0,9.432838296844787,1.531676768010792,8.468492014886738,0.0830571196826231,0.4246276261723316,578.6716294580838,282.0012808012822,3.1356700453062647,2.910615002134719,1.2333346205916755,0.0,0.0216327235109015,False,False,,,,,5.0,14.0,1.0,9.050363542952692,False,0.05,n30_a3.0,False,False
(356263) 2009 VO21,36,40,4,6,3,13.58,3.246179396702007,1.6230896983510037,0.0352365401729076,0.2232399500185008,1.0,7.997042387136473,1.6730890834751386,7.095498540286861,0.1055338529924449,0.9721778059213216,9639.69680314738,2969.551471166671,4.502446961586889,8.606389487873297,4.854243393157144,0.0,0.0030866219919706,False,True,,,,,5.0,22.0,1.0,7.627167985366487,False,0.0,n30_a3.0,False,False
(511996) 2015 KV129,31,31,0,8,1,17.41,1.317541660183358,1.317541660183358,0.2489362744630636,0.4232771123944452,1.0,7.825272482295982,1.516645325397194,6.799362010750621,0.1239947590775102,0.1222928295891961,579.0269652912975,439.4752612306135,4.875434806074025,4.799714015721024,1.0731566625318192,0.0,0.0022132225055372,False,False,,,,,5.0,66.0,1.0,4.7322978338196835,False,0.0,n30_a3.0,False,False
(315740) 2008 FK2,30,30,0,5,1,16.08,3.309402565058035,1.6547012825290175,0.2126263102900112,0.4279571382275632,1.0,9.515807170420244,1.4701379472573104,8.00551303803522,0.1493136976159649,0.1300445444194266,500.9332772098133,151.36667944204262,3.1198303765297553,1.5313053714979332,0.616448181369737,0.0,0.006216897547266,False,True,,,,,5.0,39.0,1.0,3.9655908500060018,False,0.04,n30_a3.0,False,False
(605021) 2016 AP36,37,37,0,8,3,18.02,20.195511555978268,10.097755777989134,0.0536056813889027,0.3877482875998224,1.0,10.213546849393168,1.593585045259669,8.919423937887252,0.1034250369884091,0.0692353969075709,1714.868544830941,84.91335018068933,3.0768005036457233,1.9886051273527992,1.2865015138353606,0.0,0.0035326080865439,False,True,,,,,5.0,29.0,1.0,18.227934555116384,False,0.0,n30_a3.0,False,False
(313087) 2000 UD12,34,34,0,7,2,17.46,4.792597722582359,2.3962988612911795,0.0902889418099324,0.3505607549016754,1.0,6.676370847599247,1.3679871518300812,5.836049528413294,0.1268312136496174,0.2501271473455518,1706.662213483185,356.10379010980233,3.1289905407980068,4.1209168737453,6.171238245677822,0.0,0.0053992157935349,False,True,,,,,5.0,44.0,1.0,21.053764007930656,False,0.04,n30_a3.0,False,False
(340355) 2006 DM91,31,31,0,6,2,17.47,3.364599693806415,1.6822998469032076,0.068852830243234,0.509291263308565,1.0,10.263503242495972,1.800174022985032,9.100959224283136,0.1174651334047363,0.0101278131455138,1675.5017804206582,497.97953186078473,7.61688637304792,3.745742713725636,1.3056293275096136,0.0,0.0160150936795639,False,True,2.154,0.035,,6.76,5.0,36.0,1.0,21.084853638988807,False,0.05,n30_a6.0,False,False
(315923) 2008 SM39,33,33,0,4,1,13.39,1.5056345810326648,1.5056345810326648,0.0301998565401798,0.4004982051836641,1.0,8.994233296992938,1.565911235636327,8.005056132106766,0.1718736891414117,0.1242543586638272,533.4078411783557,354.27443544270153,6.770195214673028,4.103569674450871,0.9592535963559424,0.0,0.0017311187230374,False,False,,,,,5.0,31.0,1.0,4.080442041255354,False,0.0,n30_a6.0,False,False
(566863) 2018 VB44,33,33,0,5,1,16.14,4.580168897518803,2.2900844487594014,0.0908950709983691,0.311569411853326,1.0,8.135491480806634,1.3982778240933962,7.084492390297186,0.1066659934807731,0.5799945178971013,575.338776503806,125.61518786250043,8.45772081492624,5.764849623574036,4.677831269215251,0.0,0.0039962631118417,False,True,,,,,5.0,54.0,1.0,3.6027255046338076,False,0.0,n30_a6.0,False,False
(713292) 2015 BQ132,48,57,9,10,4,18.36,23.37210920934408,11.68605460467204,0.6160673107227578,0.4996316264689567,1.0,2.3004746795512045,1.138327468572089,4.699273284152612,0.2389819640390012,4.449808955582347e-06,2504.155347539694,107.14289091797252,8.258787588155755,7.954679125126126,594.4387035877887,0.0,0.002887801458055,False,True,,,,,5.0,28.0,1.0,24.23372862783421,False,0.0,n30_a6.0,True,False
(84900) 2003 SH306,49,50,1,2,1,14.68,1.1700764897311062,1.1700764897311062,0.1118703714806784,0.1773830442347817,1.0,9.268879382843096,1.4595601395903233,7.920632890617777,0.1653503230277612,0.9487120451881316,233.65518502617488,199.6922313000844,12.276774353959228,4.604925701824968,,0.0,0.0413064558280091,False,False,7.108,0.061,,,5.0,14.0,1.0,0.6534807339625246,False,0.0909090909090909,n30_a6.0,False,False
(579692) 2014 WK92,31,31,0,5,1,18.22,9.608160117985404,4.804080058992701,0.1117714846841993,0.4364298071305344,1.0,8.916819123568786,1.4127235760666812,7.582690057986983,0.0885308309541116,0.0934098380095461,514.6401581199607,53.56282074823168,6.265370279217532,2.0533177384168875,0.4772665701788502,0.0,0.0044541242927678,False,True,,,,,5.0,31.0,1.0,8.731158102395135,False,0.0,n30_a6.0,False,False
(471878) 2013 AF91,32,33,1,10,3,17.26,1.138108054621406,1.138108054621406,0.105576747981078,0.3121976617874113,1.0,10.579649679156653,1.8883084766253615,9.492259828132944,0.1800564538787704,0.5301894765502082,1540.7487824851996,1353.7807559034743,7.18799129845235,9.64326420339906,0.5998388235372399,0.0,0.0178065923842009,False,False,,,,,5.0,61.0,1.0,10.400744007247331,False,0.05,n30_a6.0,False,False
(739337) 2017 OT66,31,31,0,4,1,16.51,3.180655626167479,1.5903278130837395,0.0383502490720904,0.3738636992091785,1.0,7.828196866070254,1.3988265692208568,6.931389498839617,0.2119559696632531,0.2982379669152231,341.90993849246297,107.4966858026206,11.252154625722476,7.737618465599651,4250.231450593146,0.0,0.00084128386242,False,True,,,,,5.0,19.0,1.0,2.5576186303987933,False,0.0,n30_a6.0,False,False
(79450) 1997 WP6,56,56,0,9,3,15.24,2.8016258849106777,1.4008129424553388,0.1527586050725382,0.3518384369436514,1.0,15.708655187498698,2.402452819936817,13.25400477834035,0.1109827559465297,0.007046478040969,1821.0155528321047,649.9852684257173,6.817233786111138,5.807532884597997,4.101188552835271,0.0,0.0545184309533435,False,True,,,,,5.0,17.0,1.0,11.572759421846818,False,0.0909090909090909,n30_a6.0,True,False
(738939) 2017 DL59,34,34,0,9,3,15.89,43.20244705549518,43.20244705549518,0.0247418873532253,0.4737950801635999,1.0,11.000339033598625,1.8378271124206096,9.794243540720249,0.1134909819150912,0.0156448534334021,1839.4060840841264,42.576432805330214,6.477610388668928,2.09108345031667,0.9964353474885448,0.0,0.0160174223432516,False,False,,,,,5.0,57.0,1.0,15.309319352948322,False,0.05,n30_a6.0,False,False
(204078) 2003 WX16,44,44,0,2,1,16.24,2.472917405577485,1.2364587027887426,0.1024169254175337,0.2785933736120706,1.0,9.308789394653418,1.616585533251359,8.181623593367053,0.0752606722771674,0.4209846610292847,510.2994387106737,206.3552294790479,6.760431408316018,2.848407325302182,,0.0,0.0084744687747226,False,True,,,,,5.0,13.0,1.0,2.82268360047035,False,0.0499082253793014,n30_a6.0,False,False
(382587) 2002 CL229,33,34,1,8,3,17.38,5.260361603887516,2.630180801943758,0.0409850728746386,0.3163122967589696,1.0,12.622208921145246,2.0319813570184153,11.285521024551096,0.0877572695894792,0.4832663573995059,1778.1573715051054,338.0294940543651,9.10499225259946,6.085130708861471,1.7844885232770036,0.0,0.0407931425133397,False,True,,,,,5.0,54.0,1.0,13.449445038675377,False,0.0909090909090909,n30_a6.0,False,False
(735997) 2015 PG4,31,33,2,4,2,16.38,1.29685850580592,1.29685850580592,0.0507604366960405,0.2722825575458824,1.0,9.814600426078613,1.65781952102394,8.716572182343358,0.150270836178471,0.830524759967848,689.0262866807752,531.3041350278892,12.260999605815346,3.932228357062339,4.222128817177174,0.0,0.0039744227384653,False,False,,,,,5.0,29.0,1.0,9.592577897786963,False,0.0,n30_a6.0,False,False
(385118) 2012 XW52,30,30,0,6,2,16.34,2.415740501150041,1.2078702505750205,0.0497367078404435,0.5856976397297692,1.0,11.81052446874934,2.178437269163912,10.627675431429283,0.0885166553064237,0.0021744448331246,851.2915166253224,352.393610249137,8.342474059701846,3.77757297299408,1.8736770527035176,0.0,0.0603086705291113,False,True,,,,,5.0,50.0,0.9666666666666668,13.763846247868344,False,0.0909090909090909,n30_a6.0,True,False
(477682) 2010 RL16,54,54,0,5,1,15.93,1.551501512030591,1.551501512030591,0.082246273830564,0.2608912961617278,1.0,10.024716142811402,1.6244317193278508,9.003170516995029,0.1486452670377394,0.1775432234292721,548.7385085251881,353.6822260695087,6.405148612962231,4.265277016610036,6.783992596411458,0.0,0.0117169672274738,False,False,,,,,5.0,13.0,1.0,4.381266418590851,False,0.05,n30_a6.0,False,False
(546508) 2010 VJ212,54,54,0,13,3,15.98,6.284726236491865,3.1423631182459326,0.1088899536142841,0.2875767556202814,1.0,9.943463809764744,2.039792626031776,9.329705295778078,0.0994769975371642,0.1152802975974643,10913.720677522186,1736.5467113193183,6.937896037342656,9.103428310949162,9.73141566528327,0.0,0.0071321634747332,False,True,,,,,5.0,69.0,1.0,9.560814260976064,False,0.04,n30_a6.0,False,False
(145687) 1072 T-3,50,50,0,9,3,15.74,2.5594762955027797,2.5594762955027797,0.061715156683307,0.2844320414258554,1.0,11.185333513510992,1.8758652793733444,9.635671039912474,0.0819702780159782,0.1045759202789644,1805.138088482665,705.2763456549483,6.037480314955481,5.12209107480032,27.79527148942064,0.0,0.0114544698737219,False,False,4.384,0.064,,,5.0,33.0,1.0,8.312697066451149,False,0.05,n30_a6.0,False,False
(374382) 2005 UA434,31,32,1,8,3,15.42,2.5390105485591343,2.5390105485591343,0.1109916472810551,0.366785457055506,1.0,9.153104138115824,2.376235593289205,9.984679098807446,0.2295256415670966,0.3933005040645451,9649.58504541067,3800.529718510513,18.854070578166937,18.653036169371756,12.941567832801658,0.0,0.0208690011435064,False,False,,,,,5.0,83.0,1.0,15.298282576914882,False,0.05,n30_a15.0,False,False
(488515) 2001 FE90,32,32,0,4,3,20.71,6.82752914570198,6.82752914570198,0.8086321624263062,0.9143665530973528,1.0,2.861347542631515,1.1399084942905051,3.517482506959762,0.2920172064927135,5.28143576819311e-13,704.8875526117045,103.24196902995872,16.949265095109606,7.6444191076146675,1311816.69734492,0.0,0.0040354727714424,False,False,,,,,5.0,1.0,0.0,6.866965530744327,False,0.0,n30_a15.0,True,False
2015 MS192,42,42,0,2,2,18.4,30.035551961636543,15.017775980818271,0.9445818614895573,0.9629600487496252,1.0,48.32485454121776,1.005723182034235,38.93684625931324,0.6281806660172262,4.6661420204181237e-26,821.0692919925204,27.33658076406407,36.92943858376263,6357.371935968407,,0.0,0.0487508454974464,False,True,,,,,5.0,1.0,0.0,3.8629538816243496,False,0.0909090909090909,n30_a15.0,True,False
(9579) Passchendaele,62,68,6,2,2,14.55,14.891163743479616,7.445581871739808,0.5211060295729879,0.8005383114476606,1.0,15.71398971895369,1.1594474656593825,12.759538687364197,0.100739648813476,2.063335279217178e-20,631.2127086248947,42.388406943767805,37.05832533446883,52.0241957761956,,0.0,0.1437734416003581,False,True,8.659,0.049,,6.251,5.0,3.0,0.5294117647058824,5.710974393713872,False,0.1162790697674418,n30_a15.0,True,False
(592590) 2015 BD74,31,34,3,1,1,17.91,240.0,240.0,0.1168681678106503,0.5909303889533982,1.0,8.384894130928648,1.101612067086982,7.113865509390835,0.7284717769362032,0.000318673569506,65.16677353531122,0.2715282230637967,45.325337608753784,1491634.729686095,,0.0,0.0066958593497206,False,False,,,,,5.0,1.0,0.0,0.6508572439397566,False,0.04,n30_a15.0,False,False
(408945) 2002 CQ300,41,42,1,2,1,17.92,13.552331331683982,6.776165665841991,0.6162262085351875,0.6134419605887811,1.0,10.142347340010494,1.0072734626559905,7.272820228088953,0.370055176146593,6.745183030475237e-07,201.91478070651647,14.898896416032873,22.770124551685413,272.35027809716235,,0.0,0.0186364629020203,False,True,,,,,5.0,1.0,0.0238095238095238,3.151797721567986,False,0.05,n30_a15.0,True,False
(638999) 2016 LE38,30,30,0,1,1,17.8,11.851498421046363,11.851498421046363,0.7942844783797796,0.7931453730078575,1.0,8.075748245549375,1.0012027665607586,9.828307629179982,0.5640108184315251,3.31435037324603e-07,5.167125096952077,0.4359891815684749,16.762567091349382,5652.568375462939,,0.0,0.0102611569526813,False,False,,,,,5.0,1.0,0.0,1.0737690717219834,False,0.05,n30_a15.0,False,False
(851257) 2007 UQ153,38,38,0,3,2,18.69,8.28613002781912,4.14306501390956,0.3013720348694071,0.7862717861082763,1.0,7.323897403419041,1.2586026491497413,6.857478639352925,0.1005770193431133,9.881676509321002e-10,954.2086642899668,115.15733654750662,26.966153495706475,9.651444815759117,6.595346193848428,0.0,0.1208441476341687,False,True,,,,,5.0,1.0,0.0263157894736842,12.027107455012494,False,0.1162790697674418,n30_a15.0,True,False
(797751) 2011 UZ367,35,35,0,1,1,17.87,19.583339196782596,9.791669598391298,0.7900887871804804,0.7906082747375995,1.0,25.92746718559747,1.0013292652870478,17.05030986888741,0.6170188510838569,4.063812991135354e-09,7.500049745198339,0.3829811489161431,28.800543563948064,1686.45939930778,,0.0,0.0888909029354175,False,True,,,,,5.0,1.0,0.0,0.0999757727100816,False,0.1162790697674418,n30_a15.0,False,False
(433399) 2013 TQ19,35,38,3,4,1,18.07,5.379017418754236,5.379017418754236,0.0992484297168031,0.708930043590503,1.0,1.880332601578429,1.0291093987452449,0.8451581074844059,0.1633759724966121,7.46634856216333e-08,452.7178816231317,84.16367644482916,39.199687679113374,19.65550406271696,2.7473340291456765,0.0,0.0396913672045743,False,False,,,,,5.0,1.0,0.2631578947368421,9.003126332112474,False,0.0909090909090909,n30_a15.0,True,False
(601975) 2013 YW151,57,58,1,1,1,17.65,240.0,240.0,0.0048068499037409,0.4345809156426884,1.0,235.46316286838737,1.5626053624231977,214.1935159893956,0.8229162448231364,3.310371091207551e-05,42.50010124244727,0.1770837551768636,35.69523548034996,1998476.573698297,,0.0,0.0561131233622333,False,False,,,,,5.0,1.0,0.0,1.3209251279559542,False,0.0909090909090909,n30_a15.0,False,False
(360873) 2005 ST24,36,37,1,9,3,16.03,1.2751352021560238,1.2751352021560238,0.160070748979634,0.3810768810385805,1.0,8.944738823111978,1.8798828507886616,8.054686539872371,0.170656900250806,0.0828604528026104,1318.9670628418098,1034.3742848693018,24.15650012945692,19.869482998337435,15.636385225698316,0.0,0.032519608387931,False,False,,,,,5.0,73.0,1.0,9.6356502414474,False,0.0588235294117647,n30_a15.0,False,False
2014 OG211,44,44,0,3,1,19.9,21.743541728551712,10.871770864275856,0.694812192048083,0.8304625223029659,1.0,7.198968425505525,1.1784393250123253,6.7568482457538,0.214341270913589,9.351746895393065e-14,405.87130781571614,18.666292404551623,44.60666111783689,29.842017184586854,1462.586525225436,0.0,0.0036305478149746,False,True,,,,,5.0,1.0,0.0,3.957727710106738,False,0.0,n30_a15.0,True,False
(384484) 2010 CZ56,35,35,0,6,2,16.66,12.088824208830632,6.044412104415316,0.0677961028574437,0.8511183720335633,1.0,13.572233571433888,1.1189967021545149,10.990355383927168,0.163072135369276,5.944059513993763e-11,10103.495441235078,835.7715578207091,29.27889235947974,7.450482407056014,4.556979525665725,0.0,0.0568969876841248,False,True,2.086,0.123,,,5.0,1.0,0.3428571428571428,11.471889462952166,False,0.0909090909090909,n30_a15.0,True,False
(204343) 2004 RU319,31,31,0,2,1,16.55,5.101245845786162,5.101245845786162,0.3013238994219532,0.3246886007787112,1.0,9.299099935685256,1.5831331662245902,8.268597838379051,0.152749002993162,0.5629885449391752,216.6720996000222,42.474349629513,30.912642203308152,6.150604547801448,,0.0,0.0069046209636142,False,False,,,,,5.0,31.0,1.0,3.299875699136326,False,0.04,n30_a15.0,False,False
2020 RJ107,31,31,0,3,2,18.63,23.593125137773058,23.593125137773058,0.5293154201349669,0.8113275880957932,1.0,10.45812264789688,1.178989742528722,8.063695539760396,0.1965492277481743,2.6904242190972424e-08,1603.8680585797993,67.98031414719091,31.402791126739917,9.737282009415145,2.0525568509256154,0.0,0.0256762241680192,False,False,,,,,5.0,1.0,0.064516129032258,10.67949730746899,False,0.0588235294117647,n30_a15.0,True,False
(525587) 2005 JG153,43,43,0,2,2,18.52,9.093387377221278,9.093387377221278,0.1582974246492931,0.660305431785739,1.0,20.002734625928305,1.231867119481747,18.75158793936293,0.2278789569524339,1.5354041536215696e-07,848.0730755885015,93.26261385420626,60.9467750255654,11.282876401636692,,0.0,0.2980646818995676,False,False,,,,,5.0,1.0,0.0232558139534883,10.690445925320802,False,0.25,n30_a60.0,True,False
2017 AF56,55,58,3,1,1,18.09,24.036140838903304,24.036140838903304,0.9739910756158928,0.952881609697688,1.0,124.31993351149954,1.0058052895264276,109.69209207930388,0.4036177574153952,1.2857246007958825e-33,14.334727576584555,0.5963822425846047,168.7066114846234,43.81655452923934,,0.0,0.1356893255077422,False,False,,,,,5.0,1.0,0.0,0.2055357980001204,False,0.1162790697674418,n30_a60.0,False,False
(816777) 2011 UK46,54,68,14,6,3,17.3,16.705924327686382,16.705924327686382,0.9737174516594286,0.9608100168499496,1.0,9.510874571612888,1.0073268251128882,6.236948283224653,0.4367585820136976,5.711961057342823e-44,698.8460685444879,41.832229982408386,114.36112112806886,413.83175746637386,,0.0,0.0241042100892947,False,False,,,,,5.0,1.0,0.1176470588235294,2.630631342815388,False,0.0512533242047572,n30_a60.0,True,False
(278173) 2007 DK82,33,33,0,3,2,17.55,60.801424786647274,30.400712393323637,0.8685955167648538,0.9452994076966728,1.0,4.398154641206443,1.054997322006524,3.707739113164565,0.3727162219340839,7.574417605129899e-17,1489.834384871414,24.503280804672844,281.51514140146634,1153.8607485115765,921712086.3514785,0.0,0.013073697561535,False,True,,,,,5.0,1.0,0.0909090909090909,18.74085979058181,False,0.05,n30_a60.0,True,False
2016 TX217,95,95,0,1,1,18.41,43.62568765750208,87.25137531500417,0.940912124636081,0.938586759558062,1.0,75.2917475998207,1.0006831657632471,73.86093776010986,0.4956605859253202,1.04952981815366e-52,22.002153751789592,0.5043394140746799,222.81650325341343,531.8489666357691,,0.0,0.1830112544821609,False,False,,,,,5.0,1.0,0.0,0.1274499379976639,False,0.25,n30_a60.0,False,False
(323256) 2003 SG268,53,55,2,3,2,17.87,58.73918813610934,29.36959406805467,0.9802443953257982,0.9591156730177898,1.0,31.08316132520251,1.0527275026351015,25.27245319568377,0.442899042441746,9.027436933569897e-34,1917.4298337165965,32.64311092066108,79.67851679746904,1539.1426066356069,,0.0,0.0247991317869417,False,True,,,,,5.0,1.0,0.0909090909090909,17.446147095473506,False,0.0588235294117647,n30_a60.0,True,False
(446021) 2013 CC57,50,58,8,5,3,16.78,50.73727658696478,50.73727658696478,0.2693771942915781,0.4067080671963283,1.0,22.03882821951733,2.11039224027742,18.877321706699316,0.4040831502788825,0.0002306253157236,1416.7242367822328,27.922748954684963,99.29218625252432,216.0739218996232,3.0941369538891736,0.0,0.1073390256654574,False,False,,,,,5.0,1.0,0.0689655172413793,3.8717993173531777,False,0.1162790697674418,n30_a60.0,False,False
2020 RE84,88,91,3,3,1,17.7,26.36226818442971,26.36226818442971,0.903461549246323,0.9627362810368024,1.0,36.08131472209936,1.031212608939446,36.00181661891845,0.2845243809098045,2.0965664012984535e-60,180.184112851799,6.83492450616297,116.21689804538023,166.47782564897147,,0.0,0.2841628309272582,False,False,,,,,5.0,1.0,0.0,0.1954974838219847,False,0.25,n30_a60.0,True,False
(556230) 2014 NP24,42,63,21,4,3,16.02,139.90501760543134,139.90501760543134,0.2508339477536045,0.17548970306609,1.0,9.200040836439303,2.0336424639276447,9.465763341550351,0.172138012689949,0.3546445857582999,1749.421501122939,12.504351388288049,4806.8038367634235,338.8878557044475,4288.122972956072,0.0,0.0141622543893955,False,False,,,,,5.0,1.0,0.0952380952380952,9.163788814948386,False,0.05,n30_a60.0,False,False
(696867) 2016 SM51,54,54,0,6,3,17.04,133.38155309835116,66.69077654917558,0.4215170992715294,0.7695884185625423,1.0,37.63649998051259,1.9657202557486495,32.83852608917754,0.3757322173209017,4.7695009626615117e-14,1214.5841330745025,9.10608779745508,350.6741748274431,1158.1705949326806,1203829.4909586364,0.0,0.0412751848092212,False,True,,,,,5.0,1.0,0.1481481481481481,8.21988786207696,False,0.0909090909090909,n30_a60.0,True,False
(323734) 2005 LS23,97,109,12,3,2,18.01,41.629659973114215,41.629659973114215,0.2139852365069533,0.5912956848010309,1.0,43.99462018743251,1.8043201509904103,63.755673464503,0.1461753489922314,3.7860754788732097e-19,1125.085976202332,27.026066917888567,226.3433002729361,87.41133729847402,2460.7534007918757,0.0,0.7087145399575069,True,False,,,,,5.0,1.0,0.2752293577981651,12.104553909050203,True,0.6363636363636364,n30_a60.0,True,False
(761113) 2009 JG5,40,40,0,2,2,18.61,11.432502644241692,11.432502644241692,0.8228001309628351,0.6856698750706013,1.0,7.873409052183405,1.6058186247967283,11.23923632950406,0.5446298262041808,1.3511999259654744e-07,493.8780687471153,43.19947120203564,63.56762587642466,1539.3049577777915,,0.0,0.0109523648994013,False,False,,,,,5.0,1.0,0.0,1.6017258233038874,False,0.05,n30_a60.0,True,False
2015 DT309,37,37,0,3,3,18.43,25.530834825402103,12.765417412701051,0.8399476730366645,0.9343171554484924,1.0,16.62053184533214,1.0313231236442844,15.783760833152757,0.3790149539153371,3.071293292495721e-18,10151.595692325269,397.6209850460847,84.86231048880568,36.25972390560476,2208.999803436656,0.0,0.0097252114809896,False,True,,,,,5.0,1.0,0.054054054054054,8.975682770953568,False,0.05,n30_a60.0,True,False
(398022) 2009 DN23,62,71,9,5,2,16.9,32.027308121729256,32.027308121729256,0.940186627596846,0.9294205003917602,1.0,104.30910055842224,1.044269103486738,88.13667351874227,0.1673597558971906,1.3804401975864447e-36,1460.0151569807203,45.58657104217129,167.49838162464349,10.201764201520133,0.191299258109051,0.0,0.6048467609892619,True,False,,,,,5.0,1.0,0.1971830985915492,18.300201153500836,True,0.5689655172413793,n30_a60.0,True,False
2012 DF134,77,140,63,2,1,18.89,63.890865841242416,31.945432920621208,0.823456458161909,0.9735328403008288,1.0,61.26902179245205,1.008218742288757,53.282360242687865,0.2918806303782824,2.042323753486043e-105,285.9150217852439,4.47505317106975,87.3132611146608,4988.984791492302,,0.0,0.1370304347154181,False,True,,,,,5.0,1.0,0.45,4.4210138758989785,False,0.1162790697674418,n30_a60.0,True,False
(784422) 2015 BQ293,56,58,2,4,2,17.21,22.005634612949763,11.00281730647488,0.9492441600530556,0.9827471655410756,1.0,79.49839247520943,1.0046273575831473,62.31673850942637,0.3489965372718687,3.5765831310154496e-46,10290.9571085801,467.65100346272817,68.30244649507716,42.23338759490285,,0.0,0.073410322777723,False,True,,,,,5.0,1.0,0.0517241379310344,0.2438629333950168,False,0.0909090909090909,n30_a60.0,True,False
(879886) 2014 MP74,36,37,1,1,1,17.53,23.59406329376973,11.797031646884864,0.9450275642433272,0.8804054424134067,1.0,7.251593340255284,1.0104855337118774,6.175681665482538,0.4065723832443739,1.6124199300369168e-13,14.001368750003166,0.593427616755626,98.54872856629392,204.2302023683154,,0.0,0.0332887161055109,False,True,,,,,5.0,1.0,0.0,0.0715100203059044,False,0.0588235294117647,n30_a60.0,True,False
2019 SR126,46,46,0,1,1,19.31,28.84995934299428,28.84995934299428,0.900675848918718,0.7716014069923387,1.0,75.33261768541209,1.0145193940137045,68.0230401691929,0.2835787238534721,1.6294306007634435e-11,20.66872468928341,0.7164212761465278,67.54029141576153,12.351715664162606,,0.0,0.2954739687856413,False,False,,,,,5.0,2.0,1.0,0.2173198568672898,False,0.25,n30_a60.0,False,False
(572633) 2008 SL72,134,135,1,9,2,17.34,3.1755382407617967,1.5877691203808983,0.0302633400175867,0.0945394959705327,1.0,10.167419942530124,1.627346647789678,8.941238088658723,0.0353242882839194,0.6490659951776279,1169.2595306330477,368.20829792701466,1.4265177568634948,1.26199969732498,1.4307044264262614,0.0,0.148816009422042,False,True,,,,,5.0,11.0,1.0,20.496397908995267,False,0.125,n100_a0.0,False,False
(205663) 2001 XD169,120,122,2,4,2,17.1,11.24890341862455,5.624451709312275,0.0371800954475954,0.104124021693237,1.0,7.828417854960469,1.681866821353261,7.309705580719661,0.0513725341444175,0.703274483791196,822.6507098190486,73.13163596524483,1.3531759203529257,1.173742193698755,1.142059611540906,0.0,0.0806093447014081,False,True,,,,,5.0,4.0,1.0,13.257458187933056,False,0.1162790697674418,n100_a0.0,False,False
(75605) 2000 AA32,113,119,6,4,2,15.61,3.6110393390899063,1.8055196695449531,0.0060141800725299,0.0702588861271562,1.0,8.063035037596677,1.455171102190899,6.926032571513663,0.0409024555273757,0.9999139567544804,1200.088261096913,332.3387391839858,1.0476007340913782,1.5028862508116465,2.464397209638523,0.0,0.4556463938915879,True,True,,,,,5.0,9.0,1.0,11.332979944223236,True,0.5151515151515151,n100_a0.0,True,False
(59886) 1999 RY126,145,151,6,11,3,15.5,3.6655876142122414,1.8327938071061207,0.0081843121158336,0.1042999910246356,1.0,14.400173864426362,2.0112063204463375,12.76727244099522,0.0328976033339228,0.2758183538045244,1863.589545730851,508.4013102033978,1.2393806168577175,0.9594228585400532,1.5850615262108336,1.0,0.7066035360982784,True,True,,,,,5.0,9.0,1.0,11.55433352195903,True,0.6363636363636364,n100_a0.0,True,False
(437214) 2012 WE17,126,130,4,2,1,17.24,2.3213166267856433,1.1606583133928217,0.0438253142215372,0.0499086645016578,1.0,9.572213603734122,1.5751723875244392,8.689895575019753,0.0569107889781185,0.9999999977168844,203.166808255075,87.52223023379739,1.4515718642004771,1.497465351519267,,0.0,0.3254563916483981,False,True,,,,,5.0,6.0,1.0,2.2151382668989688,False,0.375,n100_a0.0,False,False
(203144) 2000 UO61,133,134,1,7,2,16.61,2.126740267356499,1.0633701336782495,0.0645460951251617,0.1039554306448604,1.0,9.924171188867255,1.6545261759681495,8.975710843503641,0.0496881137663419,0.5196186791659091,1199.6307897095105,564.0701914205209,1.278092399722692,1.8209903946065409,2.3163263820420172,0.0,0.0066242709596968,False,True,,,,,5.0,16.0,1.0,15.305451150561408,False,0.04,n100_a0.0,False,False
(136073) 2002 YH6,113,114,1,2,1,14.88,44.303583125916305,22.151791562958152,0.0169391015620836,0.1042734558957756,1.0,8.402379002689417,1.3338242496330617,7.217803712835156,0.0394283422699545,0.7926736167856904,366.8282292931108,8.27987723364359,1.0668350295950235,1.8515210585914192,,0.0,0.0178568769188715,False,True,7.463,0.046,,,5.0,6.0,1.0,1.8533937221570984,False,0.05,n100_a0.0,False,False
(37898) 1998 FG65,133,134,1,5,2,15.13,2.4523710421674587,1.2261855210837294,0.0380835030012953,0.1069645738633676,1.0,11.28652203240021,1.8265476296398324,10.474401554984476,0.0413975577120609,0.3237890198199301,1172.8855784447514,478.2659549788721,1.47307658382933,1.164797462226964,0.8777114544273098,0.0,0.0753633482694221,False,True,4.294,0.105,,,5.0,11.0,1.0,11.903544258284622,False,0.1162790697674418,n100_a0.0,False,False
(415401) 2013 ON9,116,121,5,9,3,14.94,18.925404713972284,9.462702356986142,0.0176492627764256,0.1249208091577438,1.0,13.496802317145812,2.1075205569115205,12.065062945891704,0.0680227519981343,0.2574931976365415,1891.2738049204345,99.93307057386949,1.479181951367124,1.3394517431773818,2.4762272726889125,1.0,0.1562410905642254,False,True,6.39,,,,5.0,16.0,1.0,14.349103738749244,False,0.125,n100_a0.0,False,False
(641812) 2004 RU340,145,146,1,10,3,16.88,3.71851704165673,1.859258520828365,0.0246304964221042,0.1123731329455489,1.0,10.681489766880889,1.8241977536527216,9.507595077127576,0.0265789180441875,0.1661520743626455,1825.730576125032,490.9835172656906,1.426952781164891,1.107072442351523,10.50071617954351,0.0,0.2901931654506154,False,True,,,,,5.0,11.0,1.0,19.849797115041355,False,0.25,n100_a0.0,False,False
(25211) 1998 SU147,123,123,0,3,1,14.35,4.912686499461898,2.456343249730949,0.0760295833304628,0.1124029883569425,1.0,9.310261493719764,1.4089506075090292,8.015454136250286,0.0300715017661011,0.5178976526936926,501.63228100159904,102.10956491047097,1.4055235036714813,1.1517006225739348,0.8049739209750663,0.0,0.1037274116435123,False,True,,,,,5.0,7.0,1.0,1.695313950366927,False,0.1162790697674418,n100_a0.0,False,False
2010 HK113,124,126,2,12,3,17.15,2.572973223310163,1.2864866116550815,0.2851742729009615,0.2788046894166066,1.0,3.731303774139529,1.3031857632981825,3.1709780900900286,0.0454930845272861,3.459632375761335e-06,1792.238522985368,696.5632237243534,1.132614091059784,4.947914080539066,46.5735933775956,1.0,0.197605739374694,False,True,,,,,5.0,14.0,1.0,21.188729992189614,False,0.25,n100_a0.0,False,False
(152471) 2005 WE1,113,116,3,10,3,15.65,8.29303752050548,4.14651876025274,0.0604152172079052,0.0364879650828684,1.0,8.966240069331256,1.8499858807244631,8.58853660315042,0.034846299428411,1.0,10887.663349698649,1312.867971811011,1.2477598313962244,1.4188848290800724,2.404529173106811,0.0,0.1002052682318191,False,True,,,,,5.0,28.0,1.0,12.882223924788594,False,0.1162790697674418,n100_a0.0,False,False
(165079) 2000 GG17,122,123,1,6,1,15.52,5.3564060039158505,2.6782030019579253,0.01925910183426,0.1074474983812119,1.0,9.599602944429328,1.4470247701236498,8.544622311702206,0.0563215676234124,0.5976741775316029,646.6586182965548,120.7262141487798,1.2999460172629982,1.3904631691985998,7.120917503543109,0.0,0.2223032018182758,False,True,2.923,0.172,,,5.0,11.0,1.0,3.4906923269742944,False,0.25,n100_a0.0,False,False
(30825) 1990 TG1,103,107,4,9,2,14.73,2.5695085106015845,1.2847542553007922,0.0397350343931507,0.0753948942263939,1.0,6.324245494076412,1.4677302267069132,6.102259956626036,0.0501190362425449,0.9997791958464236,1183.1483788916375,460.4570773009947,1.1024941094083294,0.9299387515160816,2.6388836548202628,0.0,0.0217523495533291,False,True,,,,,5.0,24.0,1.0,12.485471485691155,False,0.05,n100_a0.0,False,False
(86145) 1999 RU191,199,200,1,5,2,14.65,2.371828275227022,1.185914137613511,0.0540789878315717,0.073954434756381,1.0,10.699489661838491,1.5187971728908785,9.361347448710418,0.0240198668941195,0.5085457400393943,1142.7685677477275,481.80915106020745,1.2538336557721,0.8504310175992195,4.7867426236626205,0.0,0.1267059224848656,False,True,5.959,0.086,,,5.0,5.0,1.0,12.573495793555193,False,0.1162790697674418,n100_a0.0,False,False
(854601) 2010 RD78,123,126,3,8,2,18.22,13.573057753624532,6.786528876812266,0.0140358262496255,0.0543880433540046,1.0,6.605504183759205,1.4405018138587309,5.488603609046924,0.0340262443696985,0.9999999394813476,1184.6226952242432,87.27751084002446,1.2709084124712835,0.8704376806766932,1.9316996445505876,0.0,0.0533711806277095,False,True,,,,,5.0,10.0,1.0,25.74513530154232,False,0.0909090909090909,n100_a0.0,False,False
(572613) 2008 SO7,123,124,1,5,1,16.55,3.2111126278658477,1.605556313932924,0.0581416793942529,0.1050369144436089,1.0,10.86565491140164,1.4900131253535234,9.430498536693165,0.0522663041681837,0.7409159075781933,484.5866232257103,150.90925775087922,2.663989370326512,1.5678872497985643,2.259640468147966,0.0,0.0768964533029455,False,True,,,,,5.0,9.0,1.0,8.461355162497837,False,0.1162790697674418,n100_a1.5,False,False
(822473) 2015 SD60,144,144,0,9,1,16.45,74.98003867765215,37.49001933882607,0.0012464020411929,0.1686992946271145,1.0,15.908489360654128,2.383887996520322,15.13030325901376,0.0589166748494691,0.0029951159772688,542.2354588449234,7.2317308500740625,1.856168240166472,1.848179778586582,3.0830954440217697,1.0,0.0148145744519043,False,True,,,,,5.0,10.0,1.0,2.448040340672449,False,0.05,n100_a1.5,True,False
(210324) 2007 TH245,104,106,2,8,3,16.05,5.8546243993323674,2.9273121996661837,0.0398398534794286,0.1078949621230542,1.0,8.372500768254973,1.4042262317768477,7.193453150784995,0.0401276517194908,0.7741877868931192,1812.0061353076017,309.49998013779225,1.6268630322816064,1.1528206776973142,1.1070061762706258,0.0,0.0422771100038408,False,True,,,,,5.0,16.0,1.0,18.099099179382577,False,0.0909090909090909,n100_a1.5,False,False
(315281) 2007 TG112,125,126,1,6,1,17.04,2.4550188591221582,1.2275094295610791,0.0905793968187759,0.1121101966841125,1.0,9.556510407419356,1.610764526826598,8.634299055391926,0.0333878472025392,0.5109047950046611,539.8255961601972,219.886537390276,2.2506761250821645,1.44108760177962,1.2418086402736324,0.0,0.0709584967377914,False,True,,,,,5.0,8.0,1.0,7.709268517900147,False,0.0909090909090909,n100_a1.5,False,False
(178259) 2007 VV202,147,148,1,8,3,16.03,4.630374669565359,2.3151873347826797,0.0322264752840256,0.1343056165848345,1.0,14.71037115130176,1.9661462454883307,12.969229406986678,0.0519202320977616,0.0215832876789525,1825.720960096456,394.2922744668158,2.222162521968656,1.5881459669389064,1.6767200245618643,0.0,0.617875922105457,True,True,,,,,5.0,14.0,1.0,15.95552058827693,True,0.6363636363636364,n100_a1.5,True,False
(154841) 2004 RC36,155,158,3,4,1,15.34,59.97292345017405,29.986461725087025,0.0428209491033956,0.0757491794823024,1.0,10.72314140716251,1.5834727044466193,10.03391465359582,0.0222323476029848,0.9388093515274684,455.5603555783164,7.59610052954646,1.8290686050852616,1.098311841433898,1.144126493081493,0.0,0.0128288338617321,False,True,,,,,5.0,4.0,1.0,3.2655524778235416,False,0.05,n100_a1.5,False,False
(351589) 2005 UT485,168,173,5,4,2,15.51,3.64646634636241,1.823233173181205,0.0170172441208464,0.0772763963588505,1.0,11.427480401845052,1.5528960899572954,9.938037522590289,0.0278295322096607,0.7017195620303044,740.131796704838,202.97233716229636,1.569304643941773,0.9859274771752278,1.3284527143569604,1.0,0.0628222368059015,False,True,,,,,5.0,10.0,1.0,9.67457669832363,False,0.0909090909090909,n100_a1.5,False,False
(69978) 1998 WL10,130,131,1,6,1,14.4,1.9555737217350293,0.9777868608675148,0.0073077856909732,0.0944201171011066,1.0,9.664644554709652,1.6450737766337715,8.73146900910027,0.0424303189758092,0.7833826898410782,604.7571860362077,309.247961002285,1.9516930155360364,1.3639145912020356,1.501493540295053,0.0,0.1091738184038117,False,True,3.502,0.301,,,5.0,13.0,1.0,0.7107166078266687,False,0.1162790697674418,n100_a1.5,False,False
(75706) 2000 AJ117,100,101,1,2,1,15.59,2.5669450773806544,1.2834725386903272,0.0585017520227761,0.144356000605044,1.0,10.894479204741844,1.389574734048332,9.270222417765558,0.0467217424396414,0.279825097469762,140.8292442681268,54.86258568953523,1.8000325383471747,1.6069740853078511,,0.0,0.4100666736171138,False,True,,,,,5.0,5.0,1.0,3.4061655240219793,False,0.5151515151515151,n100_a1.5,False,False
(219455) 2000 WY153,126,127,1,4,2,14.91,3.735913930967047,1.8679569654835235,0.005062297138556,0.1449687478781541,1.0,14.28392586175238,2.1284780564220815,12.514559937529487,0.0517678240320184,0.0721450830636038,10738.42129419814,2874.375987408918,2.5504322542780073,1.4339531505784715,2.214243292739753,0.0,0.2155851095691675,False,True,,,,,5.0,5.0,1.0,1.0611768311012266,False,0.25,n100_a1.5,False,False
(182092) 2000 JE41,145,145,0,8,2,16.2,12.062535018755494,6.031267509377747,0.047252250515888,0.1124194605301111,1.0,11.39075071274027,1.8082931856238675,10.209063887232276,0.0340825321102699,0.1917581522851589,848.6145123535534,70.35125792663655,2.26579539090784,1.3986485512347229,1.2148671056361278,0.0,0.0535542504420893,False,True,,,,,5.0,13.0,1.0,15.7903644860986,False,0.0909090909090909,n100_a1.5,False,False
(679932) 2021 RY22,117,118,1,6,2,16.89,2.319308140239033,1.1596540701195166,0.017896621365,0.1368488544534589,1.0,11.499958846246969,1.6777646388105665,10.223535028464513,0.0509641869700832,0.1371254061776796,1157.977164143056,499.27698008411784,2.0191974302969355,1.586117661238338,1.1566789970598157,1.0,0.0205733655458951,False,True,,,,,5.0,13.0,1.0,17.68632346458528,False,0.05,n100_a1.5,False,False
(186783) 2004 DT48,101,102,1,5,2,16.82,44.93164242158902,22.46582121079451,0.0652470965355117,0.1378011163329964,1.0,10.310433884506663,1.5117209648916856,9.335294452156273,0.0905191487591513,0.3395095730272378,1227.0847297260188,27.31003505753046,2.581487197025758,2.397548771169491,2.154531542244526,0.0,0.0055831207146724,False,True,,,,,5.0,7.0,1.0,14.84359249734911,False,0.04,n100_a1.5,False,False
(123882) 2001 DS39,155,164,9,7,3,15.26,125.72483224458622,125.72483224458622,0.0273768614998385,0.1079687465963941,1.0,15.428996036568956,2.1954793337347924,14.10658796418219,0.0382772267777716,0.1056934510764789,1847.8650604967845,14.697693586116154,2.2663148682277123,1.8858968990193088,6.304573603797994,1.0,0.0883558772550954,False,False,,,,,5.0,9.0,1.0,14.76884830814449,False,0.1162790697674418,n100_a1.5,False,False
(101517) 1998 XT42,126,127,1,11,2,15.77,6.741500083522164,3.370750041761082,0.0123132549566386,0.1217053016884578,1.0,9.581270701439252,1.6421421400197374,8.519804706412682,0.0385700287793896,0.2595567620073259,1094.990749016928,162.42538536687806,1.9773869465781184,1.1017233377131694,4.7243384933811035,0.0,0.0092003287232338,False,True,,,,,5.0,20.0,1.0,1.1257026197160052,False,0.05,n100_a1.5,False,False
(389079) 2008 WL122,111,112,1,8,2,16.59,3.6433829060073424,1.8216914530036712,0.0949382780466125,0.1488820878989059,1.0,12.963490042125269,2.1017740790589134,11.606904013680069,0.0461220766519533,0.0374204267657769,10541.383808893268,2893.2956213611947,1.8496969647436856,1.6991676187354663,1.8641358935326,0.0,0.502217194581142,True,True,,,,,5.0,11.0,1.0,21.960182860402096,True,0.5689655172413793,n100_a1.5,True,False
(120869) 1998 RZ15,153,156,3,7,2,16.42,5.0083346102295385,2.5041673051147693,0.0079726690217,0.0965235212580046,1.0,11.70031645639508,1.9101718689757157,10.402125561615888,0.0324734933836912,0.2417505396877111,1254.9034542521113,250.56302182545215,2.1245329894665788,1.1662506826131045,1.3274401599099483,1.0,0.2325976073456919,False,True,,,,,5.0,11.0,1.0,18.54071215201116,False,0.25,n100_a1.5,False,False
(330840) 2009 OW4,100,104,4,11,3,16.11,3.074205024046949,1.5371025120234745,0.0866289094163411,0.1143847648072623,1.0,13.70831231066837,1.9660562994015265,12.249325180760746,0.0379156727215613,0.737451563379598,1482.693231732992,482.3013494985259,3.897932739750321,2.3290329958122076,2.831352129816444,0.0,0.0452024564673891,False,True,,,,,5.0,27.0,1.0,14.86111593263215,False,0.0909090909090909,n100_a3.0,False,False
(45400) 2000 AW140,107,112,5,8,2,14.34,64.81051787435855,64.81051787435855,0.0405413936805657,0.1142269974734159,1.0,12.765836763010126,1.8734556691051472,11.331990246177613,0.0599822854159857,0.6355193801227921,1152.1303371741087,17.776903733551777,3.0677426013695985,1.9374923919031597,1.8599135163758975,0.0,0.0045181469419599,False,False,6.903,0.102,,,5.0,20.0,1.0,1.4078485754804009,False,0.0,n100_a3.0,False,False
(166052) 2002 CW32,179,187,8,8,3,16.84,131.3324727779052,65.6662363889526,0.030649579745886,0.0946574748219436,1.0,16.164792313598632,2.356985702011055,14.39251688929752,0.0431446160491349,0.1220441560135675,1482.998531990801,11.291940984760734,3.5400162248029967,1.4914587027935615,2.579379616059579,0.0,0.0205979154289056,False,True,2.38,0.059,,,5.0,11.0,1.0,19.72616401137502,False,0.05,n100_a3.0,False,False
(17700) Oleksiygolubov,136,136,0,1,1,14.14,3.829434182626464,1.914717091313232,0.0411254579838884,0.204972279974326,1.0,12.902028408552267,1.0735511548085652,10.945373685333552,0.0403642848588237,0.0003239558775825,23.167494808731135,6.049848020325923,5.3677596534455505,2.485654524083772,,5.0,0.4916157438625483,True,True,3.446,0.41,,3.8382,5.0,1.0,0.0,0.4796565228391483,True,0.5689655172413793,n100_a3.0,True,False
(97289) 1999 XR165,193,193,0,3,1,16.26,49.97540122694416,24.98770061347208,0.0795472542849572,0.1221182697850658,1.0,9.892613860960903,1.242767188894234,7.554139790783134,0.272978942668854,0.0059477858320324,169.8326630180818,3.3983251529457816,4.399107237106949,7.247702709040762,19029.39529741934,0.0,0.0022648360480652,False,True,,,,,5.0,1.0,0.0673575129533678,0.6844466899499668,False,0.0,n100_a3.0,True,False
(460341) 2014 RC16,181,189,8,9,3,16.42,114.62001233752542,57.31000616876271,0.0598605981828201,0.1193449635177272,1.0,18.91026984958981,2.878154294691177,17.287154251040405,0.0286058068659126,0.0045234905838968,10804.15141866356,94.26060247531828,3.57494503215847,2.240146214016655,2.7193064009258148,2.0,0.259591779934639,False,True,,,,,5.0,10.0,1.0,17.7876151660501,False,0.25,n100_a3.0,True,False
(61654) 2000 QB113,176,181,5,3,2,14.81,51.77252880040564,25.88626440020282,0.038748548834182,0.1146257037163249,1.0,24.001917982285025,2.02620083264819,21.83758773738343,0.0338362348123029,0.0436697969138611,9966.766767488793,192.5107194572791,5.240102557365368,2.323757077062437,1.420474438335515,1.0,0.4323537262671352,False,True,,,,,5.0,4.0,1.0,17.85766028566137,False,0.5151515151515151,n100_a3.0,False,False
(24744) 1992 OD5,170,175,5,9,3,15.76,26.45032415258507,13.225162076292534,0.0598405930025606,0.0921126909922418,1.0,14.638995429322724,2.225035387311745,13.238865041859658,0.0416952979102233,0.3124801157541624,1542.8640542696812,58.33062934765178,3.4563580710939266,2.0053856378593906,3.606476684865535,0.0,0.3044154090433098,False,True,2.12,0.272,,26.4381,5.0,7.0,1.0,10.371553106612303,False,0.25,n100_a3.0,False,False
(441999) 2010 OQ12,190,193,3,6,2,15.79,13.712523498303756,6.856261749151878,0.0323337388876475,0.1452557303322511,1.0,20.22310036976659,3.4295410410335223,18.861044204339507,0.0382378165567149,0.0004240173034037,1216.3317920780391,88.70225762810907,3.682697808911552,2.0458082186440754,3.4507413058397542,0.0,0.6926605174309257,True,True,3.587,0.079,,,5.0,5.0,1.0,14.079871295648,True,0.6363636363636364,n100_a3.0,True,False
(515315) 2012 XQ6,166,168,2,14,3,16.77,66.97214501200746,33.48607250600373,0.0312236583399303,0.1262208610938184,1.0,15.30560975601868,2.4140394268777556,13.957701170870967,0.1160759517297809,0.0132527539535149,1807.3483068878995,26.98656742387241,3.249504699930687,1.982246829772122,1.9840812107171,0.0,0.2565874490494301,False,True,,,,,5.0,8.0,1.0,16.74855867335343,False,0.25,n100_a3.0,False,False
(353887) 2012 XD14,137,138,1,9,3,17.19,8.643031790949424,4.321515895474712,0.1839568768293373,0.7632023289412544,1.0,19.32385008837633,1.092857533122679,13.510347206344074,0.0436768149464634,2.8757936570303955e-39,1479.6523864492192,171.195990277236,4.321550456401322,7.046369272363994,106.96039099107064,0.0,0.354356334846833,False,True,,,,,5.0,13.0,0.7536231884057971,22.664196896091937,False,0.5151515151515151,n100_a3.0,True,False
(847542) 1999 VA46,109,109,0,4,1,17.63,27.177748275698686,13.588874137849343,0.0408623681919806,0.3728514137793141,1.0,33.94705190870524,4.397374959939988,33.04316574453516,0.0959285614057462,2.9210106535525803e-08,115.663102219929,4.255801512568668,4.338943410756314,3.092316985539965,1.1593646342642974,0.0,0.9526753787928196,True,True,,,,,5.0,4.0,0.9908256880733946,4.198928866306273,True,0.9381761978361668,n100_a3.0,True,True
(45623) 2000 DT93,113,116,3,5,2,14.3,17.55638264005415,8.778191320027075,0.0644276099132937,0.1480464828833451,1.0,12.658514386555291,1.977370446899796,11.252483521708577,0.0349326615560229,0.119442528408846,1193.7819466897636,67.99703396565305,3.0983735320378845,1.8262276067105152,1.0828461869095214,0.0,0.0844121015054382,False,True,8.827,0.047,,,5.0,7.0,1.0,6.939303143892332,False,0.1162790697674418,n100_a3.0,False,False
(114345) 2002 XN72,165,168,3,3,1,12.02,229.62991134000924,114.81495567000462,0.1243630475175103,0.1272501212518364,1.0,18.05870692147524,2.2142764199220126,16.560235351005314,0.1366392433050903,0.0150553504474413,616.1663939472637,2.683301972080267,4.448891543029671,2.2685463197043143,7799.937564271081,0.0,0.0034051326611187,False,True,,,,,5.0,5.0,1.0,1.7051495497705678,False,0.0,n100_a3.0,False,False
(38834) 2000 SP1,156,162,6,5,1,14.25,169.97569529915364,169.97569529915364,0.0263716944425136,0.0860561616354584,1.0,17.481017893644374,2.438870746994023,15.682641335895292,0.0411822462923703,0.4885884317426117,480.00640646513784,2.8239708366560095,3.143430440321212,2.838275319397048,7.913594959791918,0.0,0.0174624662942625,False,False,8.179,0.055,,,5.0,5.0,1.0,4.39360728932611,False,0.05,n100_a3.0,False,False
(131182) 2001 CC43,103,103,0,1,1,15.11,167.32588329432394,167.32588329432394,0.291306001700884,0.2230356352259745,1.0,26.329686064377945,1.2104922190288423,23.071205983300764,0.4143191312848174,0.0030893508678321,97.9995686863549,0.5856808687151825,5.797581969586248,11.2992942338493,,0.0,0.0307194843699407,False,False,2.747,0.338,,,5.0,4.0,1.0,0.1505810780100294,False,0.0588235294117647,n100_a3.0,False,False
(591649) 2014 AX21,100,105,5,11,2,16.55,2.345786794751152,2.345786794751152,0.024689917962383,0.1552923338934924,1.0,12.334137070209366,2.0733795361778213,11.10010015969311,0.0447640331953788,0.1110988133362013,1200.2097338094609,511.6448504591325,4.115488901443578,2.6545752575150807,2.7388439142782697,0.0,0.4247428429282767,False,False,,,,,5.0,15.0,1.0,17.608872543578165,False,0.5151515151515151,n100_a3.0,False,False
(129771) 1999 HQ1,196,196,0,8,2,16.09,30.100520705964964,15.050260352982482,0.0711510295337619,0.5045671393619512,1.0,34.21760478306241,1.0504362281879511,24.813346995553218,0.0292621679644822,1.036838370769516e-26,1200.058032966277,39.868347949491245,6.630415485924721,10.14984425140725,127.41013771846715,0.0,0.1266250027370514,False,True,1.968,0.218,,,5.0,12.0,0.7295918367346939,12.919152646782331,False,0.1162790697674418,n100_a6.0,True,False
(130620) 2000 SJ38,100,101,1,2,1,16.96,240.0,240.0,0.028960838554304,0.2439902375130764,1.0,25.11607453914944,2.5100581891118776,21.85642157295992,0.3385601886031508,0.0008927263599151,158.7455547352438,0.6614398113968492,7.695389961905319,33.17546776660809,,0.0,0.0146608744160972,False,False,,,,,5.0,6.0,1.0,3.902779719717328,False,0.05,n100_a6.0,False,False
(220984) 2005 NT15,101,118,17,6,3,16.62,231.07948476496017,115.53974238248009,0.8670326202257849,0.7407322713499331,1.0,23.907504711808556,1.1554437833545337,23.95115774815463,0.1314073083730687,1.7730741564334551e-31,1783.9466927380415,7.720056562150303,8.5349152368517,7.267126542310276,870.7172589058198,0.0,0.0307701877085521,False,True,,,,,5.0,1.0,0.3983050847457627,16.48097513673401,False,0.0588235294117647,n100_a6.0,True,False
(65604) 3235 T-3,104,104,0,10,2,16.07,2.4852968786355265,2.4852968786355265,0.0168894326620338,0.1800669764815575,1.0,16.601172876325126,2.496088571990354,15.033450926826267,0.1242136416040795,0.0414104897195058,9684.807078242884,3896.841122481923,10.16792890202685,6.406305415792857,4.031826719644154,0.0,0.3720893720893959,False,False,,,,,5.0,15.0,1.0,19.89355643992864,False,0.5151515151515151,n100_a6.0,False,False
(203343) 2001 UG83,105,105,0,5,2,16.68,202.7932582409941,101.39662912049708,0.2825242100460128,0.2830280477308256,1.0,25.210105270804537,3.0724980818185528,23.679943430624203,0.0793761946306023,4.117520322514117e-05,1122.0324117334094,5.532888131813612,10.880949072841082,9.649998442199216,5.227596145365986,0.0,0.0171814311982931,False,True,,,,,5.0,13.0,1.0,16.345389235473814,False,0.05,n100_a6.0,True,False
(10610) 1996 XR1,140,142,2,2,1,12.36,240.0,240.0,0.0346455261103354,0.2275119624633359,1.0,47.70018841712945,3.75109836786454,45.1026676367152,0.061269098798948,2.6844532426335997e-05,611.808803398395,2.549203347493312,8.00626822861679,2.9749550410520893,,1.0,0.0444895197045187,False,False,23.153,0.048,,,5.0,5.0,1.0,1.028891271980262,False,0.0909090909090909,n100_a6.0,True,False
(91221) 1999 AM15,183,184,1,4,1,16.53,195.97669780955945,195.97669780955945,0.1230309189539238,0.1430067235842048,1.0,23.644826352913903,2.9411036748928683,21.358017749335875,0.0799390197048869,0.0017803175445437,539.1643785557826,2.751165748693838,6.918862327461152,3.6819704493386207,11.942865852844497,0.0,0.0110171977500818,False,False,1.929,0.143,,,5.0,6.0,1.0,5.416131163773853,False,0.05,n100_a6.0,True,False
(452185) 2015 RA91,100,100,0,7,3,16.12,172.7630164635858,172.7630164635858,0.2268994285031533,0.3030953183529072,1.0,30.938472332753573,1.7755817890484338,28.16547891469491,0.0424491371273738,2.3765787094003025e-05,1804.790106213768,10.44662302822302,6.240538955197531,3.440974189162063,1.8590860020749709,0.0,0.0562995026659084,False,False,,,,,5.0,12.0,1.0,15.96194561618342,False,0.0909090909090909,n100_a6.0,True,False
(238190) 2003 SU293,101,101,0,1,1,15.71,23.83099302043785,11.915496510218926,0.4025242953117163,0.5723435942107841,1.0,55.0234201246591,1.0436890702851742,41.830373252490105,0.1537527254063864,1.9201804492568803e-15,20.16691289440496,0.8462472745936136,14.77661444672629,4.7576101250781635,,0.0,0.2610144439032671,False,True,,,,,5.0,1.0,0.0,0.0936319967280798,False,0.25,n100_a6.0,True,False
(35379) 1997 WS20,191,192,1,2,1,15.98,190.68176897940413,190.68176897940413,0.0368263440440559,0.0969570491876615,1.0,13.340411959733594,2.10260228799397,12.148711149405674,0.043414501994992,0.0959382838686172,590.4336109415162,3.09643451548475,7.642192079111124,2.571214413208402,,0.0,0.0103535003709142,False,False,,,,,5.0,3.0,1.0,8.865721438527206,False,0.05,n100_a6.0,False,False
(62383) 2000 SS156,131,134,3,3,1,14.6,240.0,240.0,0.0149726494275849,0.167497694505297,1.0,32.144376967723026,2.5185737162247777,29.71844020428642,0.0563360258063767,0.0087512482284777,453.53647611971246,1.8897353171654685,13.955463410691838,3.511091980894308,111004335.9520138,1.0,0.0031762754967155,False,False,4.291,0.126,,44.4885,5.0,9.0,1.0,3.924938352900101,False,0.0,n100_a6.0,True,False
(318126) 2004 NL9,168,168,0,2,1,16.46,164.77577619675617,82.38788809837808,0.2837132884697168,0.1310173040492211,1.0,16.268257695892693,2.0385813326756432,15.15055872244126,0.1466184571554297,0.0080078193698511,244.61979925842024,1.484561656479916,8.023691962505314,3.1029028612096106,,0.0,0.0438684087029609,False,True,,,,,5.0,3.0,0.9940476190476192,4.5794223124156765,False,0.0909090909090909,n100_a6.0,True,False
(102630) 1999 VM30,120,126,6,1,1,16.15,174.2770789342861,174.2770789342861,0.1390793988239678,0.1654059627501148,1.0,38.73980384705751,2.0224097423142307,35.09220070051724,0.0627254642657679,0.0093857806542736,466.87042095093057,2.6788974419692413,6.489528722776392,8.047842803843826,,0.0,0.031553835406714,False,False,,,,,5.0,5.0,1.0,7.537561504467316,False,0.0588235294117647,n100_a6.0,True,False
(109925) 2001 SP31,130,133,3,1,1,15.83,130.94756243219535,65.47378121609768,0.2928288441389947,0.264871104158828,1.0,27.791690555216892,1.6062307558296645,23.12420641785759,0.2764345976411396,3.904675141597699e-06,94.7491256991634,0.7235654023588604,7.151766973421755,14.187034080440553,,0.0,0.1465268056349042,False,True,,,,,5.0,2.0,0.9924812030075189,1.6535999100699348,False,0.125,n100_a6.0,False,False
(115724) 2003 UW179,174,188,14,9,3,15.16,133.98890977814943,66.99445488907472,0.0224058908863189,0.0275917363099455,1.0,3.564371079949869,1.7116118413347363,6.8092848144472615,0.0473327283567612,1.0,1485.368076078943,11.085753877230015,6.510842467403125,4.191521744743802,4.676801359054505,1.0,0.009310701744549,False,True,4.962,0.072,,,5.0,5.0,1.0,11.624515903151943,False,0.05,n100_a6.0,False,False
(23461) 1989 TM4,171,171,0,1,1,14.15,3.779316691551049,1.8896583457755245,0.0268668555972596,0.5528305255185155,1.0,75.83517767021002,1.1245613805567336,70.4867286047428,0.0142801980425914,1.8791454401118135e-26,38.49951181362849,10.18689751501828,9.797094449963812,3.272363854640094,,6.0,0.7036173634679275,True,True,5.153,0.201,,,5.0,1.0,0.0,0.3833345792297429,True,0.6363636363636364,n100_a6.0,True,False
(231863) 2000 SJ261,123,126,3,7,3,17.16,42.22595063953371,21.112975319766853,0.4339353591335889,0.5132906762364385,1.0,54.90251814445789,1.2084597245701303,50.64744358745451,0.1232619980010882,8.330039508388774e-17,1755.0733771569212,41.563857073089736,31.41771675099403,6.879517011757707,7.223716408994976,0.0,0.4558056307824116,True,True,,,,,5.0,1.0,0.1825396825396825,16.28523877332023,True,0.5151515151515151,n100_a15.0,True,False
(40348) 1999 NO10,106,106,0,2,2,14.57,126.74541202189306,126.74541202189306,0.6214109112155273,0.6062785365931911,1.0,13.611122498191444,2.574559060207739,15.88455112874683,0.1052059992210671,3.572857599120587e-18,1009.8255291025852,7.967353713191256,17.77801494831718,5.894252499310795,,0.0,0.0526919155735638,False,False,4.17,0.212,,,5.0,2.0,0.9150943396226416,8.656329614425132,False,0.0909090909090909,n100_a15.0,True,False
(923) Herluga,115,126,11,1,1,11.55,21.778791453609376,10.889395726804688,0.2113637767888206,0.4736281060388194,1.0,44.03635578245321,1.0783278248896435,31.934765335981577,0.2423053763364845,1.6115313044356484e-14,26.836043354007415,1.2322099420057535,20.350294554064007,9.083021468117533,,0.0,0.2443020958027516,False,True,34.553,0.037,,30.61,5.0,1.0,0.0,0.0524085707359169,False,0.25,n100_a15.0,True,False
(116880) 2004 FB116,137,137,0,1,1,14.57,42.99705065198445,21.498525325992222,0.5008855600756184,0.263895780361159,1.0,18.85824464758402,1.117389991917959,18.697080273007828,0.20537070676204,2.1127474662233776e-06,34.16671597090317,0.7946292932379599,16.033800403295828,8.167958335162854,,0.0,0.1997548747192324,False,True,8.754,0.046,,,5.0,1.0,0.0,0.0400223561405566,False,0.25,n100_a15.0,False,False
(8088) Australia,145,145,0,1,1,14.25,2.772207467905205,1.3861037339526026,0.0310732411646035,0.7062519330791773,1.0,81.00980264610756,1.0643739166700188,69.51464380813484,0.0099787277230916,7.845137235287481e-35,24.16675818397198,8.717514278335518,18.7386573062387,6.009983439488004,,7.0,0.7818031232942617,True,True,4.07,0.268,,2.76999,5.0,1.0,0.0,0.4052439666889371,True,0.8253968253968254,n100_a15.0,True,True
(551728) 2013 JC4,116,144,28,3,2,18.51,129.6548476944583,64.82742384722916,0.6833075589560739,0.3142262179941313,1.0,27.18749055114042,1.7158355801397265,31.215455442698065,0.336445333130962,2.221830423888283e-09,951.7511857689824,7.340652530107149,59.52485685366776,12.896196772497555,,0.0,0.0279527117303213,False,True,,,,,5.0,1.0,0.0069444444444444,4.581213755706363,False,0.0588235294117647,n100_a15.0,True,False
(4343) Tetsuya,102,106,4,2,1,12.76,8.761557823395073,4.380778911697536,0.0177677191061351,0.803135959045063,1.0,105.94829720934467,1.0489677761734202,84.34602883932314,0.019021872829539,1.816811789849093e-33,16.332784880592953,1.8641416526386696,51.199007315626126,14.14960318899952,,1.0,0.383442923941695,False,True,18.271,0.058,Ch,7.392,5.0,1.0,0.0,0.3053208879493665,False,0.5151515151515151,n100_a15.0,True,True
(4170) Semmelweis,150,150,0,2,1,11.71,5.3019285224431645,2.6509642612215822,0.039160758128411,0.8924237673623342,1.0,117.69916719398007,1.0712107797040091,94.07471480021952,0.0136438998250559,7.111229413229699e-68,21.666831377951898,4.086594394140883,48.8562292429593,18.940460128183386,,4.0,0.9053501242076296,True,True,16.82,0.172,,5.3,5.0,1.0,0.0,0.0127305627686862,True,0.8862275449101796,n100_a15.0,True,True
(25302) Niim,105,105,0,1,1,12.38,240.0,240.0,0.0248191908182941,0.2840443311797215,1.0,15.031250572560424,1.0205256661046624,11.891887169822615,0.9277759327793318,4.780119342094768e-05,17.333776132960338,0.072224067220668,22.664845425590705,1899067698.6444535,,0.0,0.0236511706765494,False,False,12.118,0.191,,2.984,5.0,1.0,0.0,0.2420425492281559,False,0.05,n100_a15.0,False,False
(259557) 2003 UF153,118,118,0,1,1,16.95,240.0,240.0,0.0282366821428138,0.1647006122182274,1.0,22.715563063735992,2.7044655693812105,21.412782359805945,0.4979218207270605,0.0286925443392621,120.49876302550548,0.5020781792729394,26.77782469263032,41.06227474382887,,0.0,0.0246792285092859,False,False,,,,,5.0,4.0,1.0,0.7099920755088882,False,0.0588235294117647,n100_a15.0,False,False
(40425) 1999 RQ25,162,162,0,1,1,15.93,211.1418821638452,105.5709410819226,0.2424087019640126,0.2298647362593674,1.0,31.210907731440862,1.7567875928402428,32.83474205958031,0.5778068832799773,1.8778371031645072e-06,158.99905361921992,0.7530436500316755,20.42054951923097,282.9051063533471,,0.0,0.0128386520609086,False,True,3.487,0.092,,,5.0,1.0,0.0,2.88051974391537,False,0.05,n100_a15.0,False,False
(160707) 2000 QP10,194,200,6,1,1,16.64,21.493148101988083,10.746574050994042,0.1050099369471641,0.3968893666550156,1.0,44.00150417904625,1.2690236228838434,37.82840725598269,0.0144433230218039,6.777017639266451e-19,114.17108596803156,5.311975957466691,24.606876473931035,6.27334883273261,,0.0,0.8439087168023753,True,True,,,,,5.0,1.0,0.0,2.899830168428025,True,0.8333333333333334,n100_a15.0,True,False
(728599) 2010 OZ72,127,130,3,7,3,16.5,25.766144734921433,12.883072367460716,0.0583140359032454,0.3840924979277675,1.0,51.907015164015334,1.2919949943626516,45.189542664307986,0.3140847357649089,4.0982714578075856e-11,1631.8392174007022,63.33268846344071,28.06488013985401,6.674763276057544,31.96902065219269,0.0,0.1602902945820706,False,True,,,,,5.0,1.0,0.0769230769230769,14.24658380753372,False,0.1339003849385442,n100_a15.0,True,False
2020 HG96,152,152,0,1,1,18.7,62.08627553276976,31.04313776638488,0.9446121132304436,0.9477471072726856,1.0,239.42055226812585,1.0238754370696856,222.4913941564849,0.5140959989750234,3.9207096589133554e-92,30.16796969011193,0.4859040010249765,175.31059391164592,155.60387554428408,,0.0,0.0791068714432239,False,True,,,,,5.0,1.0,0.0,2.7020398927269387,False,0.1162790697674418,n100_a60.0,True,False
(163961) 2003 UD68,138,286,148,9,3,16.43,123.67905799957532,123.67905799957532,0.3878124768336075,0.0880751293707457,1.0,211.4232276632545,6.305785508439771,204.70040863588417,0.2425879473636031,0.0010753022888442,1584.623634721327,12.81238441132668,118.34011862924076,71.82812341064017,31999.479733180106,0.0,0.4697105070679787,True,False,,,,,5.0,1.0,0.0734265734265734,12.449180559678071,True,0.5436015657272318,n100_a60.0,True,False
(402505) 2006 DZ55,127,143,16,6,3,16.38,34.889206405427586,34.889206405427586,0.1683145567455085,0.1984558439342436,1.0,193.00959076760876,1.0918728681816727,175.95284649655923,0.1687134020623685,1.8965759073872352e-06,1828.5117652342888,52.40909592457322,144.5501238527637,225.45846914866175,46.25641786707586,0.0,0.754976783812516,True,False,,,,,5.0,1.0,0.0419580419580419,10.389229944548273,True,0.7142857142857143,n100_a60.0,True,False
2017 TB56,154,159,5,2,2,19.55,53.543592488182526,26.771796244091263,0.7122474489793285,0.6773406589075697,1.0,36.34960235171415,1.0434115792688707,46.85591589276576,0.2534928074813338,6.454452003571971e-36,172.62662912422093,3.224038976509111,73.88529000607338,66.21814372123718,,0.0,0.1020152173878475,False,True,,,,,5.0,1.0,0.0440251572327044,5.258534088363298,False,0.1162790697674418,n100_a60.0,True,False
(625703) 2006 KY146,136,137,1,4,2,18.07,36.8639688027485,36.8639688027485,0.8607560964590594,0.8792545167868082,1.0,177.8113515347106,1.103148262238867,155.3184010416197,0.2803305717806391,7.79061476391119e-59,572.5404532200191,15.53116693114529,79.33363407781901,8.374444272725848,9.020059642626611,0.0,0.3734583466799775,False,False,,,,,5.0,1.0,0.0072992700729927,7.591400345126397,False,0.5151515151515151,n100_a60.0,True,False
(709594) 2013 CE156,128,128,0,1,1,17.44,80.51069670729602,40.25534835364801,0.9901613626444092,0.989601436570931,1.0,207.8171947327893,1.0133830059532647,160.55030923717803,0.6128487641724369,3.395563068068668e-120,31.16981572756777,0.387151235827563,107.8131039853334,12490.49397118309,,0.0,0.0636958368765653,False,True,,,,,5.0,1.0,0.0,0.3096974617292787,False,0.0909090909090909,n100_a60.0,False,False
(887725) 2006 WY23,134,141,7,4,2,18.91,40.14769462172869,20.073847310864345,0.7177913881752512,0.4452929036436595,1.0,10.901333205618783,1.2904494015019072,9.439685374078476,0.0758390792817469,2.186909615242701e-15,1184.9703081045882,29.515276512620975,88.90059740935644,24.748123914502113,64.66625894784082,0.0,0.0977282247948748,False,True,,,,,5.0,1.0,0.0851063829787234,20.188395073323345,False,0.1162790697674418,n100_a60.0,True,False
(76788) 2000 LX13,173,173,0,1,1,13.96,111.16643244473192,55.58321622236596,0.8032167416158091,0.8017733369601157,1.0,184.2590877925946,1.0128810021461965,173.58537740020128,0.7331323548334745,1.4734931325604924e-56,29.666724048089236,0.2668676451665254,140.35389153257697,4207.825166343282,,0.0,0.0652046359585689,False,True,5.313,0.227,,121.264,5.0,1.0,0.0,0.2496128267463881,False,0.0909090909090909,n100_a60.0,False,False
(348137) 2004 BF137,198,203,5,8,3,17.16,39.00644271947452,19.50322135973726,0.341507033455225,0.5036214702618917,1.0,60.092812325111936,1.129571546960013,65.35037926528358,0.0811905619657517,4.900535143168762e-28,1371.298834289017,35.155700922308824,60.37121563482933,16.073914485734765,26.865345570486195,0.0,0.4169740553196687,False,True,,,,,5.0,1.0,0.083743842364532,14.231421226792952,False,0.5151515151515151,n100_a60.0,True,False
(802775) 2015 FS436,121,139,18,1,1,18.29,76.14917017995258,38.07458508997629,0.9604066523935224,0.6065841447293818,1.0,115.45412925801702,1.3694369852348836,84.76024561924733,0.2626612018384029,6.584205439553571e-25,65.6713554119342,0.862404084729254,553.2817235268909,263.06285887640456,,0.0,0.740610495781223,False,True,,,,,5.0,1.0,0.0,1.1611293254817436,False,0.7142857142857143,n100_a60.0,True,False
(422619) 2014 UW10,172,173,1,7,3,15.9,48.61016093174517,48.61016093174517,0.81820393559771,0.8481913191511815,1.0,183.01975774180585,1.018364673162914,167.9861140276924,0.1275865938948857,6.661717228084234e-67,1860.725228247873,38.27852433692962,62.23160927050655,23.99993049904869,11.413339679551992,0.0,0.5997688326361131,True,False,4.231,0.033,,,5.0,1.0,0.0982658959537572,6.74500477217676,True,0.5689655172413793,n100_a60.0,True,False
2020 NE8,111,111,0,1,1,18.96,90.73755205627116,45.36877602813558,0.9605900181867716,0.913728698382511,1.0,106.826054912017,1.176028811189301,107.0437274487214,0.5363808339942361,2.605102478364652e-54,82.83874570426997,0.91294887096907,73.14890375186764,407.12355213560494,,0.0,0.0361904066106789,False,True,,,,,5.0,1.0,0.0,1.6286975545258162,False,0.0909090909090909,n100_a60.0,True,False
(688984) 2013 BN101,104,104,0,1,1,17.44,76.42434955763682,38.21217477881841,0.9673913254180588,0.9657095668689382,1.0,181.656289254334,1.005714446242662,185.59438694359727,0.668518028024326,1.1402628853667492e-70,25.333294098323677,0.331481971975674,69.49956731418996,7550.075438229816,,0.0,0.0521172326276202,False,True,,,,,5.0,1.0,0.0,0.6905221399051504,False,0.0909090909090909,n100_a60.0,False,False
(20167) 1996 VX4,126,129,3,2,1,14.7,85.7008181177709,42.85040905888545,0.7331818213690807,0.6953899866755424,1.0,84.48084800867188,1.0107815673712457,65.85033798517959,0.461302902554051,5.2952906448783455e-30,46.16678196878638,0.5386970974459491,73.28491729602842,537.5089754661687,,0.0,0.0284939773663286,False,True,3.211,0.326,,,5.0,1.0,0.0,1.3284091825477942,False,0.0588235294117647,n100_a60.0,True,False
(608420) 2003 TU61,120,130,10,3,2,17.25,27.80021881671783,13.900109408358915,0.2025728942465365,0.6214416221515827,1.0,58.34625717782937,1.3092695903401537,45.192671145284486,0.3177728705715614,3.539277526784874e-25,1339.1065031173057,48.16891953066304,99.13633261898993,339.0069179546128,14.29988468825836,0.0,0.5455375182798055,True,True,,,,,5.0,1.0,0.0153846153846153,13.364724902074904,True,0.5689655172413793,n100_a60.0,True,False
(49630) 1999 GB21,153,153,0,1,1,12.64,83.5855269196242,41.7927634598121,0.8423845589355956,0.8373386594960824,1.0,171.0165973728748,1.0156846719304211,210.6997067983773,0.6949218363934206,5.209023085563523e-56,25.50011905672727,0.3050781636065796,171.9731735550977,4103.010071150994,,0.0,0.0915795201357885,False,True,22.037,0.061,,78.94,5.0,1.0,0.0,0.3502636879804846,False,0.1162790697674418,n100_a60.0,False,False
(228986) 2003 VP11,209,210,1,7,1,15.04,0.9879949593775956,0.9879949593775956,0.7770427930323194,1.334667587710859,1.0,21.9483520294178,1.3899563881164785,18.207478389543876,0.0306543708463239,,618.4094823393971,625.9237220491234,1.3164090267400568,7.958436571660829,1928.1374229422756,1.0,0.2275488069469412,False,False,5.899,0.088,,,5.0,9.0,0.719047619047619,4.588703527273631,False,0.25,n200_a0.0,True,False
(13179) Johncochrane,233,247,14,7,3,13.86,2.0906917729273493,1.0453458864636749,0.0543786436936544,0.0772630889262286,1.0,14.721075895376988,2.135818013235191,13.588096690055515,0.0205609960865384,0.0990067191794971,1829.1865488099863,874.9192838927147,1.3700578878407228,1.4308094558600757,4.457726034875892,0.0,0.8166776829288387,True,True,10.486,0.053,,,5.0,6.0,1.0,8.511994263031534,True,0.8253968253968254,n200_a0.0,True,False
(191187) 2002 OH11,314,319,5,5,1,14.82,4.458031866099996,2.229015933049998,0.0304016767115142,0.0553178399305825,1.0,14.88706162711814,2.1046438762994812,13.41081603091409,0.017912065696514,0.2590284303381018,592.2437905833358,132.84871180192937,1.4445209641683634,1.242625310108019,2.212773993568297,1.0,0.643257860497826,True,True,,,,,5.0,5.0,1.0,4.712849723677293,True,0.6363636363636364,n200_a0.0,True,False
(161471) 2004 FE12,397,398,1,6,1,15.28,3.393746770634885,1.6968733853174425,0.0108275791196775,0.0359063307839923,1.0,9.810142790556611,1.509267553072606,8.446987988720092,0.0138053323844875,0.8857809076409464,576.0068360366276,169.72593271267297,1.379526373748037,0.969005301360364,7.3921606333675935,0.0,0.1427864997307351,False,True,2.542,0.3,,,5.0,4.0,1.0,4.843566279603937,False,0.1162790697674418,n200_a0.0,False,False
(416303) 2003 SF5,256,264,8,7,2,17.82,2.207103139548411,1.1035515697742055,0.0135731411910379,0.0268853624529773,1.0,9.71982958198767,1.577028283093078,8.493418890923515,0.0205790626013032,0.999999999999988,1212.4931580246775,549.3595366244471,1.2403809399079684,0.908453715192744,1.951212650032948,2.0,0.2661487557520182,False,True,,,,,5.0,5.0,1.0,22.63211891315019,False,0.25,n200_a0.0,False,False
(28724) Stott,316,321,5,9,3,14.89,2.122766264388297,1.0613831321941485,0.0127128904424452,0.041545550498012,1.0,11.068138412976827,1.7524917575693333,9.992321272624238,0.0186583401548296,0.9020058289441942,1620.4406914981082,763.3627492026587,1.4624955044358243,0.8863287596817643,3.2741567240284124,1.0,0.2713337989928744,False,True,2.43,0.57,,,5.0,5.0,1.0,13.148289643853609,False,0.25,n200_a0.0,False,False
(37958) 1998 HR57,392,393,1,5,2,15.57,5.0648622292831,2.53243111464155,0.0112982333776877,0.0431381931202889,1.0,11.877917350388456,1.6609738626958748,10.989122844245983,0.0136546553688817,0.4208488553962375,1188.837662875594,234.72260627390585,1.3997520312209704,0.7209339146940846,1.68856086064627,3.0,0.0298613957821098,False,True,2.336,0.246,,,5.0,3.0,1.0,13.042227141058229,False,0.0588235294117647,n200_a0.0,False,False
(590268) 2011 US334,324,328,4,10,3,16.97,20.26605147390052,10.13302573695026,0.0203161002107741,0.0463168921545655,1.0,10.175184245686845,1.6422275346208803,9.033301830133032,0.0130894656950732,0.6196318283724954,1684.7603303358774,83.13214503109218,1.1978008944411866,0.792231269945192,4.886777101048108,6.0,0.0333784866818771,False,True,,,,,5.0,4.0,1.0,21.090964022644364,False,0.0588235294117647,n200_a0.0,False,False
(139235) 2001 HY20,245,251,6,9,2,16.48,3.817289468063842,1.908644734031921,0.0130357359269579,0.0527708039845086,1.0,10.876405615840468,1.7116870616392357,9.759737531884031,0.0211463265361724,0.8031082949851185,1172.5470991315087,307.1674571554652,1.2711091536166372,0.9729234069759428,2.6227039620023613,0.0,0.1995580693872666,False,True,,,,,5.0,7.0,1.0,17.606225276429285,False,0.25,n200_a0.0,False,False
(713705) 2015 FS69,459,459,0,15,4,16.75,5.348695035200711,2.6743475176003555,0.0012133566553529,0.0430411980382306,1.0,13.129276234224193,2.0885283503138106,11.855473805153157,0.0118859271095913,0.0960569053434606,12398.496549172676,2318.0414040389237,1.429153035668128,0.6800634139395458,11.699496675049271,2.0,0.2618818832440798,False,True,,,,,5.0,2.0,1.0,15.641492613323804,False,0.25,n200_a0.0,False,False
(16464) 1990 EV1,292,296,4,7,1,14.46,3.77635969231855,1.888179846159275,0.002791111175404,0.0477145221347511,1.0,10.927249011537612,1.5193045941243395,9.149146832125496,0.0187008218130797,0.8055665639616775,560.7215346914018,148.48202511851798,0.936392797080841,0.7413157361633643,2.5709714950191427,0.0,0.1132279666812832,False,True,8.122,0.056,,3.82,5.0,5.0,1.0,0.502153915670366,False,0.1162790697674418,n200_a0.0,False,False
(142865) 2002 VY29,403,404,1,7,1,15.72,2.1461748293194503,1.0730874146597251,0.0179095166243313,0.0336034328450056,1.0,9.675277761739949,1.4299332882165627,8.85032263419909,0.0119234903955638,0.9422995184865074,593.8275216674083,276.69112206283324,1.1882150385294932,0.7699528041519986,1.4271936072955806,1.0,0.1480824168938182,False,True,,,,,5.0,5.0,1.0,4.651309062104968,False,0.125,n200_a0.0,False,False
(41945) 2000 XY5,467,478,11,5,2,14.36,60.04525011391496,30.02262505695748,0.0042219767496414,0.0370813428479665,1.0,14.763347782075275,1.9333854813184643,13.36011239387891,0.0119011053635936,0.3644138231519389,779.4858369860449,12.981640271416005,1.4866257226657842,0.6263196425264038,2.320502629369003,5.0,0.0051854915756404,False,True,3.788,0.339,,20.753,5.0,3.0,1.0,3.2245759782023313,False,0.04,n200_a0.0,False,False
(132581) 2002 JS117,344,344,0,2,1,15.26,2.4286657871115453,1.214332893555773,0.0031305770214655,0.0384742395410134,1.0,9.921565915571614,1.2628693306961916,7.986777729786979,0.010147410625061,0.929782059040664,196.83768634905573,81.04766303936707,1.017717175820822,0.6340688284230578,,1.0,0.3609050645487157,False,True,2.299,0.334,,,5.0,2.0,1.0,2.625343290224242,False,0.5151515151515151,n200_a0.0,False,False
(247525) 2002 QQ92,267,274,7,9,2,15.77,2.2341958989602357,1.117097949480118,0.0145673291275505,0.046046754407618,1.0,10.032756528945738,1.6642051960604003,9.018928426961612,0.0202661181186867,0.927139006865204,1199.1779362522066,536.7380437902906,0.8268954418378877,0.7560584409701164,1.3966176798302152,0.0,0.2190018131733806,False,True,2.861,0.149,,,5.0,8.0,1.0,13.388538476046014,False,0.25,n200_a0.0,False,False
(24021) Yocum,210,218,8,4,2,15.38,1.975805806839812,0.987902903419906,0.0176981493446832,0.07995226339533,1.0,18.938187893350904,2.110236807889601,16.70072994284469,0.0455174550603062,0.2326591103947649,724.5605628981139,366.71648620013264,1.2334468479923268,1.002487872982254,1.5060649522753111,0.0,0.7736325488966249,True,True,2.307,0.332,,109.409,5.0,6.0,1.0,7.576573785755453,True,0.8253968253968254,n200_a0.0,True,False
(10585) Wabi-Sabi,216,218,2,4,1,15.28,26.74349911070965,13.371749555354825,0.0718871769878085,0.057793312650147,1.0,10.297670670388648,1.4421058088017469,8.891954220332732,0.0283906484808537,0.8489191539687077,591.3191373173031,22.110761754452117,1.3655209370115853,1.0168776536740856,2.805025379698604,2.0,0.0259068290714961,False,True,1.93,0.273,,,5.0,5.0,1.0,1.6719789812798955,False,0.0588235294117647,n200_a0.0,False,False
(536345) 2015 DR28,279,281,2,9,2,17.43,2.800282461478038,1.400141230739019,0.0277949804019045,0.0522350970371886,1.0,11.255763289697022,1.7871726960984473,10.02636300418214,0.0309889855474249,0.5920324305441661,1064.5308408864655,380.1512367165231,1.181093426820328,0.8390291329775581,1.406102298374542,0.0,0.0844167842871495,False,True,,,,,5.0,6.0,1.0,18.13129685514111,False,0.1162790697674418,n200_a0.0,False,False
(224665) 2006 AV15,210,214,4,8,2,14.81,1.925105075361563,0.9625525376807816,0.0183839445487079,0.0647203289018104,1.0,12.483018467046827,1.9242819362492776,11.108024788201796,0.0326564872053374,0.609886861231618,1128.8853382099187,586.4019334102568,1.92568350701696,0.8171614712384451,1.0789933302740615,0.0,0.2306326926609528,False,True,,,,,5.0,9.0,1.0,13.812548545820272,False,0.25,n200_a1.5,False,False
(103706) 2000 CS83,297,299,2,13,4,15.02,29.979669202855327,14.989834601427663,0.0216263234784208,0.0790320799553318,1.0,17.43239577447512,2.4913485162142814,16.036338305688083,0.0293178508784276,0.0140927721767858,2638.7664072128828,88.01852980290927,1.7165584729658414,1.2088719137546298,2.188654513987552,1.0,0.5037386969788481,True,True,3.087,0.268,,,5.0,7.0,1.0,17.640776366117475,True,0.5689655172413793,n200_a1.5,True,False
(163309) 2002 JC59,368,374,6,9,2,15.46,2.1931484753981354,1.0965742376990677,0.0301355974232514,0.0566460969929349,1.0,17.160918100450182,2.3159270721741385,16.101760881668003,0.0225851146407586,0.041673894784675,9430.89223047893,4300.161314325463,2.4040470321716563,0.8250721444478787,0.8911235506951234,1.0,0.6673535989728501,True,True,2.261,0.262,,,5.0,4.0,1.0,18.01303170807837,True,0.6363636363636364,n200_a1.5,True,False
(21271) 1996 RF33,300,314,14,3,2,11.92,198.2648074991889,198.2648074991889,0.0172425550740226,0.0510718890060131,1.0,20.8993484416396,2.1689506752332695,18.397772298262687,0.0260894985609429,0.3832867683481691,1198.652873117651,6.045716777661387,1.55922521776858,0.8715845490525689,1.72122776651891,1.0,0.0060335608610195,False,False,21.115,0.091,,,5.0,2.0,1.0,7.471957056960408,False,0.04,n200_a1.5,False,False
(176350) 2001 TR53,350,353,3,5,2,15.68,2.0920221843640494,1.0460110921820247,0.0028670594303941,0.0354677574015688,1.0,9.463907315467267,1.5484701384798794,8.573734559602352,0.0301321282324897,0.893095262538751,1195.8190754403477,571.6091752649663,1.5141898586168554,0.8022465603761608,1.5487182203752468,1.0,0.154031374398761,False,True,,,,,5.0,5.0,1.0,15.89315917343189,False,0.125,n200_a1.5,False,False
(310232) 2011 TO2,234,235,1,6,1,16.09,23.628126565213968,11.814063282606984,0.0057050704805368,0.062615626964708,1.0,11.41140001616132,1.703649711004148,10.056080739114524,0.0236004114752019,0.5868245169740117,589.9107593590161,24.966463495565502,1.8353307409231323,1.4102839194206904,2.5775761611441017,0.0,0.0115130109684472,False,True,,,,,5.0,7.0,1.0,5.251572094065453,False,0.05,n200_a1.5,False,False
(51014) 2000 GS105,353,368,15,5,2,15.04,144.11415967192136,144.11415967192136,0.0198126307137074,0.0611991782341263,1.0,31.097833628390955,3.019318168899745,28.107521983796616,0.0303594238110219,0.0179210816037498,1211.0606767816937,8.403481514506945,2.7405458386942008,1.1399888718122109,2.0837625010670524,1.0,0.0705903482474304,False,False,,,,,5.0,3.0,1.0,13.227950087740712,False,0.0909090909090909,n200_a1.5,False,False
(180278) 2003 WS70,329,331,2,4,1,15.54,2.791420384438887,1.3957101922194437,0.0115804102649131,0.0592369950637496,1.0,15.866703313206736,1.8257937832114868,14.433244401084814,0.0172194991982874,0.1004731451419579,352.2492441399372,126.18996626362464,1.7229264185086413,0.8120966835513327,1.2797368351608482,1.0,0.0710938417986064,False,True,,,,,5.0,3.0,1.0,3.241270650006224,False,0.0909090909090909,n200_a1.5,False,False
(19193) 1992 DK6,254,258,4,6,2,14.06,30.676986515622836,15.338493257811418,0.0414346837129572,0.0605106588077009,1.0,12.634117731129969,1.8032665624722113,11.108485648164782,0.0358639093426713,0.5012902057004743,1239.1761239315383,40.394323715612174,2.418618491976436,1.098101367850849,1.1273894215684772,0.0,0.0407560286903981,False,True,,,,,5.0,8.0,1.0,3.99771690370277,False,0.0909090909090909,n200_a1.5,False,False
(81111) 2000 EM121,294,299,5,10,3,14.85,4.389578688308614,2.194789344154307,0.0247789925741092,0.046586036034523,1.0,11.029193002664686,1.7000626859065326,9.722588000886892,0.0205661783708066,0.8468574750363728,1716.2842265742947,390.990650457074,2.0812736729462205,1.0215794280824282,1.6891314567666953,2.0,0.2534928048201303,False,True,2.995,0.285,,,5.0,8.0,1.0,7.80774888831291,False,0.25,n200_a1.5,False,False
(86946) 2000 HG85,361,364,3,5,1,14.73,1.992797169972083,0.9963985849860416,0.0233076748319709,0.0572357211027621,1.0,16.413279785536904,1.9350791225369708,14.733393072488804,0.0317792814966263,0.0724894640421943,617.9483844171627,310.0909584420072,2.854345253084662,0.8332685266877297,1.44399983379141,0.0,0.2688707232973452,False,True,3.151,0.309,,,5.0,4.0,1.0,1.587981754365373,False,0.25,n200_a1.5,False,False
(293972) 2007 TJ53,201,204,3,6,2,17.69,6.450583176164383,3.2252915880821913,0.0268155730324986,0.095938660208393,1.0,19.465334958869704,2.793123382907898,17.588600557826904,0.0470564081501324,0.0510653308262425,893.1070143571123,138.45368549889278,2.382184261700757,1.830616292006645,2.136041897776487,0.0,0.7770529403063988,True,True,,,,,5.0,5.0,1.0,21.755951740756572,True,0.8253968253968254,n200_a1.5,True,False
(185800) 1999 VF164,425,426,1,11,3,15.18,2.9148183664588387,1.4574091832294194,0.0128716049904008,0.0500001304189111,1.0,14.215448751183866,2.0199866039702927,13.17022589901243,0.0209207018623521,0.0488178989256781,1838.394753996923,630.706453325377,1.5412964505119362,0.6854527352772481,2.6462543006098884,0.0,0.606543676332169,True,True,,,,,5.0,5.0,1.0,17.8597194968761,True,0.6363636363636364,n200_a1.5,True,False
(91193) 1998 ST76,326,332,6,6,2,14.45,63.19351903543403,31.596759517717015,0.0262281412859588,0.0511530249113951,1.0,12.140503037807497,1.898191985809432,11.05293064256264,0.0188242173185405,0.3379596760092049,860.7326569813304,13.620584359271051,2.1813529329604013,0.7467504418029662,1.841214771936594,3.0,0.0053945793172122,False,True,,,,,5.0,6.0,1.0,8.160002580980464,False,0.04,n200_a1.5,False,False
(186547) 2002 XM8,212,215,3,11,4,17.14,1.9961274712864356,0.9980637356432178,0.0625719960970895,0.0886440831709428,1.0,13.962385857599523,2.0779139971354095,12.441968593360228,0.0377087630187683,0.0562574184223105,2384.1434160816134,1194.384351889669,2.249468921848198,1.3302169356146454,0.9796174235537694,1.0,0.4163173432202138,False,True,,,,,5.0,7.0,1.0,23.341895383458997,False,0.5151515151515151,n200_a1.5,False,False
(41078) 1999 VB44,270,270,0,2,2,14.5,2.568031698117219,1.2840158490586095,0.0172324793666167,0.0418265939352,1.0,6.79881736877761,1.1762877626889905,5.3637153592015565,0.0205093485844081,0.7978140494247377,1075.2305822643684,418.6983295621646,1.6063487847938178,0.8573406933027934,,3.0,0.124277920432096,False,True,,,,,5.0,2.0,1.0,14.156988585337212,False,0.1162790697674418,n200_a1.5,False,False
(257445) 6010 P-L,204,207,3,6,2,17.55,2.1148913906085935,1.0574456953042968,0.0065500398629408,0.0758250847003036,1.0,12.98497394758832,1.8625096684182685,12.102060664328205,0.0219745619156097,0.3301507552907216,697.7224383034045,329.9093473081962,2.288395723919034,1.3970646397677116,1.6287333323171205,0.0,0.5019480530333839,True,True,,,,,5.0,6.0,1.0,15.859269602125948,True,0.5689655172413793,n200_a1.5,True,False
(144419) 2004 ER14,404,406,2,13,3,15.11,5.887723452198169,2.9438617260990845,0.0100227531241773,0.1162372183013995,1.0,39.26232843565059,5.2753437466622835,36.05445438973086,0.0146280078501538,6.143165594034376e-08,1832.5575408461737,311.25061421864035,3.2561494262083386,1.1465164781330093,1.2338640999833532,0.0,0.9882700905405942,True,True,3.76,0.15,,,5.0,6.0,1.0,16.04763414094256,True,0.9575163398692812,n200_a3.0,True,False
(16154) Dabramo,367,367,0,1,1,12.66,39.13391837147168,19.56695918573584,0.0964152968932718,0.1128418587845511,1.0,23.990288854892963,1.800871560759201,22.225798007251846,0.0085186179387458,1.5526068404023826e-06,103.17689238139428,2.6365080900411297,4.960034685576672,1.288595446451944,,1.0,0.6068130169840872,True,True,,,,,5.0,1.0,0.0,0.1735155372068604,True,0.6363636363636364,n200_a3.0,True,False
(88519) 2001 QS163,374,378,4,3,1,15.12,9.183689624846082,4.591844812423041,0.0370093947206846,0.1224464443740514,1.0,30.384889686310185,3.017085324541401,27.647406434232295,0.046278329913061,8.827670425594236e-08,573.2295746564632,62.41822165958386,3.845125356481656,1.965416264235594,1.536524197952276,0.0,0.8260390642260381,True,True,,,,,5.0,2.0,1.0,8.290066195167974,True,0.8253968253968254,n200_a3.0,True,False
(186324) 2002 DF4,202,205,3,9,1,16.39,29.96844896701693,14.984224483508465,0.0110723714348393,0.1847221090102217,1.0,28.91014897531034,3.8087100736249218,26.34030536623085,0.0522924691564561,3.104111039990635e-06,470.12003366084537,15.68716599842242,4.106813443203283,3.2111397246296702,3.1868504552298393,1.0,0.2394935879713836,False,True,,,,,5.0,6.0,1.0,4.941965175713892,False,0.25,n200_a3.0,True,False
(203298) 2001 SK152,282,289,7,7,2,17.03,86.08726939516976,43.04363469758488,0.0318240807585778,0.1082327950913549,1.0,40.82869437707323,1.881752178941684,37.06711320592104,0.0270050564951791,0.0002097611082329,1009.5721187377932,11.727310272829246,3.69493696248238,1.8138612868432664,2.1030352445856746,1.0,0.2889057553639749,False,True,,,,,5.0,5.0,1.0,19.853175574051463,False,0.25,n200_a3.0,True,False
(38594) 1999 XF193,330,334,4,6,2,12.22,163.17991143450902,163.17991143450902,0.0049035505763684,0.0522250976548213,1.0,14.36151641412614,2.0531293704433873,12.974332577668806,0.0330640539412783,0.2941714749595825,1218.8551182064111,7.469394409468038,3.647814291967867,1.2111691397022746,3.1677442537961475,1.0,0.008311980718349,False,False,,,,,5.0,3.0,1.0,7.178435761892238,False,0.04,n200_a3.0,False,False
(254613) 2005 GX182,201,203,2,6,2,16.84,7.0706497406062025,3.5353248703031013,0.0175956877941909,0.2339785322020062,1.0,32.9168205036539,4.670354505500267,30.590577842666832,0.0383372008818502,6.4537026133063646e-09,720.7046120406012,101.92905015527067,4.321052071224181,2.4708962457712813,1.4513114069629744,0.0,0.9881650316675972,True,True,,,,,5.0,5.0,1.0,14.841050123201844,True,0.9575163398692812,n200_a3.0,True,True
(176049) 2000 TM10,334,338,4,6,2,15.21,39.95599100349784,19.97799550174892,0.0170129049066001,0.0496598490102643,1.0,12.971656055615869,1.7532840018206133,11.3041584558563,0.0139636494726737,0.3393114923499175,996.470683461812,24.93920582209007,3.838181144123328,1.3443109895085996,1.1496930735996282,2.0,0.0136303006237737,False,True,3.547,0.128,,,5.0,4.0,1.0,12.842243164798354,False,0.05,n200_a3.0,False,False
(446413) 2014 JU4,347,348,1,8,2,15.88,144.3794010740109,144.3794010740109,0.0094242103203147,0.0548981124092603,1.0,13.739044059042175,1.8607812312228489,12.254001146011744,0.0124668836067406,0.1228048375668505,11705.877990369629,81.07720286475652,3.6025562524518504,1.390924756711878,2.246428281182926,0.0,0.081836428172705,False,False,,,,,5.0,5.0,1.0,5.278361125913287,False,0.1162790697674418,n200_a3.0,False,False
(33470) 1999 FQ37,386,389,3,8,3,14.0,24.93405187385721,12.467025936928604,0.0012878593975856,0.1212332843080057,1.0,34.90342559097029,4.558962738421584,32.522704581475935,0.0236338258182611,6.877579118595849e-08,1878.4697785904864,75.33752589004675,5.62302872826602,1.8159239552495825,1.4340181438461477,0.0,0.9621489779523872,True,True,10.294,0.053,,,5.0,6.0,0.9974293059125964,4.734053425281578,True,0.9381761978361668,n200_a3.0,True,True
(121610) 1999 VW147,284,284,0,3,1,14.96,4.078169471445994,2.039084735722997,0.0012055638712356,0.1974448517877444,1.0,38.82479873965316,4.872964711792041,35.89226606336803,0.0191320111026974,1.8163778727428006e-10,491.9235418433673,120.62361441515726,4.898111245275102,1.6720888601843082,1.0684764190366514,0.0,0.9910654874329824,True,True,,,,,5.0,3.0,1.0,7.48885311248998,True,0.9575163398692812,n200_a3.0,True,True
(208571) 2002 CE24,371,373,2,11,3,16.52,111.25863656746807,55.62931828373405,0.0332499463354797,0.0912409682143088,1.0,34.803540789205925,3.4737469008565016,33.26205682072402,0.0133645746506412,7.005040626142828e-05,1836.2177070707548,16.504046460764044,3.964112653058641,1.5018550131001598,2.391510577075175,1.0,0.4337671200196505,False,True,,,,,5.0,5.0,1.0,19.108713620190777,False,0.5151515151515151,n200_a3.0,True,False
(64212) 2001 TM105,259,261,2,10,3,15.54,145.87292288571416,72.93646144285708,0.0734712658965706,0.0709905773587638,1.0,17.520954852107014,2.456817435366886,16.110031221997044,0.0159411496003252,0.1335402574033385,1241.0844335436705,8.507983585932617,3.2297399519314336,1.252296296789856,1.3534469012797246,2.0,0.0111637937648598,False,True,2.21,0.301,,,5.0,8.0,1.0,2.9582220624700213,False,0.05,n200_a3.0,False,False
(121120) 1999 GQ59,448,448,0,6,1,16.18,17.628353608605522,8.814176804302761,0.0385097740973884,0.0993254992361332,1.0,35.47371067993072,4.586435213180652,33.77197315610321,0.0141912922996151,4.32234550260308e-07,591.6733115257812,33.563730604822204,4.135801980639191,1.479062870897841,1.5547361774799775,1.0,0.9753913949946712,True,True,3.438,0.071,,,5.0,4.0,1.0,4.589874066815293,True,0.9381761978361668,n200_a3.0,True,True
(129597) 1997 VT1,220,225,5,9,3,16.51,175.5110075084409,87.75550375422046,0.0816166024203163,0.0825954599735513,1.0,14.29651490435298,2.040929854620166,13.188381165857702,0.0283932961864027,0.1078745699220202,1613.4668828747235,9.192966901504036,3.55437198310804,2.4932794595348837,2.1855369305327628,0.0,0.0191047618629924,False,True,,,,,5.0,12.0,1.0,19.549182905769133,False,0.05,n200_a3.0,False,False
(208868) 2002 TL4,228,228,0,2,1,15.87,94.64437692099888,47.32218846049944,0.0729009731377776,0.1102913973057039,1.0,15.070622056075354,2.0178926031578532,13.914565832202683,0.1793832840470063,0.0036036178833603,234.18234584620225,2.474339770250459,4.000166739504989,2.9860757832244658,,0.0,0.0460960944473193,False,True,,,,,5.0,2.0,1.0,5.25169222361369,False,0.0909090909090909,n200_a3.0,True,False
(72040) 2000 XH50,337,338,1,8,2,14.82,2.067798718243393,1.0338993591216965,0.0442028626133268,0.1223641362730473,1.0,32.47524338044403,4.095835828855214,30.37296535383243,0.0152627704498141,1.1664651145001254e-06,1153.0508648394607,557.6223907416792,3.518055542764289,1.1289188450046277,2.4712176446143164,0.0,0.9642125328699735,True,True,3.28,0.164,,,5.0,7.0,1.0,12.472636671553682,True,0.9381761978361668,n200_a3.0,True,True
(6066) Hendricks,309,312,3,4,1,13.92,5.7783609939426075,2.8891804969713037,0.03067869030895,0.2354047121245135,1.0,52.924819210575905,7.105545368822497,50.881787982432954,0.0382124634156297,5.689479315336852e-15,608.0085611680406,105.22162976757758,9.146047699252522,2.4350764521267796,1.110242868041755,0.0,0.9918109336543642,True,True,4.514,0.345,,5.78,5.0,3.0,1.0,1.803879283391524,True,0.9575163398692812,n200_a6.0,True,True
(21061) 1991 JD,234,235,1,2,1,14.57,139.5332030292227,139.5332030292227,0.0985493689003737,0.1703144274492935,1.0,39.89689465808171,4.2242454028267735,38.21139466013931,0.0413730385484159,9.916544552075409e-07,569.9768069299171,4.0848829852386155,12.842476618532537,6.90907676931754,,0.0,0.0781859312794105,False,False,,,,,5.0,4.0,1.0,7.157240647085972,False,0.1162790697674418,n200_a6.0,True,False
(29214) Apitzsch,266,268,2,2,1,14.1,164.93558822042314,82.46779411021157,0.1585369540955981,0.2586940437341888,1.0,69.81246383456535,3.058684907444351,64.97726959423615,0.109604643992872,2.3755797957626567e-14,466.1180931087001,2.826061362122593,9.544502267229214,3.703843274408605,,0.0,0.0430861314248026,False,True,4.77,0.309,,,5.0,4.0,1.0,5.923232467795769,False,0.0909090909090909,n200_a6.0,True,False
(299980) 2006 TD121,218,218,0,6,1,15.75,10.813194980359352,5.406597490179676,0.0069918393769159,0.3845958417179834,1.0,56.11472236008576,8.06232830972618,54.77392130185106,0.0295370363530902,1.0982759869726757e-19,541.1705166898901,50.04723559251916,8.568377530638283,2.9404562834433685,2.5853179809662548,0.0,0.8889199210460035,True,True,,,,,5.0,4.0,1.0,4.183043269858437,True,0.8862275449101796,n200_a6.0,True,True
(10210) Nathues,404,412,8,6,2,13.68,15.11457162586257,7.557285812931285,0.0290934286328012,0.1521774597730289,1.0,62.469471568270464,5.910915349694037,60.17692625250699,0.0140252864036042,1.6671975656567934e-11,1077.156069093151,71.2660666644384,6.846553634420119,1.984895625410368,2.6133291733852406,2.0,0.929858079733842,True,True,4.549,0.34,,,5.0,5.0,1.0,1.8011533678765304,True,0.8862275449101796,n200_a6.0,True,True
(55228) 2001 RR72,259,259,0,3,2,14.55,27.214664183437844,13.607332091718922,0.0199784443607088,0.2719508392078449,1.0,54.85642774844096,7.182352569356255,52.53753821732178,0.0597575057899328,6.572615274707601e-15,1002.4957789623296,36.83660295071446,6.202337161701114,2.313349988979066,1.2663256337684534,0.0,0.9294218339036135,True,True,4.104,0.2,,,5.0,4.0,1.0,11.751591478968791,True,0.8862275449101796,n200_a6.0,True,True
(137698) 1999 XR69,218,218,0,6,2,16.8,240.0,240.0,0.000587050823941,0.5766063627648416,1.0,861.3040666327804,4.902647212967688,816.9708092240163,0.0444471224393054,1.804765790614888e-38,1201.8385068718926,5.007660445299552,8.55266304696232,26.08964901790628,302911.58689047233,1.0,0.1347098711211505,False,False,,,,,5.0,5.0,1.0,14.980504636085776,False,0.1162790697674418,n200_a6.0,True,False
(73821) 1995 WY15,486,492,6,8,2,15.99,4.669877382262809,2.3349386911314043,0.0464165728615197,0.1634449247686026,1.0,66.40122024842225,8.313821333150257,65.77851439446542,0.0117822772100792,5.680984391128475e-16,1203.6464035532554,257.7468967654186,6.911516232002095,1.7592613595115174,5.0057405905061305,0.0,0.990565344344902,True,True,3.753,0.055,,4.58,5.0,3.0,1.0,16.65410006751475,True,0.9575163398692812,n200_a6.0,True,True
(14673) 1999 RK169,455,457,2,3,1,13.99,3.6210381736203185,1.8105190868101593,0.0278436278072424,0.2328197255098985,1.0,82.97981631657458,7.897347814643268,79.07343519281935,0.0113452900709809,7.706046334096371e-23,578.8926908177091,159.86925932872214,8.812117848034704,1.8221325089517175,1.1521086954925677,12.0,0.9919189157171854,True,True,8.929,0.08,,3.62,5.0,2.0,1.0,7.556227562596306,True,0.9575163398692812,n200_a6.0,True,True
(175808) 1999 RT175,344,344,0,4,2,17.24,72.35653035922053,36.178265179610264,0.0356726131434961,0.2195902969738654,1.0,54.73320283641607,6.455519794536325,54.00857588462419,0.0218829810687424,2.216085441383709e-15,1219.2596620045952,16.850720397336225,6.269346798530075,1.6584630849985955,1.1526792283138547,2.0,0.9078670283400038,True,True,,,,,5.0,2.0,1.0,19.889840895756816,True,0.8862275449101796,n200_a6.0,True,True
(80336) 1999 XY97,330,332,2,3,1,16.06,62.325284691206285,31.162642345603143,0.0080357718558356,0.1567387797853172,1.0,44.19534049784189,2.976851869040501,41.502819036013165,0.0213950123308982,2.533719023432148e-09,335.66908780799713,5.38576100327638,7.112460039133327,2.333137229927556,72387.510192214,2.0,0.0142564815994258,False,True,,,,,5.0,2.0,1.0,3.1243930705672014,False,0.05,n200_a6.0,True,False
(136567) 1979 OA11,292,294,2,9,3,15.5,208.9655922798442,208.9655922798442,0.0775009841038689,0.1110881564093108,1.0,29.50126789305734,2.990845031713023,27.478582319365906,0.0229150102280637,7.141119260406811e-05,1830.3357507523033,8.759029325273511,6.719438502954982,1.6192862500782763,2.697534226196743,1.0,0.0221067757859316,False,False,4.356,0.085,,,5.0,5.0,1.0,18.965463114169346,False,0.05,n200_a6.0,True,False
(45136) 1999 XO94,464,478,14,5,3,13.99,22.937700165397764,11.468850082698882,0.0407102315020146,0.1698894912660388,1.0,89.81635221039103,6.852069016725696,84.73937100995043,0.0122200673026947,3.7802217134397535e-16,1828.0917319256112,79.69812661006637,7.042209337896639,2.7302611866723714,2.1970975208928336,3.0,0.959959842067013,True,True,7.472,0.087,,15.562,5.0,3.0,1.0,7.779979751411556,True,0.9381761978361668,n200_a6.0,True,False
(26460) 2000 AZ120,441,443,2,6,2,13.96,5.4537081951777475,2.7268540975888738,0.0262401542301425,0.2038131176345045,1.0,59.391631466755335,8.024296926639966,55.25248413171183,0.019868357703322,1.3079257068411169e-18,1261.253572341695,231.2653202562093,9.77694078723968,2.01944613778296,1.9777947082652567,0.0,0.98168067259072,True,True,5.516,0.197,,5.48,5.0,2.0,1.0,2.4475876239185084,True,0.9381761978361668,n200_a6.0,True,True
(97832) 2000 PQ5,359,359,0,5,1,16.44,47.829396214760216,23.914698107380108,0.024840277434391,0.2454283947906377,1.0,68.61725748085051,6.41578527766001,61.99279342110152,0.0495742225241057,1.2596851257605461e-18,560.5973166102776,11.720769254395826,7.512448658733659,2.1205371764279444,2.105058564480402,1.0,0.5291744561568681,True,True,,,,,5.0,3.0,1.0,11.834023393930217,True,0.5689655172413793,n200_a6.0,True,True
(61966) 2000 RU22,381,387,6,5,2,16.22,114.18623414446104,57.09311707223051,0.0272130228679083,0.2097465084402772,1.0,63.24048579179703,4.954851239524357,58.12900516292913,0.0818561849912399,1.6077461867501875e-16,646.4544494924485,5.661404409524498,7.763191152654141,1.7338820176930605,2.1137608518256377,0.0,0.2733607320401808,False,True,4.019,0.036,,,5.0,2.0,0.8217054263565892,12.088986648692526,False,0.25,n200_a6.0,True,False
(4251) Kavasch,462,464,2,4,1,14.1,3.1667914432420115,1.5833957216210055,0.0214195256594718,0.1763054628592051,1.0,63.29805912874535,6.787442258160092,58.7025085479155,0.046573152785656,3.2530624794806155e-16,417.2081701690913,131.7447573187748,6.626255184554808,1.6108289489454846,1.1564612047720375,0.0,0.9945561267574798,True,True,4.308,0.287,,3.166,5.0,3.0,0.9978448275862069,0.9318622458207066,True,0.9575163398692812,n200_a6.0,True,True
(667530) 2011 NZ4,476,477,1,5,1,18.09,188.1976776305428,94.0988388152714,0.1563747819898626,0.1678950653261057,1.0,68.6658731669266,4.687543710759197,62.23863778878436,0.0498868858012367,1.2459884892750124e-15,542.9143346087658,2.884808895859912,8.30954156121246,2.334517321967875,3.015941212464254,0.0,0.036747011653219,False,True,,,,,5.0,2.0,1.0,6.202169566340389,False,0.0909090909090909,n200_a6.0,True,False
(23032) Fossey,407,407,0,2,1,14.77,3.4500521807081883,1.7250260903540942,0.0168156730561731,0.4011170224186098,1.0,73.63840952333771,2.338418747848926,70.6486039020244,0.0097551976816675,1.2956535667641222e-41,80.00008594983956,23.18807999403013,15.868939784981222,3.2727085445399062,,10.0,0.9530894576740648,True,True,3.301,0.195,,,5.0,1.0,0.0,0.1800793504350943,True,0.9381761978361668,n200_a15.0,True,True
(7827) 1992 QE2,463,463,0,2,1,13.09,94.70501445932508,47.352507229662535,0.1769230753233208,0.4537363220601086,1.0,140.9100307242307,1.78603927468316,124.51156849845977,0.0580757831528718,5.497337738560063e-57,99.8343113323208,1.054160773875376,26.18267930025629,3.403734524062002,,1.0,0.8229875493616409,False,True,8.734,0.16,,,5.0,1.0,0.0,0.1450335605758717,False,0.8253968253968254,n200_a15.0,True,False
(23795) 1998 QW32,458,468,10,3,1,14.13,11.799478710551588,5.899739355275794,0.0421012847522307,0.4246319352781182,1.0,123.54077909590742,6.093297811784981,109.69394849426072,0.0283724123660789,1.9235961301003092e-52,351.7430001444882,29.810045746338343,24.003274596120367,3.846971677012133,6.040327919455171,3.0,0.8772440802971452,True,True,10.015,0.053,,9.473,5.0,1.0,0.2799145299145299,2.9961830796440916,True,0.85,n200_a15.0,True,True
(104772) 2000 HV28,415,415,0,3,1,15.12,88.01129331847281,44.005646659236405,0.0248742853453268,0.4690102405224368,1.0,176.63236177724409,11.261053805696417,153.54231116420715,0.026511738689663,2.9227323325240963e-53,197.83183245908003,2.247800537860712,22.007150249988403,3.7741510513741865,1.516317128147178,2.0,0.5308979860650973,True,True,3.315,0.193,,,5.0,2.0,0.6602409638554216,0.6515039076579523,True,0.5689655172413793,n200_a15.0,True,True
(51672) 2001 KW6,224,230,6,2,1,14.62,240.0,240.0,0.0184546865500833,0.0820863068587141,1.0,29.38009634252352,3.0571627983097134,27.374096703097777,0.1902924333349801,0.0881408651566746,400.4473946109647,1.6685308108790196,15.707150710728431,6.650080627970915,,0.0,0.0093471703653932,False,False,6.758,0.081,,,5.0,3.0,1.0,5.742408131241218,False,0.05,n200_a15.0,False,False
(54725) 2001 KT5,399,400,1,5,1,16.02,84.89404818864134,42.44702409432067,0.0298685828780504,0.3674945629420431,1.0,113.42513840159354,11.388062066360092,108.46036851573076,0.0356024625647282,3.330829634718003e-36,532.1849692695541,6.268813663909592,17.43536794629229,2.7381699489327285,1.384064738478155,0.0,0.4453589750558549,False,True,,,,,5.0,3.0,1.0,5.9397637072193845,False,0.5151515151515151,n200_a15.0,True,True
2018 BA68,259,266,7,1,1,18.74,53.47881559954634,26.73940779977317,0.5706046356097089,0.2925526730965936,1.0,160.64901490671105,1.16719945575398,145.15282363002837,0.1865116361094448,6.927809134326396e-17,43.504394204879645,0.8134883638905551,28.281130337797993,12.056587043308062,,0.0,0.1796446599823048,False,True,,,,,5.0,1.0,0.0,0.1494615682135318,False,0.25,n200_a15.0,True,False
(22796) 1999 NH18,479,480,1,2,1,13.03,133.87659936212376,66.93829968106188,0.0277157243147663,0.4495507179537882,1.0,172.6776421626936,11.914065364758416,161.33252304130627,0.02319891895775,2.7801220923292885e-58,425.70742074778536,3.1798493745444367,24.56686402609987,2.9569813458447394,,1.0,0.1570502148044144,False,True,8.801,0.208,,133.167,5.0,2.0,1.0,1.0160606132578387,False,0.125,n200_a15.0,True,True
(144473) 2004 ED56,222,223,1,2,1,15.47,70.97605493385385,35.48802746692692,0.0346707502505997,0.536687034151447,1.0,111.54230130159588,4.565660092979192,106.73487396147353,0.0437681620854372,1.3481766553125733e-33,189.08112138637807,2.664012835914764,16.612845053323532,4.779660824102584,,0.0,0.1381138173501109,False,True,,,,,5.0,3.0,1.0,3.468807040178433,False,0.1162790697674418,n200_a15.0,True,True
(310458) 2000 QA180,445,445,0,2,1,16.06,45.16659299643006,22.58329649821503,0.0458349011882554,0.6098284288670269,1.0,226.12823447355768,2.2501826711699873,227.13246599904815,0.0110704387890119,9.326188760978172e-87,92.5860815764172,2.049879688373554,43.35080757217195,3.870302394544965,,2.0,0.8639412528550112,True,True,,,,,5.0,1.0,0.1370786516853932,2.523888444054288,True,0.85,n200_a15.0,True,True
(116194) 2003 XV11,279,279,0,2,1,14.55,11.768226871078452,5.884113435539226,0.021431592151484,0.4827855568486114,1.0,134.38006516788045,2.9391639721008676,121.39762935080476,0.0196704676366166,2.098052790826375e-36,136.58006518852198,11.60583210068635,15.507233906986963,2.665323052083349,,2.0,0.9677008491392248,True,True,8.431,0.037,,,5.0,2.0,0.996415770609319,2.1877525873430574,True,0.9381761978361668,n200_a15.0,True,True
(51966) 2001 QG282,234,234,0,1,1,13.61,102.54231082741452,51.27115541370726,0.6384365508377323,0.6434745129356845,1.0,126.30619983227515,1.0450191925074093,110.31910378492115,0.5757752678817483,1.614329961069932e-48,43.50098434154643,0.4242247321182517,48.07448833515905,90.13175997577976,,0.0,0.0387977174391841,False,True,11.738,0.081,,,5.0,1.0,0.0,0.51103848719894,False,0.0909090909090909,n200_a15.0,False,False
(75361) 1999 XQ72,419,426,7,2,1,15.99,185.8907752250624,185.8907752250624,0.0341806954702846,0.1149316852195165,1.0,38.92467315937045,3.3260224899924618,35.356820455374326,0.4012890586606209,3.224626636971674e-08,459.3714969550492,2.4711903880054145,41.636216344093285,87.26804987409494,,0.0,0.0389738822018999,False,False,3.193,0.091,,,5.0,1.0,0.0,9.61576518732919,False,0.0909090909090909,n200_a15.0,False,False
(46022) 2001 DE16,228,228,0,5,2,15.23,49.565426020006264,24.782713010003132,0.0380703332336767,0.606505419210199,1.0,92.0998856086219,1.6746201692293916,84.40260814018177,0.0807094864385252,3.205190243500132e-42,2728.239414312935,55.043195093526,16.99544747991885,4.062135053001191,2.433886150211314,0.0,0.1220388423572468,False,True,,,,,5.0,1.0,0.4473684210526316,24.49653830937177,False,0.1162790697674418,n200_a15.0,True,False
(376500) 2012 KD41,244,244,0,3,2,16.41,32.192175653166686,32.192175653166686,0.0877307397542909,0.5628950977251438,1.0,85.49036758814206,1.6302564478807502,74.8845452474315,0.093570719692887,4.0437941897469095e-41,8186.385089518153,254.2973540439437,29.561398634564725,22.78012464588925,2.1092180764866995,0.0,0.5876153741512078,True,False,,,,,5.0,1.0,0.0,13.591706270906975,True,0.5689655172413793,n200_a15.0,True,False
(19006) 2000 RY65,499,502,3,4,1,14.1,22.262025554503083,11.13101277725154,0.0122999572456066,0.3982038888139178,1.0,139.75670671410893,4.135104959751078,127.48861380244652,0.0149732375644435,2.1488818657825066e-51,342.838360171183,15.400142243652889,18.95028282369287,2.454315260536029,1.3601954612524425,3.0,0.941028521963486,True,True,10.612,0.041,,22.139,5.0,1.0,0.1832669322709163,5.829849751948024,True,0.9381761978361668,n200_a15.0,True,True
(22191) Achucarro,446,451,5,2,1,15.42,6.692418565552796,3.346209282776398,0.054844984818383,0.3679756174198502,1.0,104.21700875100846,7.020794931069009,100.129379953305,0.0319675252046299,2.2339813486492663e-41,381.1809362056665,56.95712730337584,15.492165269550457,3.221463564434598,,0.0,0.9601072323394342,True,True,,,,,5.0,2.0,1.0,6.6595184588542775,True,0.9381761978361668,n200_a15.0,True,True
(1646) Rosseland,223,223,0,1,1,12.09,125.40208142440645,125.40208142440645,0.88304763537809,0.8767968554784505,1.0,584.8175084143209,1.0101067474599936,607.6718603230079,0.7022606336049979,1.4863899619362037e-96,37.33713626791723,0.2977393663950021,235.8597947203251,8679.764817325091,,0.0,0.1792177025376928,False,False,12.801,0.202,,69.2,5.0,1.0,0.0,0.0152225469979363,False,0.25,n200_a60.0,False,False
(12502) 1998 FO68,330,339,9,2,1,14.79,6.191877492134253,3.0959387460671266,0.0040566027941051,0.7020427097795031,1.0,154.50204565638677,2.2943816900671923,143.38734043598612,0.0082024832829988,7.846882243798231e-85,88.83063967869384,14.346317379750866,74.09022596871333,7.26985320989044,,4.0,0.9909230390154654,True,True,,,,,5.0,1.0,0.0,3.217981585020448,True,0.9575163398692812,n200_a60.0,True,True
(6844) Shpak,320,321,1,1,1,14.2,65.62753061574627,32.81376530787313,0.3465940747771096,0.8696842288982,1.0,422.8028150398009,2.8788598937169616,345.2451802578156,0.0939701835469004,5.020829025631716e-137,85.83852305368055,1.307965151946232,137.96202219001532,12.078550401149029,,1.0,0.8496295612036222,False,True,4.249,0.295,,225.32,5.0,1.0,0.0,1.5269925173676029,False,0.8333333333333334,n200_a60.0,True,False
(3406) Omsk,280,280,0,1,1,12.06,7.271487233070765,3.6357436165353825,0.0144255172437224,0.8733611509553992,1.0,284.556451713338,1.5078717617109554,227.0423945706512,0.0094082688265052,1.2388089982643623e-120,57.49847362580476,7.907388376383497,148.43149707644127,24.157409729316463,,4.0,0.9833703921008304,True,True,16.058,0.224,X,7.275,5.0,1.0,0.0,1.000238994677627,True,0.9381761978361668,n200_a60.0,True,True
(1331) Solvejg,261,287,26,1,1,10.66,19.290615738596415,9.645307869298207,0.1158817087351099,0.9197406110822104,1.0,341.9617773069397,2.7865600689504313,269.9650289374381,0.0162176246125096,7.675177043144786e-152,371.0301622613333,19.2337127694157,201.22778958959745,38.02615604246643,,0.0,0.9814850032671556,True,True,36.824,0.121,BC:,19.33,5.0,1.0,0.0,3.384033565194068,True,0.9381761978361668,n200_a60.0,True,True
(24990) 1998 MA26,475,475,0,1,1,15.06,144.7365227726739,72.36826138633695,0.9380919826218056,0.9289862167132747,1.0,1628.4443359482789,1.162061533278132,1580.0126326359305,0.4484227448334849,5.2315099810998824e-267,79.83337395329727,0.551577255166515,397.8746490750306,47.19863906472891,,0.0,0.1351513030869679,False,True,3.069,0.225,,,5.0,1.0,0.0,0.5972908414148348,False,0.1162790697674418,n200_a60.0,False,False
(15722) 1990 QV2,490,490,0,2,1,12.94,180.4173927369731,90.20869636848656,0.4656030786281585,0.4292499619046374,1.0,179.93891418318992,1.338212453467635,190.71907732714948,0.5575073292978758,8.062401851383773e-56,79.83337395329727,0.4424926707021241,65.63587914362826,349.495573537691,,0.0,0.0933280493930549,False,True,7.936,0.097,,,5.0,1.0,0.0,0.3353328628518826,False,0.1162790697674418,n200_a60.0,True,False
(146196) 2000 TJ55,234,306,72,4,1,15.97,142.69099466725282,142.69099466725282,0.0126244108041057,0.4541004900345119,1.0,163.04466100031405,10.024049099550142,213.53206720799056,0.2702273594075147,1.1072157157366116e-36,521.6319676330313,3.65567546045528,767.4529518513838,644.2524714561288,1166384.5521860356,0.0,0.1024829403640956,False,False,,,,,5.0,1.0,0.3300653594771242,5.11569391161566,False,0.1162790697674418,n200_a60.0,True,False
(889) Erynia,379,379,0,1,1,11.03,9.869000476022808,4.934500238011403,0.0019457872092619,0.9772288840219252,1.0,830.8524277866984,1.4396327381830964,765.2275101977078,0.0060506387477797,1.2546948812925367e-304,63.666669487953186,6.451177061206381,403.3908831159032,137.54480585100512,,6.0,0.992975299985747,True,True,16.682,0.23,,9.89,5.0,1.0,0.0,1.0644579332423003,True,0.9575163398692812,n200_a60.0,True,True
(800372) 2014 EV199,219,231,12,1,1,18.12,240.0,240.0,0.0034871187161434,0.6833083256506924,1.0,165.207586279029,4.908410367137913,145.32882740982913,0.4992563642088499,1.030237486812132e-53,120.17847258987604,0.5007436357911501,430.755481340575,170.58660513409964,,0.0,0.4116379700845427,False,False,,,,,5.0,1.0,0.0,0.3822109888214093,False,0.5151515151515151,n200_a60.0,True,False
(67871) 2000 WV33,363,363,0,1,1,16.24,240.0,240.0,0.0047705749261506,0.594962890269014,1.0,218.32156562069056,1.341981248362038,194.03509268247765,0.7375027016103559,3.1239827707850376e-67,62.99935161351459,0.2624972983896441,149.14520662968567,16333.787112278098,,0.0,0.1772848076120688,False,False,,,,,5.0,1.0,0.0,1.1936336733553228,False,0.25,n200_a60.0,False,False
(10097) Humbroncos,399,399,0,2,1,15.06,71.43579513231005,71.43579513231005,0.7525057541881578,0.7617522406720953,1.0,808.6571326208012,1.2026221340654806,725.805152431811,0.057457788005261,5.709144945690174e-120,130.91256114601856,1.8325905227701105,83.01687238331783,7.113325871653599,,1.0,0.4250017468498815,False,False,2.889,0.335,,,5.0,1.0,0.0050125313283208,2.4664259785006735,False,0.5151515151515151,n200_a60.0,True,False
(17854) 1998 JC4,270,271,1,1,1,12.68,8.857059644080268,4.428529822040134,0.0070430847999537,0.8732357063738542,1.0,431.65643475945586,1.1506680498716646,396.7678952650754,0.0080597736401506,5.1947567545524754e-117,106.66546511702472,12.04298823801147,81.45268713896348,8.870538302190164,,5.0,0.9699946319796094,True,True,10.126,0.143,,,5.0,1.0,0.0,0.5618511312955978,True,0.9381761978361668,n200_a60.0,True,True
(49845) 1999 XA93,448,448,0,1,1,15.95,73.4354379377042,36.7177189688521,0.2101693008124751,0.908736808954472,1.0,1236.4237698511652,2.240419831241609,1165.3613404476444,0.0113480803597532,2.435633888829832e-227,80.0018363482668,1.0894172976286045,311.3167572405535,21.05344787785106,,1.0,0.9642763916453102,False,True,,,,,5.0,1.0,0.0,2.282434085930916,False,0.9381761978361668,n200_a60.0,True,True
(71234) 2000 AE2,347,347,0,1,1,14.36,5.470747575892399,5.470747575892399,0.0029010671201433,0.8178625493038925,1.0,422.2227709603572,1.3614675664459248,397.8210375194883,0.005343391368263,1.3854913353605771e-123,59.83304130326724,10.936904047068404,108.809098593204,8.451508230952067,,10.0,0.9839130193253874,True,False,3.91,0.265,,,5.0,1.0,0.0,0.3611098566164279,True,0.9381761978361668,n200_a60.0,True,True
(763551) 2012 FO19,239,261,22,1,1,18.88,55.69514283539473,27.847571417697367,0.6722105017462537,0.7364198260353343,1.0,679.0323708973355,1.3531391729994318,632.6271111571359,0.1594430918000006,3.278041002540761e-71,102.51007989887148,1.8405569081999995,61.06305736385131,53.143333490683865,,0.0,0.763738207153344,False,True,,,,,5.0,1.0,0.0,0.0688815699862672,False,0.7142857142857143,n200_a60.0,True,False
(1907) Rudneva,387,388,1,1,1,12.14,42.667575382903394,21.333787691451697,0.0497496561921188,0.7736532710912144,1.0,293.7396154368983,4.278070866016092,245.89212544668592,0.1132399102151852,1.6162696591298578e-120,182.8462121350458,4.28536682701476,120.13287735187645,5.710255518227519,,0.0,0.165346948078368,False,True,10.977,0.232,,44.0,5.0,1.0,0.0,2.137138211669839,False,0.25,n200_a60.0,True,True
(24251) 1999 XL117,605,616,11,14,3,14.71,13.566367037245808,6.783183518622904,0.0096962482332085,0.0286721546171383,1.0,14.372682622960744,1.8222610948683855,12.488006450916323,0.0120020958299167,0.4152129430341987,1878.42591374286,138.46197059136995,1.3211731119511505,0.5697686636419956,3.3277313292087265,1.0,0.1381209042668525,False,True,,,,,5.0,4.0,0.9983766233766234,5.2326845970990306,False,0.1162790697674418,n500_a0.0,False,False
(188387) 2004 CQ114,704,705,1,8,1,15.79,6.867938005427316,3.433969002713658,0.0112479898793277,0.0352717169342826,1.0,16.914113297044697,2.0027185522229636,15.757426956661138,0.0098347712434037,0.0213975744844725,609.4231708465959,88.73451833214068,1.4102383027167922,0.8435835513277563,3.299862995827037,9.0,0.3004053450364861,False,True,,,,,5.0,2.0,1.0,5.978173331499724,False,0.25,n500_a0.0,False,False
(20934) 4194 T-1,1109,1125,16,12,3,14.69,4.2045104410462715,2.1022552205231357,0.0053071706625935,0.0140209944183211,1.0,12.864723508376327,1.8547409046320915,11.550394592929315,0.0038317968464836,0.9537626076812784,1876.8093555402593,446.37999640053806,0.9699271394208774,0.4105506842033038,2.6055947148657044,9.0,0.4849523567800489,True,True,3.11,0.2,,,5.0,1.0,0.3306666666666666,11.372123070211424,True,0.5689655172413793,n500_a0.0,True,False
(8542) 1993 VB2,819,830,11,4,2,14.29,67.04132976551975,33.520664882759874,0.0274866291814765,0.0287586952399698,1.0,13.61019068673058,1.5305930287267997,11.872071915840174,0.006928245212911,0.0518880022203166,1224.0720419642748,18.258469010765825,1.3504071227281975,0.740934884728511,2.325240194918768,1.0,0.0059909759127231,False,True,4.107,0.2,,4.995,5.0,1.0,0.0156626506024096,18.623466424252157,False,0.04,n500_a0.0,False,False
(100073) 1992 EV31,937,937,0,8,1,15.38,9.986652018574963,4.9933260092874825,0.0226258200797119,0.0202365956236867,1.0,10.681243542392778,1.4707717994134526,9.41949457646622,0.0059815710489879,0.3573396967259807,503.0672428824473,50.37396336096949,1.331458928754046,0.4244254126138757,2.2670575494360348,11.0,0.0219002831788357,False,True,2.266,0.286,,,5.0,1.0,0.0853788687299893,4.183035394413272,False,0.05,n500_a0.0,False,False
(38669) Michikawa,702,704,2,5,3,15.35,1.315207520971991,2.630415041943982,0.8096209946477025,623.3965031312254,1.0,,235.36960813313,8621.883141991893,0.0093829492129332,,1135.908559944306,863.6724941360009,1.1381415407452686,9.838094913785334,2190409.6236061417,0.0,0.9777642661290394,True,False,,,,,5.0,1.0,0.1917613636363636,14.3756661279864,True,0.9381761978361668,n500_a0.0,True,False
(129164) 2005 GE97,1193,1200,7,9,1,15.42,2.579916513011226,1.289958256505613,0.0033281638817336,0.0151828368629115,1.0,12.012001634801509,1.7653947889121164,10.707543358835904,0.0044704122185564,0.6191373284938605,601.9236979403067,233.3113086817502,1.4107849066121976,0.5255171428794083,1.8309883754895784,25.0,0.0490708187990118,False,True,,,,,5.0,2.0,1.0,4.475467138161464,False,0.0909090909090909,n500_a0.0,False,False
(134701) 1999 XT122,1330,1333,3,4,1,16.61,2.06688848170164,1.03344424085082,0.0029412490718505,0.0152236551354849,1.0,9.139971337008465,1.4897989321481209,8.07694626437204,0.0064618522864123,0.3462540571360404,546.4142990499968,264.3656413432338,1.4367271704836586,0.5683012768338325,13.048208403178922,47.0,0.0719348760951674,False,True,1.347,0.268,,,5.0,1.0,0.0060015003750937,6.7725364836756965,False,0.0909090909090909,n500_a0.0,False,False
(471223) 2010 XJ46,736,740,4,12,1,16.77,40.81181918226278,20.40590959113139,0.0052565387646974,0.0202420642044337,1.0,10.41136262395978,1.6730991371213026,9.130218767656157,0.0060703800549619,0.9261220014826173,647.6556936915731,15.869316944662213,1.350647212615934,0.6759063148228016,2.7734722749774665,2.0,0.0051407456692295,False,True,,,,,5.0,2.0,0.995945945945946,5.119071376154365,False,0.04,n500_a0.0,False,False
(40546) 1999 RY109,1099,1100,1,5,1,14.44,11.221257000640122,5.610628500320061,0.0073287276262345,0.0180318353754177,1.0,11.828936080475955,1.3959786855731964,11.029105310440272,0.0046333194078,0.3504388349380901,542.5872000144445,48.35351333486902,1.241166113807422,0.4626869355310455,0.9623848288493594,12.0,0.026829883116964,False,True,8.63,0.045,,,5.0,1.0,0.059090909090909,3.812178128477401,False,0.0588235294117647,n500_a0.0,False,False
(54392) 2000 KH70,682,684,2,4,1,15.31,4.625144314669838,2.312572157334919,0.0207294832275113,0.0213389837211281,1.0,10.883047865177186,1.5910768462552334,9.558631929528763,0.008230720024681,0.9637125215957466,544.8308998718276,117.79759998920592,1.1467852651938817,0.6560152094159731,1.6226043810304414,16.0,0.0645043827892764,False,True,,,,,5.0,2.0,1.0,5.6569598613073335,False,0.0909090909090909,n500_a0.0,False,False
(43528) 2001 DZ59,703,706,3,7,2,15.31,2.0530363780884624,1.0265181890442312,0.0153848543554966,0.0236726858603136,1.0,11.61612119980153,1.698501921520559,10.32074761957133,0.0081321563217328,0.5886877848725215,1214.1142253595754,591.3749207357012,1.3466320144553376,0.6114992165792388,1.3635362961620112,4.0,0.0707457700152917,False,True,,,,,5.0,2.0,1.0,16.006758422782,False,0.0909090909090909,n500_a0.0,False,False
(192672) 1999 RW219,770,770,0,7,2,15.89,7.822650187366584,3.911325093683292,0.0108269451131468,0.0196057195673991,1.0,9.879323899391425,1.600389787254448,9.15637153118145,0.0064068010751822,0.8570061557043749,1181.2158810171532,150.99945066248674,1.44485785133012,0.453056221560344,1.7171533556760112,1.0,0.0370616679054078,False,True,,,,,5.0,3.0,1.0,19.284830536141428,False,0.0909090909090909,n500_a0.0,False,False
(4642) Murchie,651,651,0,3,1,12.44,8.376453954309282,4.188226977154641,0.0036411703146752,0.0323040935966086,1.0,14.911011235228806,1.7533591696625186,13.363659030508536,0.0074420628940938,0.1312594435835006,590.3071566974977,70.47220218930626,1.4842831249714414,0.6594394209635182,0.9866820725605298,6.0,0.0223516278047982,False,True,17.065,0.088,,,5.0,1.0,0.3778801843317972,1.5806341950117364,False,0.05,n500_a0.0,False,False
(284038) 2004 YP25,560,565,5,16,5,16.13,5.279184465233335,2.6395922326166676,0.0111268677665008,0.0376405145897802,1.0,16.249894557858013,2.520056283943406,14.792318178482024,0.0084722359063288,0.1162700279851969,13144.160029154154,2489.8088171982818,1.3845556217914077,0.6806934665968876,1.0291533345509878,9.0,0.2509901721379591,False,True,,,,,5.0,3.0,1.0,22.006776226244657,False,0.25,n500_a0.0,False,False
(187092) 2005 QJ2,543,544,1,7,2,16.76,2.036236366319236,1.018118183159618,0.0104618390342152,0.0268168620559675,1.0,9.651580244657373,1.496061169342555,8.626478869544385,0.0121738838328469,0.8001455519983667,1212.7618612657534,595.5899233142463,1.218434450589322,0.5246858744018915,1.1047199378352903,0.0,0.1749911313270212,False,True,,,,,5.0,3.0,1.0,21.684359770178133,False,0.25,n500_a0.0,False,False
(13632) 1995 WP8,941,942,1,9,3,14.66,3.3686587886490096,1.6843293943245048,0.0072761031703013,0.0432127894629857,1.0,27.61333723641038,4.3033439054817615,26.455723742142524,0.0086232059291327,9.835532132877098e-06,1633.6159102748495,484.94549693767186,2.932094391187716,0.7480624126727993,1.9603288920201607,7.0,0.9650543772366202,True,True,3.583,0.346,,,5.0,3.0,1.0,4.578474044422265,True,0.9381761978361668,n500_a1.5,True,False
(106737) 2000 WK186,752,763,11,7,1,14.98,176.46722118607133,176.46722118607133,0.0135555079436932,0.025719152258051,1.0,15.239207353252452,1.9267127610085408,13.799407774078237,0.023925917218474,0.2605458053196463,599.2439218267682,3.3957803483226545,2.211033805663677,0.6495904288751204,2.355014055654057,2.0,0.0023050533277736,False,False,,,,,5.0,3.0,1.0,2.7551973001617576,False,0.0,n500_a1.5,False,False
(19937) 1981 EF15,765,771,6,8,2,14.66,29.534328135468307,14.767164067734154,0.0053258503821188,0.0274122390867546,1.0,13.38680666314982,1.6799991757494843,12.252998468927377,0.0087040246978566,0.1543405238058306,10363.545413399172,350.8982959037895,2.0727144946598792,0.6462716499297644,8.020741272246864,4.0,0.0592297059686797,False,True,3.761,0.165,,,5.0,2.0,1.0,14.41402105037686,False,0.0909090909090909,n500_a1.5,False,False
(66664) 1999 TB9,943,944,1,4,1,15.29,6.905375434795953,3.4526877173979766,0.0012447272140295,0.0216595728200051,1.0,11.027372188858571,1.7923898611494384,9.818755877022108,0.0067770624332472,0.237659943534383,571.114868787874,82.70583897727639,2.6701449780191417,0.6547006774140028,1.1657432072677103,14.0,0.0550593191671503,False,True,,,,,5.0,1.0,0.2171610169491525,10.166199908955903,False,0.0909090909090909,n500_a1.5,False,True
(231653) 2009 WH24,578,584,6,4,2,16.95,19.851949451856687,9.925974725928343,0.0131515479939454,0.0220154612573182,1.0,12.3960675312042,1.6699357620929,10.886695733384192,0.0115507472098936,0.9982163412499496,489.8458304358646,24.67494850436721,1.815557300488381,0.5711864139889143,1.2351977149796856,3.0,0.0211562582033781,False,True,,,,,5.0,2.0,1.0,13.633705196216804,False,0.05,n500_a1.5,False,False
(154902) Davidtoth,734,742,8,6,2,15.05,2.152393186613441,1.0761965933067206,0.0004888561022023,0.0218968429266891,1.0,11.921575041138713,1.8354447248729973,10.314485568071362,0.0079526937515758,0.7189447108192655,1069.0482551248278,496.6788883061185,2.13403705045398,0.6246117509684764,1.1330480782418,3.0,0.1327941274723141,False,True,,,,,5.0,3.0,1.0,13.40521866930864,False,0.1162790697674418,n500_a1.5,False,False
(181906) 1999 SC4,1139,1153,14,9,3,14.77,4.6703174424579155,2.3351587212289577,0.0127005957439398,0.0149026258047959,1.0,14.003039117274914,1.9225138788075613,12.85689428166015,0.0083401029660241,0.7580353258246717,1840.418598765624,394.06713171878954,2.3701701192850657,0.6213188387123075,2.0102218802599676,8.0,0.5101922299454908,True,True,3.157,0.256,,,5.0,2.0,1.0,17.827191552610294,True,0.5689655172413793,n500_a1.5,True,False
(41999) 2000 YX45,539,543,4,12,3,14.95,4.295398919698966,2.147699459849483,0.0165933514218615,0.0668589685667241,1.0,10.507307112678593,1.804763885499978,9.252084968578608,0.009783553834847,5.0361095965842994e-05,1870.0586271347129,435.36320190390416,2.2856531977987338,1.256123499927064,12.64827039780758,2.0,0.2527549317955052,False,True,,,,,5.0,3.0,0.9539594843462248,12.410721541601443,False,0.25,n500_a1.5,True,False
(149310) 2002 UY19,533,533,0,11,3,16.3,63.23611857114383,31.618059285571913,0.013081053075185,0.0349270563119097,1.0,12.35227356245917,2.0538394934509414,11.236304367348094,0.0079071423337501,0.2533112015978089,1877.2928938570549,29.687035451820236,2.116464554610834,0.7008234249227281,2.8608394533997465,3.0,0.0165693796209526,False,True,,,,,5.0,3.0,1.0,20.56005206427642,False,0.05,n500_a1.5,False,False
(67023) 1999 XP152,780,780,0,2,1,14.49,15.487832178998378,7.743916089499189,0.0112878145094937,0.0272858602416977,1.0,12.078106739525616,1.6364859547482344,11.362128753869392,0.0052227433021342,0.1343748883157212,130.50085703720106,8.426024735350712,1.963092160767279,0.7523271569705373,,7.0,0.0651133089442288,False,True,3.269,0.287,,,5.0,1.0,0.0,0.2097967047129447,False,0.0909090909090909,n500_a1.5,False,False
(307975) 2004 PS29,744,747,3,6,2,17.7,189.2724226943476,189.2724226943476,0.0165934581061794,0.0274344799347777,1.0,14.87382270475025,2.178525208180568,13.095593503904064,0.0073853528870868,0.1214167271729586,1211.8988250597613,6.402933971087977,2.12623368144297,0.6603900071602046,1.5871782509046783,1.0,0.0033136885267908,False,False,,,,,5.0,3.0,1.0,21.922021126209977,False,0.0,n500_a1.5,False,False
(377333) 2004 PP12,608,609,1,7,1,16.22,4.004692817752695,2.0023464088763476,0.0063842534396187,0.024163611163023,1.0,9.68382191780029,1.3227158103619037,8.179206585862326,0.0211126524309077,0.9400334908019132,545.4205727615627,136.19535819170147,1.7585370616303175,0.5467820015122837,1.057016846538234,5.0,0.0626719487073519,False,True,,,,,5.0,2.0,1.0,5.821587828329983,False,0.0909090909090909,n500_a1.5,False,False
(239884) 2000 QX119,513,517,4,7,2,17.52,2.571577999807797,1.2857889999038985,0.0060734433707637,0.0401706598589005,1.0,15.716277367161013,2.165396703737828,14.821319502226414,0.0168141644117557,0.0801712555830444,1056.8171206293628,410.960554456583,2.1831337766455867,0.6859111857877978,1.474535139632744,0.0,0.4247161030055346,False,True,,,,,5.0,4.0,1.0,24.08467584598873,False,0.5151515151515151,n500_a1.5,False,False
(25065) Lautakkin,966,976,10,6,3,14.36,3.008632720851669,1.5043163604258345,0.0077048919398282,0.0213248908908502,1.0,16.630060557615938,2.210774050590018,15.489273713415187,0.0138688390192985,0.2003947477040378,1275.9490226890775,424.0959735118112,2.299914680011183,0.6032003159151761,1.8494965639466985,1.0,0.7609255605265267,True,True,,,,,5.0,2.0,1.0,9.800332585163147,True,0.7142857142857143,n500_a1.5,True,False
(253722) 2003 WA6,627,627,0,7,2,16.85,7.44378642913502,3.72189321456751,0.0172059746939465,0.0378138975563368,1.0,16.444513433656663,2.143250960578093,14.718197533808423,0.0100664881482624,0.0253660165871989,1199.9428881158235,161.20060664546216,2.358531613035101,0.8342955533813136,1.7758110952833066,7.0,0.4273216230203783,False,True,,,,,5.0,3.0,1.0,20.54215531573006,False,0.5151515151515151,n500_a1.5,False,False
(110456) 2001 TO44,755,759,4,5,1,14.97,23.172952032977086,11.586476016488543,0.0143761203347853,0.1707385857715349,1.0,29.53250884360087,1.391328209236013,23.79198100308052,0.0081021680426202,3.6604752224347585e-27,571.4947411206085,24.662146640070837,4.430336172097145,2.4041221959877452,17.761312284639516,3.0,0.1101623201249711,False,True,,,,,5.0,2.0,0.9183135704874836,3.5556385668297645,False,0.1162790697674418,n500_a3.0,True,False
(176171) 2001 KD43,528,530,2,4,2,16.19,35.90553686302328,17.95276843151164,0.0138947038415233,0.0443299060244573,1.0,17.43113238980963,1.9515056715793069,15.308176752955236,0.0088792460657033,0.0221733519873016,1198.298320442147,33.37363607773248,3.5952123692384195,0.980103270221802,1.5973251937193418,3.0,0.4040151628480658,False,True,,,,,5.0,2.0,1.0,20.691483588219334,False,0.5151515151515151,n500_a3.0,False,False
(389056) 2008 VY63,526,547,21,12,4,16.8,211.4992288521397,211.4992288521397,0.0317188794115465,0.0388267420357844,1.0,42.92340418990382,4.493333298414084,40.271810870504595,0.0129668019763721,0.0665429481325044,2268.379610048665,10.725238207059856,4.628122966340628,1.0434621019458807,2.352994155124189,2.0,0.0534785507302638,False,False,,,,,5.0,3.0,1.0,23.476067444318588,False,0.0909090909090909,n500_a3.0,False,False
(70450) 1999 TL18,1452,1476,24,14,3,15.03,2.875818772664755,1.4379093863323775,0.0133124166398509,0.0296065924601027,1.0,27.604469679016844,2.9931818324701074,25.62786176900481,0.0040916987182435,3.911205222905049e-06,1829.3108106867296,636.1008656298868,5.640658668356213,0.8760413946719942,10.64169725157012,16.0,0.8819657119787122,True,True,,,,,5.0,2.0,0.8150406504065041,15.370491625056172,True,0.85,n500_a3.0,True,True
(121543) 1999 VG1,752,753,1,3,2,15.33,55.94865944190825,27.974329720954124,0.0172364112448269,0.0204970892476709,1.0,11.637673450587483,1.4998673239576357,9.955065905030002,0.0067410773636158,0.8382989700294893,773.6958774769446,13.828675882400304,3.026760669482196,0.7765721666114669,1.5782483076768024,4.0,0.0054296294213179,False,True,5.218,0.065,,,5.0,2.0,1.0,12.821817370002575,False,0.04,n500_a3.0,False,False
(3188) Jekabsons,709,709,0,3,1,13.63,171.4904019893556,85.7452009946778,0.0040942587567749,0.027607322709503,1.0,13.902517851164651,1.7995782205754138,11.417559593820402,0.0165234939131856,0.2384438130804242,388.5383557759342,2.2656565689317745,4.138525089403563,1.044536991622233,6.931691239890648,1.0,0.0156567006544993,False,True,4.261,0.425,,2.3626,5.0,2.0,0.998589562764457,0.5026509746297805,False,0.05,n500_a3.0,False,False
(93102) Leroy,857,858,1,4,1,15.37,173.22430554038334,86.61215277019167,0.0353755694778404,0.0616229063386795,1.0,41.411089364971296,2.761724718952402,37.97305085547416,0.0060934693054798,1.7310990584102282e-08,499.99544615711784,2.886404679743716,5.614314660468976,1.2540376355354257,2.6975226273723782,1.0,0.0290955822058149,False,True,,,,,5.0,2.0,1.0,6.267140697154977,False,0.0588235294117647,n500_a3.0,True,False
(123270) 2000 UB85,1075,1075,0,4,1,16.18,78.02050414260937,39.01025207130469,0.0026501758028489,0.0438948995184394,1.0,32.603449595970844,4.030444018661038,29.922616735433056,0.005683042898142,4.881744530356283e-07,572.1808308378677,7.333723834852566,4.346292019094203,0.7876708844978006,1.208745482058989,6.0,0.1433580280623131,False,True,3.066,0.075,,,5.0,2.0,0.5711627906976744,12.117222542965202,False,0.1162790697674418,n500_a3.0,True,True
(10641) 1998 XS52,675,675,0,5,2,13.46,74.20087263684344,37.10043631842172,0.0058258838085766,0.0299187586246591,1.0,13.172317730376802,1.7501864865758388,11.792466991954898,0.0086459415501807,0.1907638857387185,1254.0026692123502,16.900106759522018,3.661796825361999,0.9060480528695872,1.2168322008749857,3.0,0.0051230419337025,False,True,9.238,0.095,,,5.0,2.0,0.6192592592592593,2.8954498086963945,False,0.04,n500_a3.0,False,False
(232924) 2005 AB30,1369,1382,13,5,1,15.97,76.40090154144349,38.200450770721744,0.0068520161657173,0.022287431589895,1.0,21.688470076804624,1.7016238265767638,19.537389541420428,0.0037762946747592,0.0026627531174015,537.0755549814203,7.029701798611433,4.651917091518183,0.7516322172889677,1.974253979838832,5.0,0.0335861245029509,False,True,3.765,0.059,,,5.0,1.0,0.4399421128798842,4.455423221198846,False,0.0588235294117647,n500_a3.0,True,False
(183466) 2003 BE74,1244,1247,3,5,1,15.29,25.86602891308412,12.93301445654206,0.0165908928528169,0.0259385993120894,1.0,21.10019777689368,2.819331526141632,19.405162383956363,0.0025407254714744,0.0006206682471051,345.00027990702074,13.337968540370152,3.556854619609303,0.696197208500278,1.7567354593917244,6.0,0.0633246927658077,False,True,5.205,0.065,,,5.0,1.0,0.0208500400962309,3.3244355870047917,False,0.0909090909090909,n500_a3.0,True,False
(66256) 1999 GU33,537,549,12,17,4,15.7,3.294516139290255,1.6472580696451276,0.018917908675187,0.0290151324947949,1.0,12.995502463562246,1.9484564239458677,11.595383828231874,0.0153877998247727,0.5225509908589042,2528.930630122195,767.6182247105361,3.066980365989949,0.7800496196493221,2.5329475871775475,0.0,0.6321421404217912,True,True,2.448,0.141,,,5.0,8.0,1.0,20.360120311073985,True,0.6363636363636364,n500_a3.0,True,False
(77266) 2001 FX51,542,571,29,9,3,16.1,112.25789288678664,56.12894644339332,0.0219998915467452,0.1017841164752015,1.0,61.48893895578532,2.265299181333061,57.036903603122234,0.0214856038236906,4.4882645286134166e-10,1575.670355627895,14.036165432189048,5.9850402067163015,2.3266906476242695,9.50266716262214,1.0,0.6939031347391269,True,True,,,,,5.0,2.0,1.0,15.337953811346114,True,0.6363636363636364,n500_a3.0,True,False
(20663) 1999 UU2,715,720,5,11,3,14.4,67.4656124485429,33.73280622427145,0.0282372339044073,0.0352447225586942,1.0,17.62878092856471,2.2862743032265618,15.68387617664028,0.0112919236878979,0.0184681899492363,1866.2394654881791,27.66208439761204,3.6212388539420073,1.0628342932066033,2.2535033819257047,2.0,0.277069693680356,False,True,,,,,5.0,3.0,1.0,8.652794809921577,False,0.25,n500_a3.0,False,False
(49469) Emilianomazzoni,541,555,14,10,3,14.17,7.64546463571928,3.82273231785964,0.0074637710135733,0.0425012428498672,1.0,24.197036364224587,2.5409497650295068,22.395759015622108,0.0158844410712503,0.0274157884101244,9704.641469204624,1269.3331186001385,3.0411199783649883,1.0290460355371962,1.6556093453413592,2.0,0.9631471149545928,True,True,8.649,0.071,,,5.0,3.0,1.0,13.584421425305454,True,0.9381761978361668,n500_a3.0,True,False
(76468) 2000 FY55,638,647,9,9,2,15.63,76.34817231628827,38.174086158144135,0.0177653616579059,0.0486595847087253,1.0,27.50223677669807,2.7269938815061665,25.22853039513497,0.0067242960074467,0.0005632575942009,11037.646051963326,144.56987924003693,3.4469702270750515,1.0252279616889035,4.687229598741468,4.0,0.5936996904183365,True,True,,,,,5.0,3.0,1.0,20.73716062940603,True,0.5689655172413793,n500_a3.0,True,False
(121676) 1999 XM54,777,784,7,15,4,15.08,11.977170714827594,5.988585357413797,0.0012432305257106,0.0617055196687858,1.0,37.66660293777319,5.563633346691464,36.22847841025366,0.0111409294593877,1.7148357413978872e-07,10976.74379084981,916.4721829722886,5.185425603239148,1.1461728184621416,1.3793955682401633,1.0,0.9754088784087516,True,True,,,,,5.0,4.0,0.9987244897959184,16.01251428524281,True,0.9381761978361668,n500_a3.0,True,True
(39973) 1998 HX,621,624,3,3,1,13.86,3.2306596274607617,1.6153298137303809,0.0862512655181391,0.2228836177546544,1.0,116.27004349563902,1.7615929103370558,105.28036008270452,0.0042548623456414,1.2621591724675972e-30,221.33721437724307,68.51146202337942,10.00255519601318,3.2722597344974464,5.894948797576698,27.0,0.8037239721879255,True,True,4.527,0.313,,,5.0,1.0,0.0,4.033439876486356,True,0.8253968253968254,n500_a6.0,True,True
(71963) 2000 WJ116,1424,1432,8,8,3,14.92,62.82027224631323,31.410136123156615,0.0133252399306378,0.0288717134139495,1.0,30.710012330839337,3.871819107480515,28.59341176114803,0.0045131123976978,1.2004791600967912e-05,1820.6241177316988,28.98147449271118,6.866631270300751,0.7159348082263306,1.8402724136805837,6.0,0.1604521310916285,False,True,2.623,0.407,,,5.0,2.0,0.7472067039106145,18.456235607078565,False,0.1418586348022255,n500_a6.0,True,False
(26718) 2001 HP5,866,867,1,5,2,12.34,33.12163642405072,16.56081821202536,0.0045442950875512,0.0609794153157724,1.0,38.21796870241642,3.316805827466239,34.86727685587535,0.004532958575284,1.910966788269568e-08,767.4598124790355,23.170950935315425,6.703514700844387,1.221880440384674,1.3085173349393984,4.0,0.199330451240623,False,True,23.298,0.043,,,5.0,2.0,0.8604382929642446,0.5978175292338044,False,0.25,n500_a6.0,True,False
(42577) 1997 AB18,849,849,0,2,1,14.54,5.543159513148844,2.771579756574422,0.0097197249861156,0.170698471393636,1.0,90.20449298614484,3.9634065338915354,85.25940200734435,0.0049195136397875,9.3812290819237e-31,508.3570149241132,91.7088916020272,13.23430987722946,2.394651490387179,,19.0,0.6427478481929689,True,True,2.932,0.429,,,5.0,1.0,0.0,9.298765934463509,True,0.6363636363636364,n500_a6.0,True,True
(86020) 1999 JP128,1146,1155,9,9,3,14.29,5.8445824252316605,2.9222912126158302,0.0033254312224903,0.0348646826918894,1.0,49.77303201364782,3.9661671483844376,45.70753717366319,0.0038688702342018,2.3959526312514816e-05,9942.0900282691,1701.0779051293862,6.598814868281365,1.1017977054928263,1.430190205136769,19.0,0.8688213447170613,True,True,5.936,0.095,,,5.0,1.0,0.3393939393939394,17.39009229826557,True,0.85,n500_a6.0,True,True
(40588) 1999 RF141,1081,1093,12,4,1,14.9,186.4908123026128,186.4908123026128,0.0293875860712942,0.0350231612880857,1.0,22.69421626368854,2.7360586287829385,21.472818995388923,0.0312785160037857,5.183474953031151e-05,540.3256845687283,2.8973313907387497,8.126852953743686,0.712095970310447,2.169533977084709,0.0,0.0305160440456419,False,False,4.099,0.183,,63.3685,5.0,1.0,0.0192131747483989,4.611938202603671,False,0.0588235294117647,n500_a6.0,True,False
(99714) 2002 JQ41,579,585,6,12,3,15.15,6.497759667139404,3.248879833569702,0.0205260551660047,0.0829030393698103,1.0,44.77180325580917,5.294177996005989,42.74959328939181,0.0132260283179805,8.402465799977489e-08,1831.2277230781035,281.8244774947624,6.600467196846071,1.7750420337669508,6.328209334195304,1.0,0.992881132189579,True,True,2.377,0.412,,6.51245,5.0,4.0,1.0,13.808365067438745,True,0.9575163398692812,n500_a6.0,True,True
(131263) 2001 FX39,669,675,6,5,1,14.79,117.32724828692854,58.66362414346427,0.0404141239374321,0.1975799718498402,1.0,111.17336385777736,8.79094842107763,106.01197983843213,0.0114799981586696,1.1830577260359346e-28,450.66977964690886,3.8411348278174704,12.006528452251864,2.0570659777318476,1.588786924614452,2.0,0.2064149377238489,False,True,3.017,0.37,,113.849,5.0,2.0,1.0,2.947479572688173,False,0.25,n500_a6.0,True,True
(23210) 2000 SA293,628,633,5,8,2,14.19,9.867414910813329,4.933707455406664,0.0018713100492797,0.1768471630797764,1.0,97.243072571155,11.855566216081078,92.6071211490027,0.0161249726039671,3.168182789979638e-23,1155.975830643496,117.15082836708385,10.79991663212414,1.9635616300446512,1.1389473166692317,1.0,0.9916066723148012,True,True,9.159,0.074,,9.86862,5.0,4.0,0.9984202211690364,12.299996895004284,True,0.9575163398692812,n500_a6.0,True,True
(86055) 1999 RO12,679,681,2,4,1,14.26,27.71500981961495,13.857504909807474,0.0140294603718609,0.1366146115298319,1.0,66.55234518535623,6.386571751265999,62.10752116689349,0.0077661111438916,2.840199747172737e-18,546.5416766788694,19.72006072651872,7.757578987900363,1.3095309820471843,1.2423874403668165,4.0,0.932784771455378,True,True,,,,,5.0,2.0,1.0,5.1065851634085195,True,0.9381761978361668,n500_a6.0,True,True
(16066) Richardbressler,1255,1281,26,11,3,13.37,3.1330502686802917,1.5665251343401458,0.0066596319492927,0.0945800048039384,1.0,82.87824052244666,9.93000291648826,80.22624091256469,0.0062007224607055,8.196555078848444e-24,1862.8225986255568,594.5715640911876,11.730290589468735,1.279736364478356,1.7660917410389994,11.0,0.9882134995452296,True,True,11.665,0.075,,,5.0,2.0,0.7275565964090555,8.496061202049596,True,0.9575163398692812,n500_a6.0,True,True
(33923) Juliewarren,959,966,7,3,1,15.71,3.905570734895832,1.952785367447916,0.0124985572835402,0.0768008516140095,1.0,44.68890706138142,3.894958048754989,41.78526777831264,0.0042501850724429,3.732841367106457e-13,457.8283236720599,117.2244352359095,6.50932736169465,1.1799892166521309,1.262366434216284,27.0,0.9498315027042517,True,True,,,,,5.0,1.0,0.0,7.596895775896641,True,0.9381761978361668,n500_a6.0,True,True
(103130) 1999 XR196,1320,1328,8,7,1,14.74,6.893875399734367,3.4469376998671835,0.0006694887320189,0.1045738746423038,1.0,87.88907964411949,9.861880525586429,82.74949211166876,0.0046898712858912,4.644332387393973e-28,585.2442190503934,84.89335607558905,12.787544692658525,1.3536761818927945,1.8764862861959557,22.0,0.9210677429137488,True,True,7.079,0.058,,,5.0,1.0,0.4819277108433735,6.529879160572303,True,0.8862275449101796,n500_a6.0,True,True
(152857) 1999 XD27,550,550,0,3,2,15.24,47.13824336183813,23.569121680919064,0.037255259086895,0.1623607741723165,1.0,72.97237140236095,5.394854630651307,67.78240303041831,0.0154174332112808,7.017221007830534e-18,824.2094462426612,17.484941895605708,9.234545770266596,1.6908057517891757,2.4619540362533776,4.0,0.8402369838263264,True,True,4.466,0.081,,,5.0,2.0,0.9981818181818182,12.823928568332732,True,0.8333333333333334,n500_a6.0,True,False
(91169) 1998 QT108,669,685,16,6,2,14.5,6.815898277795979,3.4079491388979894,0.0086621135148221,0.0636723723631436,1.0,45.292496810513086,2.216455460096989,40.81526944131805,0.0132224310566462,9.636550449247003e-07,1193.9074325634283,175.16508960422686,10.141126095632812,2.145374010393222,1.767605892461515,1.0,0.9784724725297004,True,True,,,,,5.0,2.0,0.9868613138686132,14.681337666584165,True,0.9381761978361668,n500_a6.0,True,True
(98702) 2000 XX31,704,712,8,17,3,15.37,6.435005579315102,3.217502789657551,0.008835654848196,0.1133773029439842,1.0,60.65666205312771,8.840036290702535,57.85149256358359,0.0168954958453588,3.0850454007046164e-15,1838.30108853383,285.672027145233,7.5623183874449005,1.4269228665272988,5.806597635408158,1.0,0.989382854752188,True,True,,,,,5.0,4.0,0.9985955056179776,16.219626934931682,True,0.9575163398692812,n500_a6.0,True,True
(6849) Doloreshuerta,511,513,2,4,1,13.77,6.2558856419913305,3.1279428209956652,0.0084862011583186,0.2156458407509184,1.0,82.43005494697223,10.002256585266515,76.98872988889818,0.0371423160420127,1.331184869674489e-23,391.6223518491606,62.60062511700615,9.676915774973011,2.356430410664741,1.3526178589631144,0.0,0.995686148163378,True,True,4.071,0.424,,6.254,5.0,2.0,1.0,0.550165337288874,True,0.9575163398692812,n500_a6.0,True,True
(247616) 2002 TF300,1403,1409,6,14,2,16.8,56.47544545477514,28.23772272738757,0.0014830778100225,0.1139541836991226,1.0,118.30589485498398,13.407356030703683,111.81635210323472,0.0039280652453189,3.470900489962499e-33,1126.4672969783423,19.94614275119625,17.107538284141324,1.276738629819108,1.455062251695218,9.0,0.8487558150731016,True,True,,,,,5.0,2.0,0.6415897799858056,19.265499022063395,True,0.8333333333333334,n500_a15.0,True,True
(71194) 1999 XH231,949,949,0,2,1,13.56,3.70929104466358,1.85464552233179,0.0119249863593712,0.2022742108189982,1.0,107.15007185391524,9.726794236630196,100.00524642933266,0.0021667233943592,9.726598380197682e-43,161.83216676744632,43.628867300738854,15.397849913833676,1.9056156592911633,,37.0,0.8097581612399625,True,True,11.696,0.068,,,5.0,1.0,0.0,1.0365999619467776,True,0.8253968253968254,n500_a15.0,True,True
(102120) 1999 RO172,1228,1235,7,6,1,14.27,4.889993456754256,2.444996728377128,0.0030837994436266,0.2832446311712609,1.0,222.4693222913493,20.48066318907501,216.86310154581145,0.0165064057539438,4.1538328664624255e-85,411.95714375632815,84.24492740114331,33.64425614319851,2.7035200135787716,1.622907614123427,2.0,0.9827148457455251,True,True,6.17,0.111,,4.89,5.0,1.0,0.2016194331983805,0.2418172859263485,True,0.9381761978361668,n500_a15.0,True,True
(4961) Timherder,541,550,9,3,1,12.19,4.121810094199564,2.060905047099782,0.0289132108706696,0.2714988479584344,1.0,86.7393039839398,9.000726518152279,81.10939481620312,0.0154971499482591,3.051397004896881e-34,606.3639597675065,147.11108612713986,16.468709630907846,2.702890787207008,2.219873838383835,5.0,0.9520787505238424,True,True,11.484,0.212,,4.121,5.0,1.0,0.0781818181818181,1.0328274230099908,True,0.9381761978361668,n500_a15.0,True,True
(46918) 1998 SC,1409,1411,2,6,2,13.37,6.236444661185987,3.1182223305929937,0.0051154656582874,0.3347313756612582,1.0,332.83871429188383,37.03510387404351,307.5099844347674,0.0086067255894639,1.4527039352843303e-120,901.6847780614626,144.58314425097277,42.74571524293342,2.349849878996054,1.3030668572206352,6.0,0.9834933486303494,True,True,9.432,0.075,,,5.0,1.0,0.3019135364989369,10.984007678830372,True,0.9381761978361668,n500_a15.0,True,True
(78071) Vicent,642,644,2,5,1,15.42,132.84530902351125,66.42265451175562,0.0358207344076437,0.3613257644197655,1.0,206.21074044275335,8.002760657849448,208.49421441270255,0.030110569772854,8.92045198724892e-59,575.8477771909093,4.334724209862724,24.23154430950869,2.7425794429401336,2.3669819926038307,2.0,0.0673398921522266,False,True,,,,,5.0,2.0,1.0,10.54797641551444,False,0.0909090909090909,n500_a15.0,True,True
(104596) 2000 GL91,1034,1034,0,4,1,13.89,7.434653486712861,3.7173267433564305,0.0118258348427968,0.2964598663867612,1.0,178.45515485511874,8.647557101352133,169.03963259023257,0.0039507044050792,7.095720163564427e-75,589.7444634211133,79.32373236696219,25.186802688224827,2.067239000700261,1.619313143333749,14.0,0.8621228025178006,True,True,10.076,0.076,,,5.0,1.0,0.0415860735009671,2.5599456040212676,True,0.85,n500_a15.0,True,True
(42068) 2000 YA133,1203,1231,28,3,1,13.12,4.357423507672327,2.1787117538361636,0.006744214865023,0.1457642400763678,1.0,180.49543749834,4.903407894755552,141.95376959286392,0.0032741691897411,2.009179993762784e-38,400.1684158594581,91.8360162042689,38.802633109533645,2.702276713008616,1.6007598831198595,43.0,0.7937598711426398,True,True,14.967,0.041,,,5.0,1.0,0.0,1.3103256449195584,True,0.8253968253968254,n500_a15.0,True,True
(29349) 1995 FQ4,1409,1412,3,3,1,14.2,4.608428651598292,2.304214325799146,0.0037496189414295,0.2953248789709295,1.0,245.7452516778432,8.562376854557796,219.27768350621992,0.0026256953073302,4.494490364660561e-103,590.0365220443346,128.03421006413944,44.25624025000311,3.357661278638818,2.453486947944869,27.0,0.6702344799835265,True,True,4.374,0.279,,,5.0,1.0,0.0,9.306458428298452,True,0.6363636363636364,n500_a15.0,True,True
(14245) 2000 AS31,624,625,1,2,1,13.98,7.358125938549467,3.6790629692747334,0.0056122366471704,0.2614638161063729,1.0,89.48981518012899,5.571766390692463,91.33575600289365,0.0062838282450151,1.982675734388322e-37,129.51242048176937,17.601278037828827,20.204145853215444,2.4871247973165023,,11.0,0.9429603874843894,True,True,,,,,5.0,1.0,0.0,0.7823469374518126,True,0.9381761978361668,n500_a15.0,True,True
(75882) 2000 CC32,786,786,0,8,1,14.54,83.83553803715446,41.91776901857723,0.0145442354844878,0.2764690774430929,1.0,170.12395275926156,12.390078440740782,169.35360315987546,0.0126310548226467,2.3100569022668498e-51,610.5607769535854,7.282839607744814,18.705527599894385,2.149806912861411,1.4216216166542963,5.0,0.3980505637909858,False,True,3.766,0.285,,,5.0,2.0,1.0,0.694227696097979,False,0.5151515151515151,n500_a15.0,True,True
(49344) 1998 WC4,982,985,3,12,3,15.07,10.05828847998234,5.0291442399911706,0.0031658230346828,0.2555732323672597,1.0,194.45373019651583,21.599578438556776,188.585678508772,0.0051996646533968,4.186393498454913e-59,10611.908340152702,1055.0411594648688,21.324267140418165,2.097787653946281,1.8619853590198168,15.0,0.9437903094970856,True,True,,,,,5.0,2.0,0.998984771573604,20.74305819637707,True,0.9381761978361668,n500_a15.0,True,True
(114745) 2003 HD21,565,565,0,6,1,16.43,187.13813481912624,187.13813481912624,0.3073426252850439,0.2963408840836407,1.0,156.70875038855905,15.740647859143612,152.31025284384933,0.014249908411349,1.8883860718414323e-39,581.514569740626,3.107408173660994,17.569141496676522,2.116907345568587,2.049388834190074,1.0,0.1368772700934282,False,False,1.713,0.219,,,5.0,2.0,1.0,13.291200749238277,False,0.1162790697674418,n500_a15.0,True,False
(81052) 2000 EV63,666,666,0,6,1,14.91,3.343204903631057,1.6716024518155286,0.0014609763862481,0.288401700587132,1.0,127.8388523656683,8.067572032083339,126.04783254212582,0.0201092981735562,2.1490742276581428e-45,628.668274422409,188.04359665170745,16.934895921951767,2.0266353390473713,2.3925553119530605,18.0,0.9536060251031367,True,True,3.926,0.199,,,5.0,2.0,0.7972972972972973,3.4756685824764357,True,0.9381761978361668,n500_a15.0,True,True
(97395) 2000 AT102,856,870,14,13,3,15.16,11.76470403592964,5.88235201796482,0.0131803778346428,0.2710392632898477,1.0,196.8139667685633,13.752515441716849,187.37544874408104,0.0104191559077815,7.046041114532522e-56,1788.8066301004146,152.0485874219499,25.112105176441457,2.9657516515942945,2.4385879208148378,4.0,0.9933957617939136,True,True,3.827,0.121,,,5.0,3.0,0.9988505747126436,13.760971292435944,True,0.9575163398692812,n500_a15.0,True,True
(66018) 1998 QA31,758,758,0,6,1,13.36,3.865950413536331,1.9329752067681656,0.0043102554112859,0.263895534060231,1.0,141.79743839470473,17.75546595376558,133.8712375492102,0.0109527099046957,1.3794662138487728e-46,612.8109322091332,158.51494888900342,18.05108503598834,2.0543994456552084,1.3547851130018225,2.0,0.9870093685135898,True,True,,,,,5.0,3.0,0.9986807387862796,0.5901654342810119,True,0.9575163398692812,n500_a15.0,True,True
(434144) 2002 RL98,560,563,3,4,1,16.39,140.26484635645286,140.26484635645286,0.2954832606714862,0.1943446366420741,1.0,122.4811958253943,6.911419746703177,111.06545134917836,0.008437602769626,5.381305907488559e-23,541.4468625590089,3.860175066124825,20.407369008518693,2.3655446299710983,2.602524967789931,0.0,0.0583228830100795,False,False,,,,,5.0,2.0,1.0,11.100087685458403,False,0.0909090909090909,n500_a15.0,True,False
(1750) Eckert,1105,1125,20,3,1,13.69,208.8712599820068,208.8712599820068,0.8698634162385325,0.8515082305834951,1.0,2033.1726661354392,7.925063501700821,1815.2730238460576,0.1382282643033149,0.0,277.15796069201315,1.3269320092955292,815.0077424164327,47.22048484881905,6124278.047821546,0.0,0.1629031884757666,False,False,,,,,5.0,1.0,0.0,1.1052261275631174,False,0.25,n500_a60.0,True,False
(13772) Livius,1463,1481,18,3,1,13.0,11.291503905412478,5.645751952706239,0.0038386782374197,0.8618685968480281,1.0,2615.12426813294,17.019858683300136,2274.0712561716937,0.0031259731447408,0.0,426.00259649252985,37.72771103487193,484.49867702828345,9.722096093612976,1.8995509836477784,16.0,0.9809139332813148,True,True,9.5,0.179,,11.2911,5.0,1.0,0.0,3.390791316767027,True,0.9381761978361668,n500_a60.0,True,True
(42135) 2001 BK26,1407,1414,7,4,1,14.14,200.21808915038213,100.10904457519106,0.2570193080400665,0.4098345840475583,1.0,540.976123078539,10.210897631399352,502.6236092060867,0.0083240804652942,2.283481679712235e-157,430.1628706044866,2.1484715613352745,79.7481649220889,4.398629455899262,6.8702194262190845,0.0,0.1999230437932345,False,True,12.243,0.03,,,5.0,1.0,0.0,2.878588188078959,False,0.25,n500_a60.0,True,False
(21187) Setsuo,1352,1356,4,4,1,14.4,142.66044733775135,71.33022366887568,0.0586504878384949,0.5414863303063208,1.0,476.8445954348038,15.689632913993526,474.1272444846115,0.0244422427748332,7.234106498834475e-225,550.7842823897372,3.860805799141684,90.48196118743988,4.463434757879543,3.26594700112614,0.0,0.1956177806328489,False,True,4.312,0.218,,,5.0,1.0,0.053834808259587,8.411031458363283,False,0.25,n500_a60.0,True,True
(75) Eurydike,1471,1499,28,3,1,9.22,5.357929509432807,2.6789647547164037,0.0031454753157184,0.5298637085044838,1.0,358.9594563231997,16.652250650265362,301.6280074338855,0.0038298500851543,6.923210933790869e-241,650.5643428943586,121.42084768920888,252.69402316471673,16.54099153809963,7.280648433418904,15.0,0.9552845627595272,True,True,62.377,0.117,M,5.357,5.0,1.0,0.0,0.4220705914902485,True,0.9381761978361668,n500_a60.0,True,True
(514) Armida,1308,1309,1,2,1,9.2,21.909737153440737,10.954868576720369,0.0144258940869599,0.648797640950029,1.0,885.3118585387072,8.030142482263969,722.9935966024332,0.0026677346463413,1.020327022318453e-292,578.3777047996991,26.398203718700017,314.3729168289763,33.46600882210748,,4.0,0.9330173648253354,True,True,120.093,0.03,XC,21.851,5.0,1.0,0.0,5.9005373919734545,True,0.9381761978361668,n500_a60.0,True,True
(3868) Mendoza,1419,1421,2,3,1,12.67,2.772248837312038,1.386124418656019,0.0066970013934171,0.2972485433535529,1.0,399.3608596972001,11.389746175927636,385.6967256326679,0.0020586327170122,1.1712470908698077e-104,301.36082675890066,108.70626860866462,76.8577380928404,4.373296068321624,1.8767371027733517,66.0,0.965352147711394,True,True,8.628,0.218,,2.7709,5.0,1.0,0.0,1.562387830660537,True,0.9381761978361668,n500_a60.0,True,True
(7192) Cieletespace,1420,1446,26,4,1,12.2,6.355962935214621,3.1779814676073106,0.0153226972139226,0.8239552507368882,1.0,1513.8580226752113,9.247347069012742,1290.607351279792,0.0035387340830539,0.0,546.8309524271172,86.0343205271779,335.796960958787,19.284767247002986,9.707384672781568,25.0,0.9771578789987344,True,True,15.028,0.137,,6.3546,5.0,1.0,0.0,2.878580755175043,True,0.9381761978361668,n500_a60.0,True,True
(2846) Ylppo,1323,1329,6,2,1,11.56,18.922079833611704,9.461039916805852,0.0095723210088762,0.5246776616543533,1.0,667.5443466200217,14.265330115956871,599.0303730715411,0.001828344842262,4.57429369611162e-210,346.49918893683935,18.311897634072196,174.10606580354272,5.856156536913812,,7.0,0.93888951983871,True,True,27.994,0.072,,18.894,5.0,1.0,0.0,1.8199839022408255,True,0.9381761978361668,n500_a60.0,True,True
(4380) Geyer,645,646,1,2,1,12.1,7.729851502341085,3.8649257511705426,0.0123418148771347,0.8426330037850289,1.0,349.2492905209605,8.649124612866116,281.2315846546952,0.0080875266818745,4.774626721646103e-254,583.7186516050715,75.51485968757417,211.32089466393137,9.304346556905514,,3.0,0.937294225154055,True,True,16.908,0.129,,9.41,5.0,1.0,0.0,3.74699354193085,True,0.9381761978361668,n500_a60.0,True,True
(3152) Jones,869,869,0,2,1,11.96,22.378667570995095,11.189333785497547,0.0204738401760185,0.7892863724824372,1.0,1368.9775549178405,11.533816247667335,1163.4480051059095,0.0020307670882102,1.3063541654261025e-288,141.9994028492365,6.345301944307059,303.04030150292766,11.940653324825997,,6.0,0.913955013213846,True,True,30.952,0.02,,22.291,5.0,1.0,0.0,0.3764377852089229,True,0.8862275449101796,n500_a60.0,True,True
(493) Griseldis,672,693,21,1,1,10.92,51.28548964588927,25.642744822944636,0.0668590140544812,0.7764361243237383,1.0,1647.655509134231,2.897658893350338,1382.6173361795506,0.0032498000560119,1.87142776960951e-220,122.83419940673048,2.3951063011168134,134.48547989581837,11.972118940669294,,2.0,0.9249297239495552,True,True,41.55,0.081,,51.94,5.0,1.0,0.0,0.4260792758135143,True,0.8862275449101796,n500_a60.0,True,True
(8310) Seelos,588,588,0,2,1,14.53,7.434350399277521,3.71717519963876,0.0033434934732709,0.6795730725431014,1.0,502.10575818289726,3.0625062438912956,524.5903977211123,0.0042091360142609,9.870367469188826e-141,98.3373589364346,13.227431269044189,90.2038427553336,5.309688748906601,,12.0,0.9743554479998576,True,True,3.509,0.329,,,5.0,1.0,0.0,1.915344477915882,True,0.9381761978361668,n500_a60.0,True,True
(11732) 1998 KX48,1003,1004,1,2,1,12.55,240.0,240.0,0.0003617628021375,0.7420071832553522,1.0,2953.0272828034986,8.292211891762289,2674.9639102347674,0.1729161305178422,3.2208195269332263e-290,198.50012867571783,0.8270838694821577,674.2566011389874,17.39181717389267,,0.0,0.2947908801463795,False,False,10.844,0.137,,336.03,5.0,1.0,0.0,0.6390559579122992,False,0.25,n500_a60.0,True,False
(71) Niobe,501,501,0,2,1,7.22,35.52529889579506,35.52529889579506,0.3147036805668766,0.4883625613598679,1.0,890.2027698562036,1.2439399546822612,757.2112669080269,0.0039808441596171,6.01817053656396e-69,80.00004013994476,2.2519174398674497,281.83716057015323,57.2748553841011,,2.0,0.9779819492280076,True,False,83.42,0.3052,S,35.864,5.0,1.0,0.0,0.4687925130869588,True,0.9381761978361668,n500_a60.0,True,True
(54432) 2000 LG31,501,502,1,2,1,13.48,7.095964919247771,3.547982459623886,0.004770729643628,0.9642632192081028,1.0,1364.0936824871942,1.7334234412059328,1204.3538854742635,0.0035607961368604,0.0,79.83337395329727,11.250531092219695,460.3899992242076,34.5081644367352,,11.0,0.9962301059783548,True,True,6.651,0.23,,7.11,5.0,1.0,0.0,0.5635182102258796,True,0.9575163398692812,n500_a60.0,True,True
(14241) 2000 AO5,1468,1480,12,9,3,12.97,11.515562455903243,5.7577812279516225,0.0017377859281051,0.6531679520747418,1.0,710.4428406223991,27.887514284536685,623.842759695518,0.0039122226334865,0.0,1881.643058829184,163.40001333279156,146.52061608897787,4.813988715387453,2.3973014312654515,3.0,0.8664223759088917,True,True,15.042,0.071,,11.506,5.0,1.0,0.2621621621621621,9.98094799538246,True,0.85,n500_a60.0,True,True
(9132) Walteranderson,1459,1472,13,3,1,12.79,6.266630890933831,3.133315445466915,0.0030316242538961,0.7293484035739798,1.0,743.8794526440171,29.974831739409563,651.3137226407922,0.0044530924799652,0.0,588.8698048072401,93.969122333211,230.1938809301069,5.72604854377673,1.3676269606925733,13.0,0.9798349932173948,True,True,15.741,0.071,,6.268,5.0,1.0,0.0,6.807517757877109,True,0.9381761978361668,n500_a60.0,True,True
(33291) 1998 KP9,2599,2603,4,9,2,14.32,2.1956640324538625,1.0978320162269313,0.0057221897963107,0.0068659849896777,1.0,11.138321008661642,1.6458672098840903,9.933448885339416,0.002754433220689,0.8678799652212997,1218.2994196917862,554.8660458450108,1.2847027392297965,0.3167564489598442,1.2435834531771042,70.0,0.1033340134357421,False,True,2.894,0.53,,,5.0,1.0,0.1175566653860929,15.538985996711876,False,0.1162790697674418,n1500_a0.0,False,False
(181342) 2006 RE5,1923,1932,9,10,3,16.66,9.546650885105578,4.773325442552789,0.0099754892836965,0.0123236812563972,1.0,11.547645400015147,1.9108862527834036,10.123817904858688,0.0028086276536816,0.0740644107268214,1780.0959446931956,186.4628722802101,1.3316142602101992,0.5565382997321529,17.33683069030952,23.0,0.1802334923390913,False,True,,,,,5.0,1.0,0.2277432712215321,25.043260143763035,False,0.25,n1500_a0.0,False,False
(17766) 1998 ES3,3179,3187,8,10,3,13.55,2.283199524845953,1.1415997624229766,0.7886637852616705,2843.9325761938535,1.0,4267.75615710594,206.32717188812055,28734.77847288403,0.0013260123565104,,1451.2498624976724,635.6211302188266,0.5870235098813009,11.50864443747524,2371801.574737352,104.0,0.9204146299104948,True,True,5.842,0.156,,,5.0,1.0,0.0015688735487919,16.311497078929136,True,0.8862275449101796,n1500_a0.0,True,False
(17326) 4023 T-1,1771,1771,0,6,1,15.15,4.8301294763725995,2.4150647381862997,0.0014286486664683,0.0090978870696242,1.0,9.253579713209955,1.5415123861856972,8.069447174840573,0.0053203841796687,0.9819666491084764,483.98789952497464,100.2018479820228,1.3616144203252634,0.2963975545372824,6.133129587974921,29.0,0.0773347204855592,False,True,2.556,0.225,,,5.0,1.0,0.0033879164313946,3.0973096116429772,False,0.1162790697674418,n1500_a0.0,False,False
(7035) Gomi,3644,3660,16,8,2,12.98,3.715564125148563,1.8577820625742816,0.0080575921119974,0.0071269005580291,1.0,14.221844809319371,1.7506966964145785,12.663573142511902,0.0012377995690849,0.0524863467322551,1217.1956518322113,327.59376795402306,1.4160374659148531,0.3130758427673122,1.454014259917951,119.0,0.1028872560156474,False,True,14.895,0.063,,62.897,5.0,1.0,0.0,12.56162335455116,False,0.1162790697674418,n1500_a0.0,False,False
(153870) 2001 XD87,3262,3266,4,9,3,15.39,0.9659175211880155,0.9659175211880155,0.8795352736489565,1044.317323767292,1.0,1766.6756780830822,328.56379722010576,17225.615695770754,0.0020552251547741,,1708.255802077765,1768.531747904026,0.6128260460716546,13.30630440079944,40388464.009553574,0.0,0.9279384775859988,True,False,,,,,5.0,1.0,0.1221677893447642,26.544247670459615,True,0.8862275449101796,n1500_a0.0,True,False
(66669) Aradac,1605,1607,2,11,2,15.46,2.808573991814703,1.4042869959073514,0.0066956523904782,0.0119406461027211,1.0,11.866985160692122,1.7369100040128385,10.688426111967292,0.0039114933534188,0.4693511706425053,1201.2174393511375,427.69656161880056,1.3812258855117294,0.3793435560447503,1.2145116647917904,12.0,0.0445938034507078,False,True,4.747,0.065,,,5.0,2.0,0.5662725575606721,15.63031075621368,False,0.0909090909090909,n1500_a0.0,False,False
(94448) 2001 TV96,1654,1655,1,7,3,16.22,9.521472720112424,4.760736360056212,0.0026145290377775,0.0135707120508927,1.0,13.077893782053753,1.992578588000229,11.97379846137313,0.0033659295185078,0.0953130455987392,1515.238840558799,159.13912533279913,1.1657110554298962,0.4637580706265255,14.917702001523912,24.0,0.1838074411617918,False,True,,,,,5.0,1.0,0.4229607250755287,23.81964151266083,False,0.25,n1500_a0.0,False,False
(91665) 1999 TC109,2437,2437,0,7,2,14.63,3.856555507730544,1.928277753865272,0.0024578430581594,0.0073825498313544,1.0,10.64920078013737,1.5418622587437558,9.108650199700222,0.0018857464211937,0.7433942870557855,1198.8839585587266,310.8691048671643,1.4297025139377146,0.3032504418034739,1.1551966541561625,58.0,0.1220140322082034,False,True,7.237,0.07,,,5.0,1.0,0.093557652851867,15.29458735317695,False,0.1162790697674418,n1500_a0.0,False,False
(103181) 1999 XR237,1785,1788,3,9,2,16.46,19.963787870395937,9.981893935197968,0.0112640491198019,0.0089048848540213,1.0,10.661639009765548,1.465161373766653,9.337862223839648,0.0031677361251066,0.9551948352691206,1200.3843589945463,60.128086252338015,1.460898017948258,0.3583967736775049,2.2706553861079803,17.0,0.0326867145955737,False,True,,,,,5.0,1.0,0.4474272930648769,22.79217077899852,False,0.0588235294117647,n1500_a0.0,False,False
(71139) 1999 XB180,2855,2858,3,15,4,14.08,4.3567235697369355,2.178361784868468,0.0019943591635876,0.0063471487974785,1.0,10.731999089895352,1.5922904188190172,9.199495953979069,0.0015033422495049,0.8540714956475021,10194.185359245515,2339.87426470141,1.446608520497629,0.334991399614185,1.6504494641247949,73.0,0.0320743200455663,False,True,5.841,0.156,,,5.0,1.0,0.1011196641007697,17.359915578988197,False,0.0588235294117647,n1500_a0.0,False,False
(56697) 2000 LO27,2063,2068,5,7,3,14.39,5.213094641569279,2.6065473207846397,0.0046651442914174,0.0594304683399059,1.0,15.811060209791703,1.156757753927881,11.22719327464766,0.0021328140759308,1.3051692477780957e-23,1481.7603781180806,284.23815027306534,1.2936828027989078,1.5923140459953111,108.67464363682294,38.0,0.1933398313558104,False,True,3.574,0.317,,,5.0,1.0,0.0,17.632158464658396,False,0.25,n1500_a0.0,True,False
(22926) 1999 TK106,2634,2637,3,7,2,14.1,2.108070003671076,1.054035001835538,0.0005814100077846,0.0078394420848356,1.0,11.675588119909142,1.579200992376329,10.410190097116084,0.0015267614358278,0.3685515332530601,1175.7391256036935,557.732486851108,1.0623468062577746,0.3058431999134945,1.8959345259735925,78.0,0.0607797688860997,False,True,4.38,0.305,,,5.0,1.0,0.0197193780811528,14.265857058179662,False,0.0909090909090909,n1500_a0.0,False,False
(74842) 1999 TS38,1593,1595,2,7,2,16.38,2.6162026726554632,1.3081013363277316,0.002379407884064,0.0101669630742984,1.0,9.448679998323644,1.4017072398022932,7.87117828008664,0.0037291138385805,0.8208484269107107,1214.6338712685392,464.27361456506645,1.2276198461438366,0.3877570666442576,1.2754249770359498,23.0,0.1488950841291319,False,True,3.249,0.055,,,5.0,1.0,0.2858934169278997,24.173725019216192,False,0.125,n1500_a0.0,False,False
(234166) 2000 KD67,2316,2331,15,13,2,14.7,7.448685282717705,3.724342641358852,0.0052571904151578,0.0143225964825848,1.0,21.04941704707988,2.257408768985478,19.00940091897882,0.001706326263632,0.0005320506689353,2515.9695013125893,337.7736346506803,2.8685411655995567,0.5693897795968031,4.19783422966061,42.0,0.5692865882587019,True,True,7.398,0.056,,,5.0,1.0,0.0476190476190476,14.624007286726872,True,0.5689655172413793,n1500_a1.5,True,False
(247060) 2000 QC99,1746,1746,0,5,2,16.06,4.045606511760707,2.0228032558803535,0.0034419966785636,0.0165984781395147,1.0,17.13895458468488,2.0876491522365708,15.501628690135592,0.0025323055272415,0.0005800386931208,9863.386951655732,2438.0490101997193,2.8544218080175305,0.6380870083642979,1.396021918437489,52.0,0.4539050663007818,True,True,1.949,0.244,,,5.0,1.0,0.0005727376861397,14.818061172275506,True,0.5151515151515151,n1500_a1.5,True,False
(16608) 1993 FA23,1580,1588,8,4,1,13.79,9.499549569094176,4.749774784547088,0.0100867294353359,0.0149043507895645,1.0,14.481627820575936,1.58265638234658,12.277115929522283,0.0151954298301272,0.1024724466815669,546.8309524271172,57.56388220828663,1.8191962284860843,0.5891220674973823,1.4877797711865983,18.0,0.028666435330756,False,True,7.084,0.14,,,5.0,1.0,0.0,4.260002176001624,False,0.0588235294117647,n1500_a1.5,False,False
(75777) 2000 AF198,1556,1558,2,4,1,14.19,8.716523407396298,4.358261703698149,0.0020472645833668,0.0153321034165271,1.0,13.379612992111564,2.012079522153124,11.435323493188896,0.0019520975523883,0.0773969943841693,545.6706149640377,62.60186423649314,2.8137224864415527,0.4298922809833549,2.9766710548368325,29.0,0.111976620729335,False,True,5.066,0.188,,,5.0,1.0,0.021181001283697,4.429305429210325,False,0.1162790697674418,n1500_a1.5,False,False
(125395) 2001 VS96,1778,1779,1,5,1,15.24,14.467501974202111,7.233750987101057,0.0078021057266368,0.0208410186079366,1.0,21.151138249639093,3.338019364719762,19.19642361910462,0.0022442013246021,0.0001438268155271,545.8372866603895,37.728509568113786,2.7854011675884753,0.5506430123946618,1.1718834974887935,17.0,0.2647864827975087,False,True,3.385,0.128,,,5.0,1.0,0.0056211354693648,6.9103189448213715,False,0.25,n1500_a1.5,True,False
(74289) 1998 SX135,1553,1553,0,6,1,14.77,4.705212767759986,2.352606383879993,0.0036768614617725,0.0149460486476924,1.0,14.013141281942138,1.769342017271013,12.60202389474942,0.0031133800273862,0.0961169844287623,546.6805772301159,116.18615442344267,2.064211554283812,0.4438212213763056,1.1265415278364996,38.0,0.0496413231207847,False,True,,,,,5.0,1.0,0.0,7.257593240137529,False,0.0909090909090909,n1500_a1.5,False,False
(71405) 2000 AG173,2173,2176,3,9,2,14.9,6.158949877288429,3.0794749386442146,0.0102606415188077,0.0107955897271102,1.0,12.891620389882704,2.0017271102622427,11.604468036725969,0.0023056631133319,0.1059444093857752,1202.4652630380588,195.23868305410895,2.6476882224048053,0.4229776732937673,1.4095522046406628,28.0,0.1292653036036887,False,True,3.318,0.193,,,5.0,1.0,0.1783088235294117,14.775590599283296,False,0.1162790697674418,n1500_a1.5,False,False
(105088) 2000 KO81,2402,2409,7,9,2,15.67,2.61814993162673,1.309074965813365,0.0008436573700234,0.0129602474473745,1.0,19.242754842751836,2.504831806785151,18.16532593835455,0.0023758988818385,0.0029056896238106,1152.9612438994227,440.3725050165694,2.1192471071064407,0.4625066405039928,1.8547913745512628,61.0,0.6328652991095115,True,True,,,,,5.0,1.0,0.1805728518057285,18.62325052391203,True,0.6363636363636364,n1500_a1.5,True,False
(44740) 1999 TJ37,2504,2525,21,6,1,14.25,5.18341091470736,2.59170545735368,0.0052756096780411,0.0118052933095751,1.0,16.387214099969746,1.7046981681484294,14.77258743152306,0.0015180448086914,0.0070254078825985,608.4995056028129,117.39364592459036,2.7895973855474043,0.4704334469425696,1.4104443418393524,62.0,0.0732850667109782,False,True,,,,,5.0,1.0,0.0,4.797348290243506,False,0.0909090909090909,n1500_a1.5,True,False
(133979) 2004 TC243,1682,1685,3,6,1,15.03,19.54261435807504,9.77130717903752,0.0018578025768843,0.0142617374441535,1.0,16.26340745413748,2.032129032169303,14.683172966477487,0.0019933535784393,0.0850697434420909,588.8390695882263,30.131028469326417,2.5815595571129166,0.5992079245015124,1.7333317041713572,15.0,0.0107549751317401,False,True,,,,,5.0,1.0,0.3655786350148368,4.725801663316028,False,0.05,n1500_a1.5,False,False
(55568) 2002 CU15,2633,2646,13,10,3,11.5,23.70780900554051,11.853904502770256,0.0022146641502823,0.0119247970136015,1.0,18.94347452156475,2.5788398004797854,17.36460206757621,0.0028234149347114,0.0053990239838012,9469.500364706037,399.4253691892412,2.7130637179781782,0.3885269417983359,1.1011614008545798,0.0,0.4632994954840309,True,True,27.608,0.064,,,5.0,1.0,0.0472411186696901,6.649620790429051,True,0.5151515151515151,n1500_a1.5,True,False
(306497) 1999 UC17,2202,2203,1,13,2,14.92,3.9909596662042217,1.9954798331021109,0.0034725380528967,0.0123401479097241,1.0,15.223077217585642,2.2666311012196028,13.670011248094992,0.0037158238162305,0.0209297727919968,1166.4674638043507,292.2774373497418,2.7807263367945185,0.4506463403916577,2.4730479510879713,25.0,0.5724521310580476,True,True,6.195,0.061,,,5.0,2.0,0.548797094870631,16.41304296181998,True,0.5689655172413793,n1500_a1.5,True,False
(93746) 2000 VU57,1634,1634,0,8,2,15.25,2.588496702077512,1.294248351038756,0.0041106480207359,0.0234123344053615,1.0,21.894915337293384,3.4110825056212093,19.80651541469027,0.0024899507967293,4.573968451509771e-05,1202.9079110997263,464.71293941934704,2.676178638911273,0.4868477795964017,1.340597384597395,27.0,0.5864751579992167,True,True,2.696,0.243,,,5.0,1.0,0.1413708690330477,17.86379368769905,True,0.5689655172413793,n1500_a1.5,True,True
(124439) 2001 QG249,1644,1651,7,8,2,17.08,21.248746201338232,10.624373100669116,0.0021998463558242,0.0140471297192775,1.0,12.627400693802532,2.0122417419548224,11.211381573802424,0.0037837386655047,0.0836120261795287,1204.2151521435007,56.672292131178075,2.2404180509582337,0.616749591955171,1.483323958853423,8.0,0.0670519022976803,False,True,,,,,5.0,1.0,0.306480920654149,22.945524282944923,False,0.0909090909090909,n1500_a1.5,False,False
(166356) 2002 KD14,1807,1810,3,7,1,15.82,8.30151458670198,4.15075729335099,0.0102229415940405,0.012339982390114,1.0,12.54863864002663,1.59431748984106,11.013139989556707,0.0027640374340487,0.1999579945074746,589.0057531919447,70.95160130603884,1.500406367721516,0.3954688546303114,1.186928748549838,25.0,0.0206176724573365,False,True,3.025,0.111,,,5.0,1.0,0.0,5.04007346560395,False,0.05,n1500_a1.5,False,False
(109196) 2001 QA76,1544,1555,11,10,2,15.2,27.83207610119208,13.91603805059604,0.0076001254094961,0.0158641042666475,1.0,16.988568966050344,2.123034050912652,15.42025616850077,0.0047498784758139,0.046323074099596,1217.9160748090362,43.759440380262234,2.4863891758325845,0.477274272669186,1.405295343950573,13.0,0.0711334230972843,False,True,2.576,0.292,,6.3632,5.0,2.0,0.5337620578778135,13.27622091770698,False,0.0909090909090909,n1500_a1.5,False,False
(85987) 1999 JT5,4195,4196,1,15,3,15.61,2.670486264760261,1.3352431323801306,0.0014007174935088,0.0090363414411241,1.0,21.98528993068521,3.05514783696109,20.14392073051006,0.0012908248280836,0.0001683449361648,1828.1987366111716,684.5939485763636,2.9526873512729703,0.3698552277577149,1.1103201051515288,97.0,0.3197587779838728,False,True,,,,,5.0,1.0,0.1720686367969494,20.640380266936617,False,0.375,n1500_a1.5,True,False
(15720) 1990 EN1,1789,1815,26,6,2,13.75,68.58936300822668,34.29468150411334,0.0226160744138108,0.0221498632508165,1.0,31.375296851013303,3.7774713033245817,29.2710495083219,0.0034757491584535,2.225513258170716e-05,1181.901654614776,17.231558987842142,4.462410331491049,0.6356867983423145,1.7361109586385095,4.0,0.0774885447494133,False,True,10.919,0.057,,1.15,5.0,1.0,0.4787878787878787,12.679278465542769,False,0.1162790697674418,n1500_a3.0,True,False
(61470) 2000 QK35,2083,2085,2,6,3,14.98,2.2411600356715113,1.1205800178357557,0.0023904399966035,0.0348308847717916,1.0,46.79785456948209,5.071945243324071,43.79350269252344,0.002214966429304,2.453997096429868e-12,1834.116253702494,818.3780830059928,5.167083569238346,0.5830774262328843,1.5514686029794946,49.0,0.9219546888247032,True,True,,,,,5.0,1.0,0.3400479616306954,16.884308804619472,True,0.8862275449101796,n1500_a3.0,True,True
(79980) 1999 DX3,2317,2325,8,12,2,15.67,186.0013863763816,186.0013863763816,0.0023561707169854,0.0112694258799464,1.0,15.666710331997717,2.2116913238518507,14.287825292249252,0.0026328667779789,0.029783134631542,2655.8728646576637,14.278779940292456,5.029427085003585,0.4454124116841794,1.87460722598741,3.0,0.0043700996296226,False,False,,,,,5.0,1.0,0.101505376344086,24.338524681893,False,0.0,n1500_a3.0,False,True
(30427) 2000 LX8,2803,2804,1,8,2,14.26,2.656502997349521,1.3282514986747604,0.0020200377145978,0.0133975635632949,1.0,16.771524483803965,2.359193016459824,15.00014326898058,0.0026195173670532,0.0001387382530321,1224.8220006465565,461.06554438997466,3.7787502166431497,0.6142021362117431,1.3189693840074357,64.0,0.6333365332880189,True,True,,,,,5.0,1.0,0.0342368045649072,16.65849403132967,True,0.6363636363636364,n1500_a3.0,True,True
(105374) 2000 QG128,1803,1815,12,5,2,15.0,90.97083659229236,45.48541829614618,0.0055992496989605,0.0119354868373465,1.0,14.827930268091244,1.680460841807652,12.807775918629792,0.0057656663123923,0.1928463475063675,1175.4915432821726,12.921630572118625,3.061574421153475,0.4729617522882933,1.0975601474507748,2.0,0.0030296461339858,False,True,4.272,0.14,,,5.0,1.0,0.1746556473829201,16.91473647523577,False,0.0,n1500_a3.0,False,False
(67947) 2000 WR153,2904,2910,6,19,4,15.18,24.11097164672344,12.05548582336172,0.0037548592177464,0.0184697511389357,1.0,34.58959032192846,4.046023651546271,32.23316213446828,0.0022302263780732,4.8832474446892143e-08,3253.510640459368,134.93900984705874,5.8322571298014765,0.6825779451070513,2.390907855716195,11.0,0.0668461071862213,False,True,2.5,0.235,,,5.0,1.0,0.2426116838487972,21.95547707015281,False,0.0909090909090909,n1500_a3.0,True,True
(20391) Ivantsov,3823,3862,39,10,3,12.89,32.39762035886162,16.19881017943081,0.0013169624187514,0.0210163912067299,1.0,50.58797039912509,2.2003005982305384,43.97558523813096,0.0013225617680754,9.752114487496777e-14,1833.894516577944,56.605840066778995,5.696521663201456,0.5903209069833855,2.6433947474912647,17.0,0.1175798087631913,False,True,10.259,0.127,,,5.0,1.0,0.3081305023303987,11.139506040396746,False,0.1162790697674418,n1500_a3.0,True,False
(62754) 2000 US7,2764,2769,5,9,2,14.6,6.6093109301224295,3.3046554650612148,0.0006627349888558,0.0164020347861746,1.0,25.690732576957668,3.343953385746027,23.615921093558683,0.0014702654625312,2.8096533765979932e-06,1227.572303635825,185.73378021013843,3.0243537769808464,0.538158626256769,1.8351666525644488,37.0,0.2619650394004662,False,True,4.904,0.128,,,5.0,1.0,0.0046948356807511,18.54220637711948,False,0.25,n1500_a3.0,True,True
(21108) 1992 QT,2225,2249,24,11,1,14.27,14.53507631431178,7.26753815715589,0.0018955429970249,0.0288905986770052,1.0,39.97095733616404,4.780619853669654,36.99452951920184,0.0018153983755257,1.5615852700046326e-10,605.5145602537086,41.658849748005544,4.129615798662735,0.7926869390523423,3.917438810591527,21.0,0.2626680372728462,False,True,6.666,0.1,,,5.0,1.0,0.0,7.594342798591878,False,0.25,n1500_a3.0,True,True
(6951) 1985 DW1,2908,2917,9,10,3,13.13,40.59048239017197,20.295241195085985,0.0010528904587759,0.0162946232430999,1.0,29.145379253659108,2.8777846914181655,26.043114491467207,0.0019117490114189,1.239034714334534e-06,1874.2046671577264,46.173500702507575,3.791871810172657,0.4171304164340291,1.4305181545399042,10.0,0.0944372919332762,False,True,,,,,5.0,1.0,0.1522111758656153,5.247606581192226,False,0.1162790697674418,n1500_a3.0,True,False
(79501) 1998 FN135,1518,1521,3,4,1,14.42,69.76496767608606,34.88248383804303,0.0069481235295514,0.0154451854140095,1.0,15.118852148636842,1.7712912963941363,13.16115920313926,0.003927182116719,0.0974434241737575,573.167161724763,8.215687340183955,3.133809249544742,0.4920022615163393,1.290177354176559,4.0,0.0068634856291551,False,True,8.069,0.062,,,5.0,1.0,0.2393162393162393,2.770746101949014,False,0.04,n1500_a3.0,False,False
(99095) 2001 FF39,1529,1532,3,7,2,15.12,165.1728524154155,165.1728524154155,0.0120055924995545,0.0182478134087638,1.0,17.209712916092563,2.3491679125380873,16.261098621629788,0.0035396237287811,0.008272356318472,1217.8273843147326,7.37304809177633,5.022779352943535,0.6881115391345902,1.2310155623296106,2.0,0.0147978598014925,False,False,3.095,0.222,,,5.0,1.0,0.4295039164490861,17.391136668294113,False,0.05,n1500_a3.0,True,False
(66998) 1999 XY113,1728,1730,2,4,1,13.92,2.48589111890223,1.242945559451115,0.0016318854161422,0.0299214284086837,1.0,28.27756979250497,3.971678329934234,26.074379811016716,0.0020802097539173,8.866528164563635e-08,546.6704896410811,219.90926532715193,5.27106725900631,0.7745786559155746,1.6847061049555607,71.0,0.7162706809297558,True,True,4.118,0.262,,2.486,5.0,1.0,0.0167630057803468,5.489246905725481,True,0.6363636363636364,n1500_a3.0,True,True
(13064) Haemhouts,1989,2058,69,11,3,15.1,153.87371215603707,153.87371215603707,0.008250473366458,0.0300356751348641,1.0,65.26205568127216,2.2204618732658803,58.517016609294615,0.003958269989995,7.303722086127631e-10,1833.2158775712596,11.913769102497962,5.368432185736909,0.8366400674993982,1.9846053102240184,3.0,0.056118745030637,False,False,,,,,5.0,1.0,0.3318756073858114,15.301469612935875,False,0.0909090909090909,n1500_a3.0,True,False
(47373) 1999 XT91,1633,1633,0,4,1,14.23,22.050522321114823,11.025261160557411,0.0087555580162089,0.0241604046705785,1.0,22.939882016500057,2.198592860450886,19.64243943974452,0.0028835627957746,3.7166871847481765e-05,430.0075252071256,19.501013125451685,4.930987471065349,0.780968532315251,1.3864680951937491,9.0,0.3112422515550398,False,True,4.031,0.273,,2.111,5.0,1.0,0.0,2.511152459730857,False,0.25,n1500_a3.0,True,False
(581255) 2015 FE291,2355,2361,6,6,1,16.21,17.160532264415,8.5802661322075,0.0027219359316607,0.0220857878927906,1.0,29.16737102838268,3.4975269437872836,27.63663273544935,0.0044454308826181,1.1030091753050546e-07,567.6910978153464,33.081205703190285,4.816566182438942,0.6159472552773025,1.3492984473338656,16.0,0.3127250703148831,False,True,,,,,5.0,1.0,0.0,13.224207167838845,False,0.3249156972119444,n1500_a3.0,True,False
(52143) 6635 P-L,1768,1774,6,4,1,15.88,56.874323695823875,28.437161847911938,0.0005991193351581,0.0141739630801216,1.0,14.37354668189064,1.8543328734417923,12.684444962297832,0.0022040034091574,0.0600518685402809,546.8256176352734,9.61463068220054,3.3704968059902276,0.5268709848458559,1.4352132830552504,3.0,0.0108843905531803,False,True,,,,,5.0,1.0,0.0,9.01555545054238,False,0.05,n1500_a3.0,False,False
(275567) 1999 TB25,1706,1722,16,10,2,16.29,20.041963542599888,10.020981771299944,0.0030144619798502,0.0940580428860836,1.0,101.81047390607492,10.367701006899145,98.31323834732164,0.0021114805483303,4.189194688692444e-33,1216.299760294729,60.68765456585337,14.017458803081109,1.1805721771755295,4.347455959089054,10.0,0.6008743166972604,True,True,,,,,5.0,1.0,0.3426248548199768,21.344504395263755,True,0.5689655172413793,n1500_a6.0,True,True
(106051) 2000 SJ312,1554,1554,0,4,1,14.26,12.712537537373592,6.356268768686796,0.0150207692118246,0.0551823825920061,1.0,49.940814622653456,3.904234048935132,45.12962783392781,0.0042909915657672,2.1759392111123757e-15,554.1731525016949,43.59264630468001,8.461651616131011,1.149859800974844,1.2996386594639373,14.0,0.7526473978505263,True,True,8.109,0.062,,,5.0,1.0,0.0,2.839071085535976,True,0.7142857142857143,n1500_a6.0,True,False
(152670) 1998 GN3,2145,2161,16,8,1,15.23,152.69214100078267,152.69214100078267,0.0099463434786908,0.0605188103011682,1.0,80.04854979268434,6.257577580273491,73.1353646320407,0.0032746251997624,2.380425257272308e-25,584.1675600431627,3.8257866856432927,12.282258576061032,0.9583976500183936,2.9193186276759016,1.0,0.0368609448344156,False,False,,,,,5.0,1.0,0.0037019898195279,3.6373413714626857,False,0.0909090909090909,n1500_a6.0,True,False
(155388) 1994 AR10,2018,2025,7,6,2,15.63,11.40322904868782,5.70161452434391,0.008680651836946,0.0395692350662079,1.0,42.505890701029585,5.589285396456266,41.53962532908968,0.0022929546922478,3.0148060259832025e-14,1214.132535847777,106.47269564294936,6.211173513515029,0.7797997207660111,1.8964507623650833,20.0,0.4860734451844274,True,True,1.887,0.413,,,5.0,1.0,0.0291358024691358,19.88271744479936,True,0.5689655172413793,n1500_a6.0,True,True
(27789) Astrakhan,1572,1572,0,5,1,12.75,3.7384614469286466,1.8692307234643233,0.0049334564090718,0.1411423230700208,1.0,122.06509675513932,5.886372982176087,119.23790238467504,0.0041643803063725,5.565244945332286e-48,629.0062448268291,168.2527033530311,12.913204256988644,1.2377935775890263,1.4511359341350427,52.0,0.9274119391677054,True,True,9.355,0.199,,2.609,5.0,1.0,0.0,5.417263242243058,True,0.8862275449101796,n1500_a6.0,True,True
(65429) 2002 TV177,2658,2683,25,6,1,14.45,3.3431172402029734,1.6715586201014867,0.0020946552509375,0.0515381955591853,1.0,62.60777279934415,5.877310170223776,59.956027654682465,0.0012636806531361,8.137105932299258e-27,619.4994836461265,185.30594027522477,13.905998453030683,1.4861522916950856,1.6218082713260271,104.0,0.8078848867756305,True,True,4.53,0.078,,,5.0,1.0,0.0,3.7333789913208095,True,0.8253968253968254,n1500_a6.0,True,True
(6549) Skryabin,1950,1956,6,5,1,13.74,3.97353679729224,1.98676839864612,0.00068642114063,0.0720462625190193,1.0,79.11272088140228,10.382192590507511,73.92836468961721,0.0027575297758303,8.744695842329081e-28,574.5561594165629,144.5956558922754,9.898826587659798,1.1468145302474195,1.3592825820429355,34.0,0.9338677315652176,True,True,,,,,5.0,1.0,0.1242331288343558,0.996347450941812,True,0.9381761978361668,n1500_a6.0,True,True
(146688) 2001 VG48,2633,2650,17,6,2,15.66,2.6214488602212436,1.3107244301106218,0.0044210414574139,0.055801955851767,1.0,86.89308904723228,8.228700445250977,81.49677988226736,0.0021229934630789,4.3372232973370237e-29,1220.3829244680237,465.5375670250636,10.896456565122628,0.9372968613173662,1.4700938624151243,92.0,0.9237244708436544,True,True,,,,,5.0,1.0,0.0,23.381911521986652,True,0.8862275449101796,n1500_a6.0,True,True
(8008) 1988 TQ4,3329,3359,30,7,4,13.34,35.14809019815901,17.574045099079505,0.0287355754519728,0.0719214355466565,1.0,139.69181986667334,6.1407566198004995,131.30788299477558,0.0013725364974477,2.551663018894338e-50,2170.4764341267874,61.7523291276996,14.195770419142557,1.0940724660712362,1.8070186450869437,10.0,0.0981030693753282,False,True,12.656,0.076,C,12.2,5.0,1.0,0.1050908008335814,13.708807201002216,False,0.1162790697674418,n1500_a6.0,True,True
(13899) 5036 T-2,3164,3214,50,14,3,13.88,21.021138327220488,10.510569163610244,0.0039388317460851,0.0522200126408007,1.0,120.87210817270756,10.68912822736905,113.61198465458487,0.0019726305472794,2.8628178856257177e-33,1876.517547921685,89.268122340062,12.792589291337714,0.8139498408765832,2.162082924588151,7.0,0.1710917605119065,False,True,4.3,0.328,,,5.0,1.0,0.2370877411325451,11.42653601716617,False,0.25,n1500_a6.0,True,True
(18590) 1997 YO10,3978,4022,44,13,3,13.7,37.843864236644976,18.921932118322488,0.0038387442016434,0.0298020979067651,1.0,87.59915741223675,6.851754510561837,79.98097809030978,0.0017932476040923,2.8596353496517404e-22,1832.3110788156048,48.41765278930847,11.542442259827048,0.8671985456054326,5.200387169195713,20.0,0.1439027828612488,False,True,5.023,0.306,,2.95,5.0,1.0,0.3331675783192441,13.045885842600956,False,0.1162790697674418,n1500_a6.0,True,False
(85800) 1998 VE53,2182,2182,0,5,1,14.61,2.292349530395312,1.146174765197656,0.0019404075053552,0.0306466123123379,1.0,35.539282115369744,2.9339726902523213,32.58266503850447,0.0025802430209974,7.011282976370054e-11,583.167394737422,254.3972404753021,7.4738180203325,0.854476221197213,1.3430483068267236,90.0,0.7639149688567023,True,True,,,,,5.0,1.0,0.0,3.111346904470748,True,0.7142857142857143,n1500_a6.0,True,True
(94284) 2001 DW51,2260,2277,17,15,4,14.02,2.8220510314730287,1.4110255157365144,0.002248769420864,0.0685610247417134,1.0,92.68866150729332,10.79693568817248,88.59767513187778,0.003223368813464,5.2393588647591305e-31,10252.98348357057,3633.167284795275,11.201572175076784,1.0888818997608682,6.19290146413647,50.0,0.5273590054423737,True,True,,,,,5.0,1.0,0.2129995608256477,14.203676042707109,True,0.5689655172413793,n1500_a6.0,True,True
(309523) 2007 XB21,1603,1605,2,6,1,15.89,5.267673183711258,2.633836591855629,0.0139911230527109,0.0914023712758856,1.0,98.00936674195144,10.217220517981696,90.95328481682589,0.0028014499844871,1.6096070659640673e-29,582.8386251798947,110.6444163966271,11.423332379051008,1.1717493028428096,1.5394710410340644,31.0,0.8830679281988684,True,True,,,,,5.0,1.0,0.3258566978193146,8.404455055600458,True,0.8808503868545486,n1500_a6.0,True,True
(48302) 2002 LM36,4139,4164,25,14,3,13.43,12.742111815439769,6.371055907719883,0.0022888014694278,0.0474568759677897,1.0,122.4251515715797,9.287791078556657,113.0619894627484,0.0013611172944637,1.0091260445613975e-39,1882.29334834608,147.72224381717348,14.840861993581568,0.8668409052527802,3.2675772885253296,27.0,0.1544717362397926,False,True,10.949,0.162,,,5.0,1.0,0.2252641690682036,15.492475469177805,False,0.125,n1500_a6.0,True,True
(46115) 2001 FP33,1510,1510,0,4,1,14.22,2.9040790687840228,1.4520395343920114,0.002163933745286,0.0673312145717618,1.0,59.78473163265914,7.71806540555933,55.003440904333175,0.0032866858634952,5.017359239718885e-19,472.8268100795103,162.81471643177034,7.9083023411529245,0.8971003616278173,4.151893999291613,41.0,0.6785947544309564,True,True,6.173,0.14,,,5.0,1.0,0.0,5.092128722791269,True,0.6363636363636364,n1500_a6.0,True,True
(22274) 1981 RN,2207,2217,10,4,1,14.19,7.504959151315722,3.752479575657861,0.0792196337326251,0.0900147764544381,1.0,142.64214835603167,3.27424348036808,132.0135366040983,0.0029369756755583,2.0267435453984067e-41,518.1727975867689,69.04405302404957,10.524346188607776,1.0661641073421315,1.8991024059665664,36.0,0.3750185277699941,False,True,3.917,0.289,,,5.0,1.0,0.0,5.860423814270526,False,0.5151515151515151,n1500_a6.0,True,True
(37202) 2000 WK95,3779,3802,23,11,3,14.52,18.35279970411249,9.176399852056244,0.0022898679861801,0.0599073503400267,1.0,128.97360702461492,10.939928238626557,122.34487472092802,0.0018782124803106,1.4820171956341642e-46,11710.73930492095,638.0900731073096,21.02331742978891,1.1816303023258128,2.8825422480043583,18.0,0.6362784753252771,True,True,4.314,0.217,,,5.0,1.0,0.1804313519200421,21.87581179614118,True,0.6363636363636364,n1500_a15.0,True,True
(71329) 2000 AH86,1575,1585,10,8,3,14.2,58.138392248354656,29.069196124177328,0.0221919548291784,0.2210731000816412,1.0,314.3913949744767,20.130525234123755,294.1095371879651,0.0064562992322972,6.943839333128514e-82,1879.4412203900283,32.327024324330495,35.61974868426384,2.5131079204096967,2.820242735651845,2.0,0.9476226869430702,True,True,8.711,0.064,,,5.0,1.0,0.3186119873817035,14.621037318433842,True,0.9381761978361668,n1500_a15.0,True,True
(12584) Zeljkoandreic,3253,3261,8,7,2,14.78,7.080400709769636,3.540200354884818,0.0016283450879079,0.1603952549342712,1.0,319.1348869654258,27.981666681933817,299.49571966445313,0.0016632542861063,2.71056183229323e-119,1206.4314157316694,170.3902738254656,42.26229957859809,1.6949825058811012,1.224801279980764,44.0,0.9144641189811706,True,True,,,,,5.0,1.0,0.0,17.583961064783338,True,0.8862275449101796,n1500_a15.0,True,True
(92093) 1999 XD29,6282,6309,27,18,4,13.47,39.61026001724901,19.805130008624506,0.0035430241779623,0.0379952047999315,1.0,148.99628753275653,12.934095705743138,138.25911883972051,0.0013113755678854,2.493249033673666e-48,11095.577564061095,280.11877627739193,20.26151825607712,0.6861428130424564,1.6263374789652296,19.0,0.4527267154876207,True,True,,,,,5.0,1.0,0.0592803930892376,14.44741989055156,True,0.5151515151515151,n1500_a15.0,True,True
(51318) 2000 KT77,2094,2094,0,4,1,14.05,10.168199474516966,5.084099737258483,0.0011863376976346,0.1401766121899774,1.0,172.6221946582269,21.047714628713912,170.07350102697447,0.0084374675835421,2.0612430922195823e-64,564.49434222118,55.51566367633597,21.103993682351888,1.2453625138364006,1.1329947282590624,31.0,0.9624303320231092,True,True,6.25,0.141,,,5.0,1.0,0.0,3.661895014942479,True,0.9381761978361668,n1500_a15.0,True,True
(91139) 1998 KL47,1976,1987,11,19,3,14.41,5.8457158891388925,2.9228579445694463,0.0020744725271099,0.3264934358157844,1.0,473.1280557175395,55.66982850498849,459.7456743708892,0.0093105542803091,4.721966050306992e-166,1882.7200277118827,322.06834259767936,55.2464385419016,2.7209842206826473,2.3121354181201417,0.0,0.99629257997151,True,True,3.889,0.304,,5.834,5.0,2.0,0.7322596879718168,5.17346194973258,True,0.9575163398692812,n1500_a15.0,True,True
(63060) 2000 WD118,1968,1968,0,5,1,14.77,3.1546643536463215,1.5773321768231607,0.0043227576653989,0.1668678805037405,1.0,184.9161109837247,20.149059817832196,174.2384451894601,0.0023553047082761,8.584575538087534e-74,420.5013991192099,133.29513126592155,26.322172699991913,1.7042328630984278,2.015432580590811,77.0,0.833634764497417,True,True,3.053,0.396,,,5.0,1.0,0.0,4.7312679909709505,True,0.8333333333333334,n1500_a15.0,True,True
(21550) Laviolette,1817,1818,1,6,1,13.13,2.843179654470709,1.4215898272353544,0.0109953292990604,0.1989955377836403,1.0,210.96396358262209,18.476827698373917,201.08357245413455,0.0030624145637387,2.5256281989060245e-83,546.8472419639002,192.3365064546729,21.90977448714743,1.7515451078645063,1.8986883406354176,79.0,0.9144047596556204,True,True,10.122,0.119,,13.61,5.0,1.0,0.0,6.788814931550432,True,0.8862275449101796,n1500_a15.0,True,True
(17770) Baume,2126,2129,3,9,3,13.42,3.2637044808329767,1.6318522404164884,0.0010504534360991,0.1504107677428446,1.0,170.06986457674645,15.436478692457172,156.28972664392637,0.0035312262641769,4.303199757119544e-71,1723.7073634222616,528.1444363437984,23.170308096476813,1.6989997232755438,1.7738130194029933,17.0,0.9667459310431842,True,True,5.675,0.316,,3.263,5.0,1.0,0.3499295443870361,5.631142675225778,True,0.9381761978361668,n1500_a15.0,True,True
(3781) Dufek,3389,3416,27,9,3,12.53,240.0,240.0,0.0010634411935503,0.0325830904376401,1.0,96.88159157454692,5.246354964898673,87.46666339466557,0.0119034423383709,1.7827954408814078e-20,1883.0598657583469,7.846082773993112,28.64444284158323,0.7983149514082956,3.9168133860811993,0.0,0.0162419411086888,False,False,8.267,0.158,,1465.0,5.0,1.0,0.1460772833723653,10.58057628638238,False,0.05,n1500_a15.0,True,False
(24039) 1999 SS8,3485,3502,17,11,3,14.07,8.58667111320873,4.293335556604365,0.0060345733533227,0.0747159518046702,1.0,152.33148586674233,11.998505422579283,139.50464681721775,0.0015179333896037,9.969920228475883e-55,1833.9886850491748,213.5855281830908,17.044942772763783,1.0213843503365647,2.0876312760544216,44.0,0.826178998593897,True,True,3.934,0.345,,8.586,5.0,1.0,0.3012564249000571,15.430749052220246,True,0.8253968253968254,n1500_a15.0,True,True
(174613) 2003 SH41,2910,2916,6,11,2,16.52,138.67616029976134,69.33808014988067,0.0138965853158086,0.0374882611754346,1.0,63.61399640936155,5.02199377537251,56.95200582059884,0.001201865408454,2.529446158664367e-20,1216.132896273164,8.769588757320511,17.946358574084304,1.0411153976627057,2.7495341437991727,1.0,0.0526215031722301,False,True,3.901,0.035,,,5.0,1.0,0.1258573388203017,21.485515760660753,False,0.0909090909090909,n1500_a15.0,True,True
(58939) 1998 QY20,1834,1840,6,7,2,16.27,14.64095809738702,7.32047904869351,0.003840691610185,0.0885250353199394,1.0,101.12724033682989,10.232427024167722,96.0701894805399,0.0025535505117991,3.7338560605444324e-33,1215.242866928049,83.00296051970355,16.294867707672484,1.270663177950362,1.2029717424541178,14.0,0.5342425827572115,True,True,,,,,5.0,1.0,0.3038043478260869,23.802539352949957,True,0.5689655172413793,n1500_a15.0,True,True
(41302) 1999 XO129,1743,1747,4,8,2,14.18,27.520259318696784,13.760129659348392,0.0050796752289538,0.2108393067956351,1.0,229.9735329731976,28.72962685715836,224.3387075450483,0.0043260377944442,1.1496385957936093e-85,1196.5747522831662,43.479777513224015,34.33007277273317,1.8690604050238604,2.987945678890697,5.0,0.8512737712531481,True,True,9.533,0.054,,,5.0,1.0,0.274756725815684,14.51422315542255,True,0.8333333333333334,n1500_a15.0,True,True
(87340) 2000 QB23,2181,2186,5,6,1,14.32,5.738688384360342,2.869344192180171,0.0027630564101061,0.1456718927226363,1.0,199.30750735262603,13.01466434382068,180.84327483114205,0.002493943425767,1.5679191776051575e-70,545.3390596809913,95.02851926360124,23.493307851757056,1.4445968023761784,1.5300337602832204,44.0,0.8887948717419123,True,True,4.292,0.241,,5.73913,5.0,1.0,0.0,3.787466002781609,True,0.8862275449101796,n1500_a15.0,True,True
(101071) 1998 RE17,1745,1745,0,6,1,15.95,3.713054862624599,1.8565274313122997,0.0005571383892348,0.1472069443230811,1.0,158.33955814813686,13.20841453198662,152.6423347016381,0.0022959761118174,3.333604570924897e-56,546.3472179007949,147.14224220069983,33.10470427287064,2.3067584820899834,1.239980057566338,55.0,0.9638257257539286,True,True,,,,,5.0,1.0,0.0,10.022663018443584,True,0.9381761978361668,n1500_a15.0,True,True
(19960) 1986 CN1,1936,1936,0,6,1,14.09,64.85234682763311,32.42617341381656,0.010793684488472,0.707563256344236,1.0,1989.8454941821997,34.45086282929671,1772.971754270637,0.0022685444033262,0.0,546.8472419639002,8.432188944793785,241.83868128775836,5.740500196665659,3.0765627889942793,3.0,0.793361703060347,True,True,4.613,0.275,,,5.0,1.0,0.0,6.358524993171274,True,0.8253968253968254,n1500_a60.0,True,True
(1295) Deflotte,5590,5636,46,12,3,10.85,26.438352854554296,13.219176427277148,0.0248023307424484,0.6109583998052837,1.0,2794.361807070066,27.501843258899164,2353.875768980721,0.0009262921451979,0.0,1884.324610900367,71.27239057843845,823.6267306617201,9.962839704874067,8.921447165131491,18.0,0.8946518979146062,True,True,47.407,0.046,,14.64,5.0,1.0,0.0,6.689631291763835,True,0.8862275449101796,n1500_a60.0,True,True
(48134) 2001 FD127,1822,1840,18,12,4,15.25,5.776718122245901,2.8883590611229506,0.0094720862093619,0.4489247733639346,1.0,689.0663214202165,28.005399930538186,625.4424940568157,0.0048974241000624,2.7009338072321996e-233,11425.321256146592,1977.8221845632652,86.37911832084292,3.585375128683805,3.5593301636502956,33.0,0.919686388193472,True,True,,,,,5.0,1.0,0.1527173913043478,19.61029894917271,True,0.8862275449101796,n1500_a60.0,True,True
(11058) 1991 PN10,1883,1927,44,10,1,14.71,6.516143456182922,3.258071728091461,0.0032758664757744,0.7602647358922756,1.0,1631.748030039144,17.68617424024891,1358.0574312521817,0.002365803675234,0.0,546.8309524271172,83.91941584838037,427.35435433924727,10.559539110517894,4.400302644687815,39.0,0.9559397554779084,True,True,1.861,1.0,,6.517,5.0,1.0,0.0,4.790072839162882,True,0.9381761978361668,n1500_a60.0,True,True
(10705) 1981 SL,2288,2330,42,5,2,14.86,3.511057575858523,1.7555287879292616,0.0037174982486231,0.91344098721391,1.0,3116.2169450888523,25.803772391203804,2696.8392440602656,0.0016586393231095,0.0,720.6936174419825,205.2639701488685,815.953208995013,21.153442989051097,6.2716874113433825,79.0,0.973749095475922,True,True,2.863,0.374,,3.511233,5.0,1.0,0.0,17.455010408337532,True,0.9381761978361668,n1500_a60.0,True,True
(16924) 1998 FL61,3638,3683,45,9,2,12.25,4.397736784928989,2.1988683924644943,0.0060156258231278,0.7753624256815641,1.0,2741.202122414315,62.27831261144833,2501.230103640761,0.0013169526715433,0.0,1221.242975500063,277.6980604399185,817.0598101997217,11.44985111009352,4.05439523284859,89.0,0.9814814500474356,True,True,12.181,0.249,,4.399,5.0,1.0,0.0,15.870160279683464,True,0.9381761978361668,n1500_a60.0,True,True
(51308) 2000 KK62,2516,2517,1,7,1,14.56,10.981723955185958,5.490861977592979,0.0010331875936681,0.287504612940243,1.0,395.93779740535103,22.76184464873896,357.98881091648843,0.0016466616816029,1.1655725817561337e-180,618.4995225378661,56.32080400689628,68.74072595513184,2.347053909149447,1.4079982006527954,26.0,0.9634148413690938,True,True,,,,,5.0,1.0,0.0,4.401070515258914,True,0.9381761978361668,n1500_a60.0,True,True
(6060) Doudleby,2910,2924,14,11,3,13.15,11.876952498272509,5.938476249136254,0.0039547044420154,0.4047604020839212,1.0,644.1369448483904,19.90062918848519,566.5152115993822,0.0029784920875106,0.0,1878.2407169073704,158.14163752701364,77.63816706891065,2.1871033397974498,1.8917152023422088,11.0,0.723888708657517,True,True,6.78,0.243,,11.878,5.0,1.0,0.2045143638850889,8.648015932203608,True,0.6363636363636364,n1500_a60.0,True,True
(1582) Martir,2990,3012,22,6,1,11.52,12.373692217941144,6.186846108970572,0.0012448890273056,0.8828073432294571,1.0,4012.2221999955527,71.25924891391195,3318.8960183764457,0.0012701818525322,0.0,620.561547691701,50.15168769043102,1151.03669929466,12.209645132088982,1.8933796456008711,24.0,0.941168401598856,True,True,37.252,0.054,,12.372,5.0,1.0,0.0,0.4444523680398511,True,0.9381761978361668,n1500_a60.0,True,True
(5549) Bobstefanik,2646,2653,7,6,1,13.22,3.178398525500288,1.589199262750144,0.0015373360664711,0.3142998361971363,1.0,589.0373738265477,10.613314424788555,527.8354170654237,0.0017012710096114,1.3757575064919265e-212,589.4931212893571,185.46859890597557,67.08285453549142,2.889903160166909,2.3480965696565264,110.0,0.8608037023857663,True,True,6.395,0.328,,3.17992,5.0,1.0,0.0,4.507244764296873,True,0.85,n1500_a60.0,True,True
(20490) Longobardo,2315,2320,5,6,1,12.99,14.521226135366632,7.260613067683316,0.0026486583895258,0.7771810968106608,1.0,1729.9186044056585,49.88755628531192,1449.893598950773,0.0022075787829732,0.0,618.7262887353427,42.60840530734708,474.0954399760201,7.784046935983152,8.997976792885252,3.0,0.9925650108221444,True,True,7.779,0.288,,,5.0,1.0,0.0,2.9745363062407364,True,0.9575163398692812,n1500_a60.0,True,True
(7682) Miura,2053,2054,1,5,1,13.98,201.0141899696849,201.0141899696849,0.2125952348424879,0.1735973520919911,1.0,301.41336989475195,5.451127166060768,285.5559493685765,0.0024874351876172,9.582571346605156e-81,578.181229074311,2.876320468527654,81.37452183879655,3.955417646411339,36.58459175623323,0.0,0.1002064437388179,False,False,4.396,0.332,,,5.0,1.0,0.0,9.47356785597792,False,0.1162790697674418,n1500_a60.0,True,False
(2534) Houzeau,4739,4816,77,8,3,11.61,53.06115247797422,26.53057623898711,0.0070738082715679,0.517285963827699,1.0,2472.226889972606,27.570008499325574,2253.7706326540197,0.0010375743275061,0.0,1883.3204543562024,35.49339519412007,245.89443438524611,4.333797631098188,6.736653255366206,9.0,0.305643588511608,False,True,31.052,0.042,,53.237,5.0,1.0,0.0,14.608921193002072,False,0.25,n1500_a60.0,True,True
(43158) 1999 XK121,2169,2169,0,4,2,15.12,91.86300865255762,91.86300865255762,0.110831506020566,0.4275696151800586,1.0,1386.483754032461,7.2323857449809905,1263.6824455823123,0.0015339003317504,4.043244517832238e-258,1206.069776929391,13.129003661212137,482.5521029662124,11.359795445092049,5.080301061996739,2.0,0.8167638545456442,True,False,2.805,0.27,,,5.0,1.0,0.0,19.730151487892982,True,0.8253968253968254,n1500_a60.0,True,True
(14776) 1282 T-2,3590,3635,45,7,2,13.69,2.6368900585636306,1.3184450292818153,0.0016624094802967,0.2836107570536715,1.0,582.9613734930451,43.1184365466428,532.2038423275419,0.0012192463986051,1.6953771438919338e-258,1217.6957072790829,461.7923691298633,83.65752597955061,2.9044652553988906,3.384816127828707,138.0,0.971509180189684,True,True,4.981,0.374,,,5.0,1.0,0.0162310866574965,15.043610956368273,True,0.9381761978361668,n1500_a60.0,True,True
(31862) Garfinkle,2301,2308,7,7,1,15.1,5.716145006491541,2.8580725032457703,0.0080579360129635,0.376098594576336,1.0,470.6867375561944,28.0225981693598,421.7740208124541,0.0026617766003036,1.0794222089889289e-231,620.0885768547887,108.48020407994989,74.9922854537597,2.975847994590983,1.5803290142091155,40.0,0.9488168194227744,True,True,2.318,0.395,,5.716,5.0,1.0,0.0649913344887348,7.543925421891979,True,0.9381761978361668,n1500_a60.0,True,True
(3570) Wuyeesun,4390,4496,106,5,2,11.39,15.44776551488055,7.723882757440275,0.0018825407699186,0.8653418491435512,1.0,10126.34137089823,69.23659450849068,8464.607484675413,0.0012217257111567,0.0,1210.4042999814849,78.35465257519118,1638.201014463568,15.572176516185078,4.951597643144778,37.0,0.9560133906948236,True,True,19.99,0.16,,15.432,5.0,1.0,0.0,13.047239248256169,True,0.9381761978361668,n1500_a60.0,True,True
(172450) 2003 QR78,2225,2233,8,15,3,16.27,91.0550156542278,45.527507827113894,0.0158339636714519,0.6104861075073358,1.0,1189.5547297152852,42.81903775314375,1086.382317489468,0.0097191782783537,0.0,1838.3762993571,20.18973129759428,161.17572161597062,5.3930139429890245,6.509766527475623,3.0,0.9286823517178424,True,True,1.667,0.366,,,5.0,1.0,0.3837886251679355,26.055663874837883,True,0.8862275449101796,n1500_a60.0,True,True
(84305) 2002 TH40,2274,2276,2,6,1,14.76,39.08965260561142,19.54482630280571,0.0079293877502687,0.0099153052247688,1.0,12.475268040204456,1.625574563680326,10.909466149074577,0.0020486540338928,0.2112788700657232,602.7442423008615,15.419534381186494,1.7733546421218829,0.3870647205065512,2.4624752264223444,9.0,0.0038313330386308,False,True,,,,,5.0,1.0,0.0544815465729349,5.993457026665219,False,0.0,n1500_a1.5,False,False
(836531) 2012 SN91,128,128,0,2,2,17.93,49.21646430464266,24.60823215232133,0.9600781853173336,0.9875419673357686,1.0,300.741981217005,1.0038735990348808,277.5153965745414,0.4152862759428106,1.8300016983147723e-116,287.6885102597298,5.845371347258517,187.3138207765798,57.832798523067765,,0.0,0.0734079114992783,False,True,,,,,5.0,1.0,0.0078125,5.581492916881435,False,0.0909090909090909,n100_a60.0,True,False
(173164) 1996 XZ18,1247,1252,5,6,2,16.72,4.6115707686961045,2.305785384348052,0.0085237688924417,0.4795959213290528,1.0,326.58386322285673,22.8648595264444,303.65701126959016,0.0107406065335925,4.5370086776192455e-173,1219.4886164817726,264.44105005604763,60.662192503400725,3.3751794417418672,3.8264208355054,6.0,0.9940466414619376,True,True,,,,,5.0,1.0,0.2571884984025559,21.448220227726857,True,0.9575163398692812,n500_a60.0,True,True
2003 KQ29,126,144,18,1,1,19.05,92.56737004752624,46.28368502376312,0.8571125425703428,0.8419203786644601,1.0,56.125703362357534,1.1292064675029128,54.68607193541142,0.2450437208955271,6.916330247305261e-54,255.0190573526197,2.754956279104473,2173.226253842051,267.0298185050114,,0.0,0.3336490329765723,False,True,,,,,5.0,1.0,0.0,3.599132171852077,False,0.381628174334121,n100_a60.0,True,False
(97231) 1999 XG60,391,406,15,13,3,15.56,160.77040973571746,160.77040973571746,0.0402798097859134,0.017468291482066,1.0,24.970965311909975,2.559985078004258,22.570673193854653,0.0163441252867307,1.0,1830.694817971671,11.387013449683058,3.70039342470624,1.2690626368876865,4.506902023591239,1.0,0.0274576987161618,False,False,,,,,5.0,4.0,1.0,10.585828883550606,False,0.0588235294117647,n200_a3.0,False,False
(597898) 2007 WL37,31,31,0,4,1,18.06,5.689774131477087,5.689774131477087,0.6510399744270715,0.8339704667280599,1.0,6.694437640045687,1.0136105446624382,6.226369690349803,0.1087175929019536,1.800534986478457e-09,524.4489759051357,92.1739534446136,17.27491912494298,22.408532254369455,6.827845103855274,0.0,0.0390995943825446,False,False,,,,,5.0,1.0,0.1612903225806451,8.905533345448353,False,0.0909090909090909,n30_a15.0,True,False
(24689) 1990 OH1,641,644,3,4,1,12.94,12.139636732081753,6.069818366040876,0.0304830434716455,0.0339152969459123,1.0,17.778902067004253,1.8655540993402473,16.002100931208233,0.0102088195066925,0.0811608059990608,563.9946610465413,46.458940534526626,1.1961059412897803,0.7317471809828776,1.755676384019031,6.0,0.272665475149898,False,True,17.072,0.046,,,5.0,3.0,1.0,2.4513657364491515,False,0.25,n500_a0.0,False,False
(4906) Seneferu,175,188,13,2,1,15.25,173.01687593505926,173.01687593505926,0.8271358593535151,0.6330338542788144,1.0,117.96543892841112,1.939559391387098,100.63405013875476,0.3217591855446888,4.014695438788086e-37,135.007772665238,0.7803156306897616,192.2282439473758,24.674048426436777,,0.0,0.2193100557198046,False,False,3.11,0.152,,,5.0,1.0,0.0,2.9957414809483573,False,0.25,n100_a60.0,False,False
(12185) Gasprinskij,1517,1520,3,5,1,14.12,9.297550842326624,4.648775421163312,0.0025280402807891,0.7556887884433979,1.0,1505.6502155744413,15.294817512851656,1375.007519709388,0.0019556875592511,0.0,610.8290475587128,65.69784429442912,234.04822953181136,6.83557963607779,3.390930846178356,21.0,0.8482293641048012,True,True,8.652,0.078,,,5.0,1.0,0.0019736842105263,4.174418349479172,True,0.8333333333333334,n1500_a60.0,True,True
(191869) 2004 XH72,169,171,2,3,1,16.38,1.925536877455112,0.962768438727556,0.0286907389828821,0.0695174593166098,1.0,9.64086975362545,1.5049453798353738,7.876225425771366,0.0252525304715642,0.9159629951748086,520.3946877368144,270.2595280463258,1.6538004739796173,1.2080565404776489,1.3747050662985223,0.0,0.2459380775041613,False,True,,,,,5.0,5.0,1.0,9.194991357438862,False,0.25,n100_a1.5,False,False
(39454) 4082 T-3,1590,1598,8,10,2,14.54,19.512693485930157,9.75634674296508,0.0053180752599103,0.0153198965003083,1.0,14.291266124896012,2.017723677384123,13.180598610141208,0.004756850353086,0.0540519773794551,1214.465926695324,62.23978906710281,2.6740605605538166,0.4981466609967706,1.4703002105032434,12.0,0.096769757583554,False,True,3.454,0.339,,,5.0,2.0,0.6758448060075094,14.165177889982072,False,0.1162790697674418,n1500_a1.5,False,False
(17735) 1998 BG7,923,925,2,6,3,15.12,7.509554874473891,3.7547774372369456,0.0075800884235022,0.2889645348766803,1.0,110.3902238441701,7.1553543271139,100.07196710928268,0.0198337468456089,1.3413601763532757e-64,1841.5614604306757,245.22911027528684,17.829714034916698,2.843150905631015,5.363690777705211,0.0,0.9457773173129388,True,True,2.823,0.32,,,5.0,1.0,0.0248648648648648,16.76010175413664,True,0.9381761978361668,n500_a15.0,True,True
(286821) 2002 LH61,35,35,0,8,3,15.69,10.044600114656212,5.022300057328106,0.0754449804928043,0.3755451351745741,1.0,9.86566516949995,1.7434991334892642,9.020515711121396,0.112713972374598,0.1243287343825246,1784.5261617852375,177.6602494290849,1.60705218254911,2.4412458759241895,1.467902473545953,0.0,0.0105437105441268,False,True,4.865,0.047,,,5.0,48.0,1.0,14.090442601703632,False,0.05,n30_a1.5,False,False
(332846) 2010 EW139,33,34,1,6,2,16.91,3.457701617462689,1.7288508087313446,0.0886292286706466,0.3676506322560234,1.0,9.928111307461435,1.5542401174449896,8.428613836411442,0.1463347929971895,0.1760049753158896,1676.2191628348664,484.7784303796867,13.258961809260269,3.927518687632857,0.8386421165697353,0.0,0.0027682477645773,False,True,,,,,5.0,42.0,1.0,16.712970017030237,False,0.0,n30_a6.0,False,False
(672108) 2014 QD564,50,50,0,8,2,18.74,5.8706275241243135,2.9353137620621568,0.1361934144470032,0.3429459390297775,1.0,11.37507495998341,1.7835875440830735,10.344846793550117,0.0691908919083297,0.018228070506818,1129.3714213549392,192.37660994740096,2.526168375231037,2.8869125374205873,3.3818379913704093,0.0,0.0058485921256355,False,True,,,,,5.0,18.0,1.0,22.159807337482015,False,0.04,n30_a1.5,False,False
(15446) 1998 XQ4,445,445,0,1,1,14.29,6.9560908056067285,3.4780454028033643,0.0031533153144312,0.8429613233099901,1.0,744.0996133025585,2.0045765465486705,597.6642800732031,0.0035882183172313,8.184458634151785e-174,80.00178869435331,11.500969571856436,178.21236924396462,13.326426022980352,,9.0,0.9804025232656806,True,True,4.82,0.23,,,5.0,1.0,0.0,1.7393260958918129,True,0.9381761978361668,n200_a60.0,True,True
(100062) 1992 EH9,314,315,1,11,3,16.23,34.04509985025104,17.02254992512552,0.0088429612981329,0.1807851026310019,1.0,38.80075662690351,5.4208895085113165,36.86649086449578,0.040817847313419,1.1673016628198383e-10,1818.3696285656188,53.41061229262955,6.945474178423289,2.117733591164862,2.128636773615841,0.0,0.9374082355572908,True,True,,,,,5.0,4.0,1.0,17.72562643689433,True,0.9381761978361668,n200_a6.0,True,True
(72337) 2001 BO62,655,665,10,15,3,15.52,181.42738272143504,181.42738272143504,0.0134744499367781,0.0331079203938218,1.0,16.027427882135594,2.1595621733027897,14.665444348865288,0.0123684296333863,0.0800535272161825,1866.1306238420077,10.285826736018556,4.850129245559806,0.8272266941591189,1.411869693229375,3.0,0.0078121413914773,False,False,1.767,0.429,,,5.0,5.0,1.0,12.254356866123084,False,0.04,n500_a3.0,False,True
(106115) 2000 TU27,137,138,1,7,3,15.46,5.843664826031916,2.921832413015958,0.0375184781456082,0.0377418141394746,1.0,12.61370454553837,1.8173412388221823,11.270558112580837,0.0337580608525396,1.0,1827.6982324113487,312.7657534822081,1.3532496757154882,1.254438521302577,2.6871929126228724,1.0,0.3547142485558976,False,True,,,,,5.0,8.0,1.0,14.051435287277029,False,0.5151515151515151,n100_a0.0,False,False
(217654) 1998 RM1,686,686,0,5,1,17.13,2.828576088805868,1.414288044402934,0.0068523625428704,0.0209002651346755,1.0,7.204594391691843,1.163720466778768,6.238957859190912,0.0067361319850585,0.9586291528962771,167.25027824915014,59.12878883161235,1.0969911870681384,0.467458482036888,1.4312546791143612,4.0,0.1336290530604932,False,True,,,,,5.0,1.0,0.0524781341107871,4.234500538516544,False,0.1162790697674418,n500_a0.0,False,False
(20131) 1996 BP3,4103,4116,13,14,4,13.51,3.8778447414821544,1.9389223707410772,0.0051721914137545,0.5238715639079865,1.0,1560.207894800537,29.747846288953887,1386.3492209829094,0.0015054582152527,0.0,3248.844649239094,837.7964735115595,199.98087988668345,3.6753194565086025,2.1292358825542435,84.0,0.9114003254320776,True,True,,,,,5.0,1.0,0.2849854227405248,18.491089579256855,True,0.8862275449101796,n1500_a60.0,True,True
(259478) 2003 SU186,870,881,11,8,2,16.96,14.197405571563522,7.098702785781761,0.0106555823094394,0.0307742033166722,1.0,24.029780117593564,3.1350824580591183,22.078638092331506,0.0081564266652859,0.0087209403124165,1190.3184945790565,83.8405642903649,2.996037555165351,0.7429945487650065,1.6013877037219286,8.0,0.6145344823319772,True,True,,,,,5.0,2.0,0.9988649262202044,19.85647752707063,True,0.6363636363636364,n500_a1.5,True,False
(59115) 1998 XG3,660,662,2,7,1,15.22,4.323114927518329,2.161557463759165,0.0083561796642726,0.2626358187852045,1.0,138.75933783228388,15.629584745464882,132.84082172251,0.0150545579163237,4.025883346711935e-40,589.083785126335,136.26373459946316,13.2505098365901,2.2030952120125864,1.5980549649176228,2.0,0.9950077520029172,True,True,,,,,5.0,3.0,1.0,4.1933866545696805,True,0.9575163398692812,n500_a6.0,True,True
(41680) 2000 UY8,1165,1177,12,2,1,13.16,28.482903122362828,14.241451561181414,0.0082181120789948,0.691714181938238,1.0,773.1461241606198,16.76926079384143,699.3422539694412,0.004511300971454,9.785147108758039e-296,254.68436444242252,8.941657504092754,151.8541061482726,5.926115924936825,,5.0,0.8943810710514761,True,True,6.645,0.191,,28.5249,5.0,1.0,0.0,3.3632016036172416,True,0.8862275449101796,n500_a60.0,True,True
(87337) 2000 QE22,438,438,0,3,1,15.39,18.5167150812537,9.25835754062685,0.0104798520012061,0.1309109752255582,1.0,25.286826039336265,2.091062551108655,22.38781586737798,0.0090015652423888,4.899245883750724e-10,371.3377569067525,20.05419186271837,5.3976279955757995,1.3038946279747838,1.204547642786874,3.0,0.6675550581864288,True,True,,,,,5.0,1.0,0.0,4.645486942903695,True,0.6363636363636364,n200_a3.0,True,False
(21704) Mikkilineni,320,403,83,9,3,14.8,137.84194527605757,137.84194527605757,0.2283193979816425,0.3250526864078623,1.0,1094.8400906941413,3.9355109604758742,966.9239580537062,0.1414803955630169,5.3387349482367685e-31,1818.5187913666016,13.192782412672964,89.71556757706743,36.89801677824052,18.384229365958163,0.0,0.77799560714081,True,False,,,,,5.0,1.0,0.2307692307692307,10.144962316307131,True,0.8253968253968254,n200_a60.0,True,False
(105359) 2000 QS110,416,418,2,10,2,14.61,29.276430736337073,14.638215368168536,0.0315207128081116,0.0964007640050247,1.0,23.876261515176793,2.9570408582461916,22.310962495189266,0.0137139574455824,4.8006820808939466e-06,10801.753046900849,368.9573071315015,4.902309558867567,1.3173179787501177,6.843526331600394,2.0,0.7591724210510046,True,True,6.971,0.076,,,5.0,2.0,1.0,2.9372929717995993,True,0.7142857142857143,n200_a3.0,True,True
(11855) Preller,383,397,14,2,1,15.19,176.19834050152275,176.19834050152275,0.0194877057766216,0.1583727511566645,1.0,73.55066617468613,6.619090239796062,68.25333622961641,0.0114368717073444,1.0406593271428076e-11,556.1322391719441,3.1562853406507414,8.954608104585303,2.4425414888764805,,1.0,0.1363325117024903,False,False,,,,,5.0,3.0,1.0,6.455807680137074,False,0.1162790697674418,n200_a6.0,True,False
(91964) 1999 VS88,234,241,7,9,2,14.83,102.3457130602986,51.1728565301493,0.0114156961409912,0.0461922423392928,1.0,10.62146206273666,1.6465848178786162,9.277515219354475,0.0311925438667144,0.9880681239542488,1201.216478510003,11.736851916819294,2.2795046425390484,0.999571635429614,2.844133919904065,1.0,0.0054296174914784,False,True,,,,,5.0,8.0,1.0,12.303569897376926,False,0.04,n200_a1.5,False,False
(13167) 1995 WC5,2127,2149,22,6,2,14.28,10.05379495358776,5.02689747679388,0.0013658483575656,0.0108402840476638,1.0,14.368677079706035,1.868937098532989,12.057521124833762,0.0020286665575295,0.0950690515399622,1222.4051304087625,121.58643935467768,3.145381118256521,0.3805664464454755,1.1872275052360317,17.0,0.1039384290888836,False,True,5.968,0.125,,,5.0,1.0,0.113075849232201,15.710436785408522,False,0.1162790697674418,n1500_a3.0,False,False
(80786) 2000 CH81,640,641,1,6,1,15.45,8.962846840137027,4.481423420068514,0.0128330412386624,0.0498944035423515,1.0,20.846645278198505,2.8257717626349117,19.412747730547615,0.0142518181359245,0.0005466919213354,578.3756653050659,64.53035242273799,3.8934950872380623,0.8550067418316386,1.608219395617099,5.0,0.6606791911861885,True,True,,,,,5.0,3.0,1.0,8.72079646186912,True,0.6363636363636364,n500_a3.0,True,False
(91004) 1998 BH16,472,474,2,3,1,14.42,3.0169875779198065,3.0169875779198065,0.0030023853681524,0.9209652134348412,1.0,434.15154734008706,1.893935441806372,374.64512272185266,0.0056106618211857,1.7045873287408686e-255,79.8351171768154,26.46186472927449,446.04140972693665,21.345739550734667,3.1373620449627526,20.0,0.99438704959454,True,False,3.804,0.28,,,5.0,1.0,0.0,1.0411289244470288,True,0.9575163398692812,n200_a60.0,True,True
(155691) 2000 OS22,4137,4189,52,12,2,15.11,7.036473592827447,3.5182367964137233,0.0014753721183239,0.530207503151537,1.0,1861.56796501339,47.1095438128499,1717.7843043440037,0.0009773727852737,0.0,983.3495749756694,139.75033971249977,262.70522797055264,4.967862841874762,6.37280223873708,79.0,0.7688285282174221,True,True,5.778,0.07,,,5.0,1.0,0.0,17.000914815070722,True,0.7737719969410501,n1500_a60.0,True,True
(36117) 1999 RD135,2559,2593,34,8,2,13.36,105.02859396550622,52.51429698275311,0.025459397554846,0.5643486595430574,1.0,1693.2698345308293,25.6116781753454,1589.032065650731,0.0015868667156476,0.0,9559.64439443336,91.0194455956724,159.70378812849424,4.178203744995825,2.058853396758437,4.0,0.3951310224563376,False,True,7.505,0.18,,,5.0,1.0,0.0809872734284612,16.144273319206125,False,0.5151515151515151,n1500_a60.0,True,True
(244804) 2003 SJ273,675,679,4,11,1,16.21,3.932815359480667,1.9664076797403336,0.0246774601621912,0.03804509690728,1.0,17.528003632338436,2.6127390605814544,16.210053803803355,0.0112964844906716,0.013149573721293,545.0809894374688,138.5981643210037,1.9768446512623536,0.6599594680798461,5.811628979801422,1.0,0.6100724505502167,True,True,,,,,5.0,2.0,1.0,5.47465197023681,True,0.6363636363636364,n500_a1.5,True,False
(312419) 2008 GL19,149,152,3,10,3,15.63,148.98445453867998,74.49222726933999,0.3248816112071714,0.4569731196673766,1.0,201.9395340751923,1.5965425796642465,186.42924372334105,0.1021641408917493,3.9236577311009127e-17,1807.4133716744257,12.131556794102815,31.341761283046974,14.33622923536612,21.40602848285199,0.0,0.2080159566442159,False,True,,,,,5.0,3.0,1.0,6.78433714356153,False,0.25,n100_a15.0,True,False
(78400) 2002 QG5,480,482,2,5,1,14.09,192.20837249683188,96.10418624841594,0.0772640025215721,0.3107847872982638,1.0,128.26162464070765,11.825804133971555,120.44665375346212,0.0494305271304533,2.5442240558820206e-35,615.8945680512115,3.2043066597495025,14.070101986122904,3.175843025153267,2.315166069198391,1.0,0.0599255304131014,False,True,7.685,0.072,,,5.0,3.0,1.0,1.1021988382853571,False,0.0909090909090909,n200_a6.0,True,True
(197904) 2004 RM39,48,48,0,4,2,16.3,15.210809846090914,7.605404923045457,0.0653335342429506,0.963976532051389,1.0,37.19349984220373,1.0263724714141704,31.77782806887075,0.2263712466484427,5.1782133929619934e-30,1152.032242243644,75.73773217207821,61.132786543730056,37.638312200372354,28.414910183033463,0.0,0.2674894598016384,False,True,,,,,5.0,1.0,0.1041666666666666,9.00870941387474,False,0.25,n30_a60.0,True,False
(306598) 2000 GE176,252,252,0,6,1,15.87,2.520932367514432,1.260466183757216,0.0382066893248606,0.0627314206143922,1.0,11.153145668781782,1.6018926213145932,9.929393059165674,0.0290946382052283,0.441484751860406,572.4230011089239,227.06797234442143,1.306365674340834,0.8746511042801529,1.3747041700648177,0.0,0.0278304736265087,False,True,,,,,5.0,8.0,1.0,3.736658288358989,False,0.0588235294117647,n200_a0.0,False,False
(81011) 2000 ED36,3008,3029,21,17,4,15.5,2.966954952747605,1.4834774763738026,0.0047008603258825,0.0204083373845927,1.0,35.672257687242464,4.591264674839788,32.84843975538115,0.0027001633402343,6.51390923265838e-10,2489.4918847403023,839.073030898181,5.083068791327499,0.6055637655912558,2.454113208624639,61.0,0.8392671313950221,True,True,,,,,5.0,1.0,0.2651039947177286,21.752325495682676,True,0.8333333333333334,n1500_a3.0,True,False
(123740) 2001 AO18,228,230,2,7,3,14.34,12.623995674290509,6.311997837145254,0.0080652914567614,0.0519861883196836,1.0,10.80085738262644,1.5724427706116575,9.268492362831296,0.033082748893459,0.8532128002722806,1810.591897299746,143.42462909640568,1.4924851244802533,0.6926076128372917,0.8792106861601512,0.0,0.0327120506610891,False,True,,,,,5.0,8.0,1.0,14.278101166141369,False,0.0588235294117647,n200_a0.0,False,False
(96544) 1998 SK52,148,152,4,5,2,14.82,181.40689510435965,90.70344755217982,0.0687708192889329,0.1759646269051769,1.0,27.104375284242284,3.222671930136208,25.05928099030233,0.060997298114449,0.0008437475169303,1203.58850286511,6.634745069489836,4.805367155857356,2.5823396629884394,1.91975309876042,0.0,0.0232618449125364,False,True,,,,,5.0,9.0,1.0,10.700185927946588,False,0.05,n100_a3.0,True,False
(26071) 4335 T-3,247,248,1,8,3,14.18,2.059829807483985,1.0299149037419926,0.0288072677103755,0.0776694227770186,1.0,14.26199315088956,2.0133624988319645,12.513172782994554,0.0220596167947484,0.0709416978728131,1872.8103286745609,909.2063440727356,1.8883788295863464,1.290278635343895,1.953338718910686,1.0,0.6452955938875271,True,True,5.274,0.192,,,5.0,9.0,1.0,4.2106116211303455,True,0.6363636363636364,n200_a1.5,True,False
(23511) 1992 PB2,1281,1282,1,6,2,13.73,6.253123024691669,3.1265615123458343,0.0204265717018491,0.2413735661342903,1.0,193.42158748762327,22.806157226442288,182.1416393000113,0.0128939650992133,5.5731674105924934e-73,1206.014786869171,192.86599385730744,25.299974083824782,1.9117156266084168,1.9752201984853544,1.0,0.979560029056334,True,True,,,,,5.0,1.0,0.4032761310452418,12.182648254326258,True,0.9381761978361668,n500_a15.0,True,True
(229857) 2009 SM346,348,349,1,9,2,15.84,4.232304102249611,2.1161520511248053,0.0137926940992073,0.0762248215358612,1.0,19.875870636725335,2.9383571109099824,18.22544753691609,0.0170628724141058,0.0029842222400259,1105.2165804597898,261.1382721464486,2.5172396728018893,0.8449847275088553,1.4912727689810217,0.0,0.7932093263372243,True,True,,,,,5.0,6.0,1.0,16.874329226408356,True,0.8253968253968254,n200_a1.5,True,False
(5185) Alerossi,918,925,7,2,2,12.71,201.0056930430796,100.5028465215398,0.385205526321072,0.7142928361569958,1.0,1166.031702471388,4.642896923514503,1011.781441408562,0.1343714286025462,1.4251882417972002e-246,838.2098735551117,4.170080264221503,224.0258026566944,12.628247702178696,,0.0,0.2579299579751616,False,True,13.541,0.071,,,5.0,1.0,0.0,13.305884969883184,False,0.25,n500_a60.0,True,False
(74162) 1998 QR102,3012,3025,13,13,4,15.05,16.842356661588568,8.421178330794284,0.0015827341146093,0.006669573905072,1.0,12.36387980483816,1.8520028781061788,11.387911835805824,0.0037275607965691,0.436705144937894,2479.7382184441667,147.23225901631503,2.7407262655322757,0.4594935614155286,1.4107348323143176,21.0,0.0589294367872213,False,True,,,,,5.0,1.0,0.1976859504132231,21.32854976837172,False,0.0909090909090909,n1500_a1.5,False,False
(31478) 1999 CJ45,2876,2878,2,5,1,14.09,6.25372724596057,3.126863622980285,0.0052504332056714,0.1508908444046498,1.0,265.94460671724414,16.600589652312067,249.04878949756417,0.0012225684950016,8.037041189859152e-98,606.5009287903667,96.98231229737756,31.04153503022975,1.836077258872828,1.7298739292927496,69.0,0.4029013425981523,False,True,4.048,0.357,,6.24,5.0,1.0,0.0,5.164640615774532,False,0.5151515151515151,n1500_a15.0,True,True
(595912) 2004 PC87,40,40,0,3,2,17.85,8.21319584480509,8.21319584480509,0.6344793373053683,0.7568477101802992,1.0,24.54826661487761,1.0037226890794793,19.24849085771755,0.2694141309312402,1.2758194070871315e-10,637.8030085765058,77.65588701746606,22.643463032115985,126.24294582420178,1.6189477690839242,0.0,0.399825387356899,False,False,,,,,5.0,1.0,0.05,10.011803854290564,False,0.5151515151515151,n30_a15.0,True,False
(35210) 1994 PR39,45,45,0,5,1,15.66,2.794159360752242,1.397079680376121,0.0611533996507638,0.3778466891727288,1.0,9.555499350759495,1.5655386959856057,8.478125689352497,0.0653569299651567,0.0208606051821754,504.7851329399273,180.65724526321551,10.677820083267717,2.886970678626692,0.5208656376281156,0.0,0.0081526545178658,False,True,,,,,5.0,36.0,1.0,2.306432433304664,False,0.04,n30_a6.0,False,False
(252746) 2002 EX5,88,90,2,7,2,13.03,4.1541812191617415,2.0770906095808708,0.0659929100575768,0.1515454497217626,1.0,11.836945342936492,1.9523265031556376,10.7238621315275,0.0496637477244916,0.3891593658826194,1203.024828378169,289.5937285617318,1.7230987711108297,1.5049857282780164,4.414596444956746,0.0,0.279452926424989,False,True,,,,,5.0,13.0,1.0,7.144546659132044,False,0.25,n30_a1.5,False,False
(339186) 2004 TP162,97,99,2,6,1,16.45,98.13860258304602,49.06930129152301,0.0323680182621477,0.117831168281824,1.0,9.390617359820297,1.459436330855068,7.871038985432547,0.0375994649540112,0.7992181078435946,626.1020385848824,6.379773321665831,2.770303296561539,2.087233878714236,1.5987641667394077,0.0,0.009440825794244,False,True,,,,,5.0,15.0,1.0,3.355319075017916,False,0.05,n30_a1.5,False,False
(53761) 2000 EB77,1503,1503,0,5,2,16.13,3.082926649879284,1.541463324939642,0.0069073305751421,0.0168763638681534,1.0,15.21798185992599,2.0408046217532885,13.813557796557088,0.0070183575856977,0.0254852821938243,1205.991624032089,391.18401473460654,2.825313534734367,0.5166056319698168,0.9614203856519984,14.0,0.3885478270773961,False,True,,,,,5.0,1.0,0.4145043246839654,21.014081765752707,False,0.5151515151515151,n1500_a1.5,False,False
(27956) 1997 RC,2701,2716,15,6,2,14.06,2.927767304056128,1.463883652028064,0.0012912032698133,0.0256235522146184,1.0,43.33338777906826,5.653750940085605,39.73814862275894,0.0014826568386273,1.4506567179306034e-11,1127.5474603059702,385.1219523982886,4.977347398500095,0.5493403625646032,1.6172650981482664,73.0,0.8797489583207736,True,True,4.062,0.354,,,5.0,1.0,0.1329160530191458,15.834395823491755,True,0.85,n1500_a3.0,True,True
(11721) Shawnlowe,657,667,10,2,1,13.96,3.984217837715492,1.992108918857746,0.0162340172107759,0.7370549694734164,1.0,501.32424801545454,2.600116646630814,455.16485078378406,0.0039553560763397,1.5336270773835862e-188,154.1656023322139,38.69406960454019,122.1054521926359,7.995878729838822,,24.0,0.9927582442607156,True,True,,,,,5.0,1.0,0.0,1.7921474641115385,True,0.9575163398692812,n500_a60.0,True,True
(25287) 1998 WR9,847,854,7,8,3,14.51,198.2724414612978,99.1362207306489,0.0303842749236395,0.1482386865806075,1.0,94.1032800899722,9.365624286161076,89.12671588254524,0.0109964990239974,2.7956328568412267e-26,1272.1837256232393,6.416341657201845,12.08251533876747,1.6477409001863832,5.663486241862403,0.0,0.1420707543783069,False,True,7.202,0.054,,,5.0,2.0,1.0,14.870710192370154,False,0.1162790697674418,n500_a6.0,True,True
(485301) 2011 AH50,156,157,1,3,3,16.9,30.69498891553239,30.69498891553239,0.5131545122913659,0.7133729387478865,1.0,32.87954405659334,1.0587188591833738,42.86204790624107,0.0325816112383914,1.9447019235993667e-39,898.2312375669717,29.26312304717743,28.577182757638255,40.70184833886551,965.4633345810392,0.0,0.0817971841192086,False,False,,,,,5.0,1.0,0.0063694267515923,5.640348517722492,False,0.1162790697674418,n100_a15.0,True,False
(237513) 2000 RK100,456,468,12,9,2,16.01,2.166586764393162,1.083293382196581,0.022434877520845,0.0217995144609705,1.0,9.075174809786212,1.475177841900085,8.025753196605134,0.0258487163389294,0.999999723806816,1068.3991043677088,493.1254644062021,0.7309291452249707,0.5541373316391185,1.7830488310931072,4.0,0.3735682909223442,False,True,3.146,0.113,,,5.0,5.0,1.0,16.31652081839191,False,0.5151515151515151,n200_a0.0,False,False
(102526) 1999 UG1,1896,1897,1,7,3,15.91,10.61040215232436,5.30520107616218,0.0057360631748961,0.0092850169661368,1.0,10.359461042683156,1.542354123161903,9.123759377943207,0.0032343119272187,0.3167141801489977,10524.639320667831,991.9170988596564,3.147720609883129,0.4869566077033295,1.3969194592827094,28.0,0.0858986502034388,False,True,,,,,5.0,1.0,0.0079072219293621,17.982445682087906,False,0.1162790697674418,n1500_a3.0,False,False
(23166) Bilal,688,708,20,4,2,13.88,19.988529037314713,9.994264518657356,0.0190080205074444,0.5984197671579773,1.0,320.30795311963607,7.300181853083953,290.2225927168747,0.0461090124155587,1.036789744132088e-135,1200.6712273901794,60.06801326644691,65.69671854627144,5.937591234015916,1.9164244663239909,0.0,0.9337968065385506,True,True,9.211,0.048,,19.9893,5.0,2.0,0.7019774011299436,10.913311553840412,True,0.9381761978361668,n500_a60.0,True,True
(123409) 2000 WJ95,337,339,2,6,2,14.4,7.466558364982939,3.7332791824914695,0.0461356934387184,0.0781105313413431,1.0,18.96958716073959,2.40588437842428,17.13586708136214,0.0175551387136531,0.0038046330609561,1096.996498450928,146.9213049476289,2.38139075536713,1.0545506726498517,2.9500639057125686,1.0,0.85547769811941,True,True,,,,,5.0,3.0,1.0,8.62143843519353,True,0.85,n200_a1.5,True,False
(71321) 2000 AB83,211,213,2,4,2,14.61,121.89149699126077,60.94574849563038,0.0534432159416363,0.0833268947374782,1.0,14.506882138608423,2.2454605940297476,13.063151474780248,0.0293989244308662,0.1540582296897899,809.5435398909613,6.641509538183808,2.5799717659433936,1.4461950993643362,1.457532996478066,0.0,0.0136340318113911,False,True,,,,,5.0,4.0,1.0,9.13963963662355,False,0.05,n200_a1.5,False,False
(166554) 2002 RP88,152,167,15,9,3,15.9,87.56765031228527,43.78382515614263,0.9221577032006788,0.9462951243779038,1.0,70.74360673623765,1.0039355983660667,70.1639839024439,0.1299211142111261,8.123149459328899e-102,1739.27443281241,19.862065804092943,19.294762205513855,26.20288412313369,8763.793188421772,0.0,0.5306632208157103,True,True,3.115,0.126,,,5.0,8.0,0.5808383233532934,15.185298736759076,True,0.5689655172413793,n100_a15.0,True,False
(39911) 1998 FD38,1052,1054,2,7,2,14.94,46.038689595519635,23.019344797759818,0.0057153849516936,0.0230478363769373,1.0,14.187804453227605,1.959651901088036,12.430114859554578,0.0043634699655501,0.0553900017233445,764.3186456591939,16.601659438490522,2.451667941189,0.5356893743384512,1.6194230966968712,5.0,0.0058132508058354,False,True,2.234,0.561,,,5.0,1.0,0.3690702087286527,2.436080391449035,False,0.04,n500_a1.5,False,False
(67619) 2000 SJ171,1099,1103,4,10,2,14.43,23.845613887704516,11.922806943852258,0.0032822940450671,0.0134992209336906,1.0,10.94892899947498,1.5021801512361244,9.33929399908809,0.0059052102009451,0.9713142158002348,1217.3551397482515,51.051532809392455,2.062056805782348,0.4114619356018392,2.425038265386976,12.0,0.0251917421656053,False,True,6.436,0.098,,5.32628,5.0,2.0,0.99909338168631,10.83962606813916,False,0.0588235294117647,n500_a1.5,False,False
(5578) Takakura,2750,2753,3,8,3,12.74,3.4859215793891254,1.7429607896945627,0.0040767050633257,0.0709685587145126,1.0,95.10989256836648,11.410907955467431,87.38535032720301,0.0021789939393783,6.795062836184626e-40,1877.8031377915177,538.6819797938728,14.200379705890338,1.0031821272125407,1.3402008961530114,62.0,0.8539632904228558,True,True,8.138,0.267,,,5.0,1.0,0.0908100254268071,5.196009103048546,True,0.8353166538386814,n1500_a6.0,True,True
(387995) 2005 QT90,68,69,1,4,1,16.21,219.09931641837343,109.54965820918672,0.1406817803295361,0.3423499108639943,1.0,19.060355289991865,2.903864816097011,17.741122990116082,0.1072589202362098,0.0007951144337963,539.096350759326,2.4605113314452947,4.0065762278437855,3.087067792166459,4086.4752246386106,0.0,0.0023558593423521,False,True,,,,,5.0,14.0,1.0,7.9930648579504275,False,0.0,n30_a3.0,True,False
(149029) 2002 AW149,30,36,6,4,2,15.73,2.195968802450516,1.097984401225258,0.3467274904795271,0.0224245791010045,1.0,12.72488068297956,2.1890776711404154,11.81170424383776,0.1997826122917786,1.0,1153.0649560843594,525.082576217675,6.255238097724476,34.65580695063969,157.6362260797213,0.0,0.4689748081753773,True,True,,,,,5.0,13.0,1.0,12.09539951926255,True,0.5393962089676531,n30_a6.0,True,False
(690622) 2014 JF109,36,36,0,8,3,17.18,2.358854551032792,1.179427275516396,0.0451067282538877,0.5767190103396386,1.0,8.212056727235044,1.7009422521665618,7.130491482015705,0.1340718420624611,0.0003917476127479,11480.731715321655,4867.079112739265,6.4211679585480805,4.212911466023076,1.9046569113853176,0.0,0.0082453905383867,False,True,,,,,5.0,33.0,1.0,13.410007081752523,False,0.04,n30_a6.0,True,False
(688098) 2012 HS46,33,35,2,9,3,16.19,2.0427548868851972,1.0213774434425986,0.1427657864238942,0.3256281279411935,1.0,8.067595234999084,1.6409589908108086,7.392433327795245,0.1465449904258091,0.5123359436324539,10378.438052440297,5080.60860315228,1.3397315260332388,4.084304656946894,2.3637917353530566,0.0,0.0046688514873092,False,True,,,,,5.0,68.0,1.0,15.826097444201876,False,0.04,n30_a0.0,False,False
(348003) 2003 SR246,155,156,1,5,2,17.51,2.9625626648924075,1.4812813324462035,0.0310985814621931,0.097035042644305,1.0,9.805063530198712,1.7272649324912377,8.632223686500257,0.0294746693937317,0.3584024213266459,1219.666055077454,411.6929135477879,1.17880919927994,0.98092180004631,1.9856236513497083,0.0,0.0661691972872047,False,True,,,,,5.0,5.0,1.0,22.52072254743736,False,0.0909090909090909,n100_a0.0,False,False
(105233) 2000 PL12,317,318,1,2,1,15.04,4.048336400276071,2.024168200138035,0.0025477814445263,0.8002909146595665,1.0,298.1315237841966,1.8749134380888244,256.1445735589377,0.0065913664966589,1.290048166164304e-106,79.83341971848859,19.72005580194483,75.92209285378449,6.56737316494693,,11.0,0.9731697669094392,True,True,3.214,0.247,,,5.0,1.0,0.0,0.315169069978551,True,0.9381761978361668,n200_a60.0,True,True
(33407) 1999 CA75,101,101,0,1,1,14.55,17.14796955370654,8.57398477685327,0.2917662791397138,0.3551812801621971,1.0,47.8795207040332,1.042334447258833,49.26051988661826,0.0680359561530087,5.335779359856885e-07,19.00019375182455,1.108014199134011,22.6290253336872,9.249748043813586,,1.0,0.5058501786175446,False,True,,,,,5.0,1.0,0.0,0.0840935380237422,False,0.5689655172413793,n100_a15.0,True,False
(79204) 1993 UH7,51,51,0,8,2,15.49,8.023285284549582,4.011642642274791,0.0328453903902245,0.2578878606518682,1.0,8.715169000027135,1.517007341053494,7.661323016640989,0.0642870213121951,0.2627672485483308,1209.975385286787,150.8079723423064,1.4593020080340642,1.6905502954104463,1.1667374376329385,0.0,0.0142771750489171,False,True,3.8,0.102,,,5.0,49.0,1.0,3.9209376616563425,False,0.05,n30_a0.0,False,False
(69351) 1994 AE3,166,168,2,7,2,16.3,76.96416673163357,38.482083365816784,0.0277731383247071,0.1752373761472095,1.0,23.46077708347893,3.359299088290106,21.641490110626517,0.036063438905057,0.0001904315206889,1145.2955072585028,14.880892704939363,3.9100839337798834,1.741580292018093,2.4260305888036777,0.0,0.0941881683475017,False,True,3.325,0.048,,,5.0,10.0,1.0,17.520065826308986,False,0.1162790697674418,n100_a3.0,True,False
(48303) 2002 LJ37,713,718,5,7,1,16.07,12.503632370071362,6.251816185035681,0.0148136929300285,0.0352137504669664,1.0,13.120058058390958,1.6189715673046643,11.434473976375957,0.0068887451426267,0.0179849914390778,579.6736933857319,46.360423613640165,3.764144071376261,0.8133248612864178,1.9479568644194651,8.0,0.0961656242041512,False,True,,,,,5.0,1.0,0.1420612813370473,7.085134963586396,False,0.1162790697674418,n500_a3.0,False,False
(744888) 2010 CR273,44,72,28,3,2,17.69,236.98768879076312,236.98768879076312,0.3565626642571359,0.3175723419343574,1.0,79.85077672862258,3.844515043638568,71.74663972720641,0.3796553674066304,0.000234611483154,1516.35277193191,6.398445335574797,21.339750319739306,14050.095617335974,117361079.43342872,0.0,0.0068211767784325,False,False,,,,,5.0,1.0,0.0277777777777777,9.897634830284774,False,0.04,n30_a15.0,False,False
(88764) 2001 SM67,1288,1293,5,7,1,14.84,3.8655836595398654,1.9327918297699327,0.0085336553830822,0.050932925000244,1.0,42.14698350953129,5.6453959779227105,39.99301296924646,0.0055712867216743,4.408356530921719e-11,576.994364151964,149.2644875833953,5.4741743107336305,0.8750400085106593,1.4132975408898525,29.0,0.972956832113488,True,True,,,,,5.0,2.0,0.9984532095901004,5.29311789306084,True,0.9381761978361668,n500_a3.0,True,True
(142204) 2002 RH59,30,31,1,2,1,16.35,2.0747515818332505,2.0747515818332505,0.0339334670592461,0.2974618508814738,1.0,5.2930047340922455,1.754897598587685,6.794186294438133,0.1813858850692643,0.8330113606555383,338.9344862534199,163.36147865660976,15.646702510487776,142.74839157322333,,0.0,0.0132823966545292,False,False,,,,,5.0,12.0,1.0,5.407669166065931,False,0.05,n30_a15.0,False,False
(47665) 2000 CX55,2737,2754,17,13,4,14.41,10.909630289516242,5.454815144758121,0.0043342791899949,0.030950078476988,1.0,54.14374572966099,4.678289652277742,50.07334674728356,0.0020486166581303,1.2564986107503272e-14,11419.907517482645,1046.7730999515868,6.594865672338417,0.7459069986554003,3.2781077419427613,32.0,0.7807318256560224,True,True,4.015,0.229,,,5.0,2.0,0.5541031227305737,19.643143033426952,True,0.8253968253968254,n1500_a6.0,True,True
(94360) 2001 RW15,2415,2417,2,10,1,16.02,34.750440684954334,17.375220342477167,0.0004756437116306,0.0089378056633465,1.0,11.105408390272796,1.788328645144922,9.36202220876201,0.0023556255521677,0.3287561142118925,609.6640076431213,17.544065503234997,1.2107583763789542,0.3391831286288236,1.2524790951247828,6.0,0.0043403644510907,False,True,,,,,5.0,1.0,0.0,6.682685881753711,False,0.0,n1500_a0.0,False,False
(69019) 2002 VA35,125,125,0,2,1,14.81,12.77617853373291,6.388089266866455,0.0257963567617462,0.5587348725034114,1.0,50.5885322066508,1.1479105986292422,56.55957426857913,0.4566204914516574,6.179416619141157e-19,31.669523386401124,2.478794680489488,19.13264910714796,72.7542113239396,,0.0,0.0232073193860743,False,True,,,,,5.0,1.0,0.0,0.2870110170920981,False,0.05,n100_a15.0,True,False
(27556) Williamprem,2658,2659,1,5,2,14.28,80.92059480743316,40.46029740371658,0.0373955079029229,0.7892941665964245,1.0,3859.6212630498826,30.079003964950328,3597.2522440133034,0.0010726406646192,0.0,1206.4083296967435,14.908545007209044,455.7975006267244,8.474998171127334,3.805705483971005,3.0,0.9035441911538146,True,True,,,,,5.0,1.0,0.0,18.26774338287324,True,0.8862275449101796,n1500_a60.0,True,True
(603252) 2015 BM91,134,134,0,3,2,18.53,169.72931566832222,84.86465783416111,0.9769952749906696,0.9792437154358524,1.0,42.78163042711941,1.024494853676817,30.923862722432027,0.4340218502566563,1.629635145193251e-107,591.7577494672732,3.486479322309064,230.90526303937816,52216.92986584276,100360883657.33304,0.0,0.0085611137996897,False,True,,,,,5.0,1.0,0.0149253731343283,5.80811312442707,False,0.05,n100_a60.0,True,False
(480252) 2015 HS56,31,31,0,3,1,16.52,2.944409814032083,2.944409814032083,0.0125340955178136,0.4120040020353603,1.0,7.813018068728794,1.5060631629710757,6.9852280068834665,0.1134357390840303,0.107909465506528,375.8372054581996,127.64432575488772,3.051512983848279,2.152619492396917,2.8859725658736637,0.0,0.0027000347704016,False,False,,,,,5.0,27.0,1.0,6.252707576291734,False,0.0,n30_a3.0,False,False
(34918) 4654 P-L,809,810,1,7,2,15.63,50.7340869300129,25.36704346500645,0.0047269403123813,0.0239480848551747,1.0,13.383002774302527,1.7425543793423908,11.799768600957307,0.0057593899643021,0.2201790677499037,1195.6572633648757,23.56713869738646,2.838685939778233,0.6615907072136106,1.483196460244058,6.0,0.0061520418140907,False,True,,,,,5.0,3.0,1.0,19.565271713217665,False,0.04,n500_a1.5,False,False
(166662) 2002 TL44,605,621,16,5,2,15.92,167.809394166737,167.809394166737,0.0117476035267535,0.0444289388223754,1.0,24.901011464446015,2.873247751781027,22.41386152167264,0.0208879198285771,0.0034961753635951,1206.6540052496712,7.190622499064196,3.528528110718276,1.0553207734780043,3.8599205052724543,1.0,0.0281874060031955,False,False,,,,,5.0,2.0,1.0,16.97726691761401,False,0.0588235294117647,n500_a3.0,True,False
(29186) Lake Tekapo,2189,2190,1,6,1,14.49,219.8007998901919,219.8007998901919,0.0436582511527575,0.0441033725425973,1.0,64.021536684538,3.990186703584646,59.19471255061031,0.0015164917314462,1.4603221948006086e-17,629.4944946896285,2.8639317736974177,12.505480198175094,1.0748125720788535,1.9693657344395952,0.0,0.0206682343135692,False,False,2.634,0.843,,45.1306,5.0,1.0,0.0,6.882015333308921,False,0.05,n1500_a6.0,True,False
(232817) 2004 RA322,561,562,1,10,2,16.39,156.65878806433392,78.32939403216696,0.0388754535921203,0.0896566620909746,1.0,41.18655550090146,3.454681464610108,39.195714692277555,0.012766758842827,2.0734243943885143e-08,1204.634397738031,7.689542429265652,9.52417552683722,2.1165450439736095,1.370760622358357,1.0,0.0880620196116453,False,True,,,,,5.0,4.0,1.0,18.74646425700687,False,0.1162790697674418,n500_a6.0,True,False
(201091) 2002 GS92,164,164,0,13,3,16.17,11.120898036515786,5.560449018257893,0.0298797120848398,0.1045404973755996,1.0,12.030193980652164,1.8564646663943696,10.46872021052823,0.0314360533374722,0.1225463430798479,1861.0647940396448,167.34842707205706,2.076684560239568,1.0391681245602902,1.1295327313828656,1.0,0.2629472614882077,False,True,,,,,5.0,14.0,1.0,2.9749852204116465,False,0.25,n100_a1.5,False,False
(17294) 2787 P-L,371,399,28,1,1,13.94,4.443776755302149,2.2218883776510747,0.0076007239858884,0.7143658814389117,1.0,392.1152600282349,1.5976536818142204,326.2252767513723,0.0113029830199914,3.8271432440788175e-104,71.16673031490063,16.014920243233895,110.60577364963324,10.00818198165485,,12.0,0.9952090718861308,True,True,4.748,0.149,,4.443,5.0,1.0,0.0,1.050837940968639,True,0.9575163398692812,n200_a60.0,True,True
(186452) 2002 SP49,157,170,13,6,2,17.47,2.9912787862531096,1.4956393931265548,0.0277655876703893,0.0911085534542374,1.0,13.16957434082361,2.0196259257944544,11.698999288263607,0.0335116409524945,0.2997819335226798,1184.217459671956,395.89003375887694,0.9582623792770166,1.1874093416661775,1.9074757972754024,1.0,0.6803591886050385,True,True,,,,,5.0,11.5,1.0,22.025457714855047,True,0.6363636363636364,n100_a0.0,True,False
(251833) 1999 TE212,197,199,2,9,3,17.28,2.0389123658902366,1.0194561829451183,0.0185277095692599,0.1209568367590519,1.0,15.5610814774691,2.5045160431215527,14.01610158735842,0.0276839256440853,0.0053316141235117,1702.7867779114167,835.1446616333313,2.263221281387824,1.6177170222082975,4.013135543532185,0.0,0.7103451204373541,True,True,,,,,5.0,4.0,1.0,24.02522177274121,True,0.6363636363636364,n100_a1.5,True,False
(160328) 2003 OG4,30,30,0,1,1,16.21,47.728782641046664,23.864391320523332,0.3745847642064064,0.3492419800367796,1.0,7.289100340239679,1.3320182226226345,6.343838431423627,0.1409674555542983,0.4681456764034603,56.0008344866219,1.173313698524154,15.715401872052404,5.430728306668311,,0.0,0.0194348732568346,False,True,,,,,5.0,8.0,1.0,1.1827133784143875,False,0.05,n30_a15.0,False,False
(19338) 1997 AB2,545,545,0,5,1,14.3,6.452540934487569,3.2262704672437845,0.0198327548681256,0.1311638477281064,1.0,55.45408091568285,6.786686746615545,51.38372273146573,0.0138439271096113,2.568829166766263e-13,614.1423622720758,95.1783752334844,7.756413018929646,1.39006649428003,1.2010869531879462,0.0,0.9916101674352974,True,True,5.564,0.157,,,5.0,3.0,1.0,2.024816922742122,True,0.9575163398692812,n500_a6.0,True,True
(375947) 2009 WG142,891,891,0,3,1,16.98,129.67386490655858,129.67386490655858,0.2784316846353029,0.3009737019935082,1.0,169.7542319192546,13.80892067635995,155.13946057991507,0.0134691678493154,2.366635789711837e-65,564.9417632575496,4.356635499872236,24.91535790376722,2.240869290392512,4.258052360805555,1.0,0.2513408283391388,False,False,2.893,0.04,,,5.0,1.0,0.2222222222222222,13.679628394195184,False,0.25,n500_a15.0,True,False
(119823) 2002 BB2,249,251,2,4,1,14.76,34.89115221781376,17.44557610890688,0.0131577533653528,0.0786582487095877,1.0,15.141043694120576,2.02294280831853,13.726600933984852,0.041280018451249,0.0839356679275464,524.4933539494523,15.032273817591811,1.863680464558222,0.9799763022962358,0.983139431395207,2.0,0.0175721900960355,False,True,,,,,5.0,5.0,1.0,4.3600387516424535,False,0.05,n200_a1.5,False,False
(25028) 1998 QL26,60,60,0,3,2,14.98,1.4013488728154977,1.4013488728154977,0.1566181024348579,0.2587119057907693,1.0,9.876966499140972,1.6983460143728186,8.85496416423443,0.0826141990679916,0.1251458329845187,1234.834182608407,881.1754207412032,3.637844445287685,2.0527417926192957,0.8292212761387688,0.0,0.0088913641867249,False,False,3.202,0.157,,5.88,5.0,11.0,1.0,3.34167296118871,False,0.05,n30_a3.0,False,False
(175550) 2006 SW300,149,151,2,12,3,15.53,5.122030667490776,2.561015333745388,0.0213418333559958,0.0901955487429828,1.0,11.5103088446061,1.718537531422347,10.342477560160296,0.0484129628241564,0.5162127320250407,1908.55857989355,372.61756201638104,3.021739035762268,1.8589713918795536,3.366318867739482,0.0,0.0040589315136142,False,True,2.602,0.198,,,5.0,16.0,1.0,14.39137095582355,False,0.0,n100_a3.0,False,False
(104223) 2000 EP121,2740,2743,3,11,2,14.86,184.00562962394113,92.00281481197057,0.0039017380638048,0.0107849473460215,1.0,18.263937093325904,2.4180087977760283,16.764847056414812,0.0009057924877086,0.0068124301619835,2671.9942874321714,14.521263794444884,4.851992241201856,0.4234715340502933,1.2038504794712688,1.0,0.0052818244038446,False,True,,,,,5.0,1.0,0.1100984323733138,23.157615480524644,False,0.04,n1500_a3.0,True,False
(291664) 2006 HE69,321,324,3,9,3,16.12,123.422056697563,123.422056697563,0.030643393607191,0.0475151933759815,1.0,11.666892640801644,1.7179231390942682,10.310984636944807,0.0168005656084588,0.3610837469615279,1830.630556993245,14.83228043654365,2.3816137977976943,1.0280222531079206,1.8796325035049293,1.0,0.0100223326813274,False,False,,,,,5.0,7.0,1.0,20.882124608423855,False,0.05,n200_a1.5,False,False
(544426) 2014 UH221,101,127,26,6,2,16.4,8.607836350284416,8.607836350284416,0.2328460895106698,0.1759667946558644,1.0,14.04018609808978,1.7322717610162732,12.949693590491576,0.0603169106417184,0.00121149037189,8779.992969821964,1019.999987515081,36.752564349119055,31.03771864408976,28.146585977451252,0.0,0.1822549843877704,False,False,,,,,5.0,1.0,0.1023622047244094,14.632174831010524,False,0.25,n100_a15.0,True,False
(294349) 2007 VC92,433,435,2,4,1,17.5,61.13627938444109,30.568139692220544,0.0150870378117568,0.4179301188001176,1.0,168.38461031745757,11.722362772477563,165.63903248922236,0.0178936353667021,2.6178345095926765e-47,406.42336027370766,6.647826206727598,19.921430591327233,3.269968496210613,1.4481856228068066,1.0,0.5357795418327576,True,True,,,,,5.0,2.0,1.0,7.263765880961806,True,0.5689655172413793,n200_a15.0,True,True
(213073) 1999 TE90,133,133,0,4,1,15.83,17.50383080181339,8.751915400906695,0.0237316664014807,0.0973761670918992,1.0,8.97658881820351,1.4018147142712558,7.686907729667282,0.0392012860049302,0.6862486424055121,536.8370510656969,30.66968923226113,1.433820642089582,0.9225270838079191,1.469773182894593,0.0,0.0267697251929506,False,True,,,,,5.0,7.0,1.0,3.5895154964811677,False,0.0588235294117647,n100_a0.0,False,False
(38208) 1999 MO1,371,382,11,9,3,14.29,237.22734062412937,237.22734062412937,0.0409199969422625,0.0428258496774407,1.0,17.53719640598661,2.477717633641406,16.214932926634233,0.049886873106997,0.5473704394024841,1878.8093282081536,7.919868440396168,3.6149241769071008,1.2787279087688412,1.8858135688555548,1.0,0.0294323664286627,False,False,4.586,0.211,,,5.0,3.0,1.0,10.75474634758426,False,0.0588235294117647,n200_a3.0,False,False
(259500) 2003 SS262,110,110,0,5,2,16.86,2.1415175157421036,1.0707587578710518,0.0087647223822976,0.1473388366127173,1.0,12.782525448919992,1.640247851843602,11.320231374392112,0.0464843273208128,0.1141350896319163,895.2967123342096,418.06649058574754,3.3917360514166996,1.9410187126076364,1.2201554516288915,0.0,0.0381209394597931,False,True,,,,,5.0,13.0,1.0,16.153118552237707,False,0.0909090909090909,n100_a3.0,False,False
(134310) 4698 P-L,182,184,2,6,1,16.48,225.2714547017766,112.6357273508883,0.1886975823274403,0.1720472626822591,1.0,27.130922127321696,3.0210161597945127,24.530327453802983,0.0885114922572607,7.490913386114455e-05,529.0039101149887,2.3482953524462533,7.196484018559565,1.7946034269083304,19668.54864242689,0.0,0.0025648626594955,False,True,3.157,0.054,,,5.0,5.0,1.0,6.65898141045189,False,0.0,n100_a6.0,True,False
(86085) 1999 RW80,929,931,2,8,2,14.67,208.9577780940314,208.9577780940314,0.0259734855552415,0.0645651999301655,1.0,41.50362230537435,5.7839970918634265,39.08857755595685,0.0099704990923856,3.8662136228696845e-10,1206.729411303706,5.774991590696736,6.0402799010130135,0.9895753312524018,3.111281669773854,0.0,0.0866822375322154,False,False,4.118,0.114,,,5.0,2.0,0.9989258861439312,11.03938282847119,False,0.1162790697674418,n500_a6.0,True,False
(35738) 1999 GO20,223,229,6,2,1,15.07,131.7930996197582,131.7930996197582,0.1932433994251307,0.1995423047955758,1.0,57.093481547154106,4.834980255071487,54.92552686630886,0.0872645334542782,2.7404197445915994e-08,408.8518138183281,3.1022247370911193,16.417316307962636,5.817225898291435,,0.0,0.100571500704514,False,False,2.798,0.247,,,5.0,3.0,1.0,5.902206512417246,False,0.1162790697674418,n200_a15.0,True,False
(26575) Andreapugh,476,480,4,8,3,14.77,46.63485754304472,23.31742877152236,0.001147822625959,0.0457199975752191,1.0,17.11716803664457,2.481037949004164,15.367600137502194,0.0092502292565449,0.0594147483349258,1823.4280889543588,39.100110625861895,2.9781131912013614,1.0776950666163985,2.5835993328399645,1.0,0.5005661335257926,True,True,2.829,0.383,,,5.0,5.0,0.9854166666666668,13.617542982613545,True,0.5689655172413793,n200_a1.5,True,False
(289105) 2004 TT309,106,112,6,10,3,15.46,3.380637114997678,1.690318557498839,0.0073667561710408,0.1142133452475885,1.0,11.1836047970172,1.7795065452247052,10.022729218981896,0.0508070325360087,0.5536298709501793,1823.8260885725613,539.4918255146157,1.809198144705237,1.9293957678297284,2.9018889901977705,0.0,0.017050736265228,False,True,,,,,5.0,24.0,1.0,15.374329699175023,False,0.05,n100_a1.5,False,False
(123787) 2001 BG22,130,131,1,4,2,15.88,203.4812292491955,101.74061462459775,0.4849118054556425,0.2450107076962107,1.0,68.80704405996754,1.323370275239822,60.710795475938,0.0399732652406704,2.0357195209614683e-05,738.2840931385872,3.628266331310784,11.018408212826174,10.79947858124929,20.541008078605618,0.0,0.0144515769505181,False,True,,,,,5.0,7.0,1.0,10.89518000166516,False,0.05,n100_a6.0,True,False
(157635) 2005 WF198,115,115,0,6,3,16.32,29.39360932508057,29.39360932508057,0.3317743282768172,0.5706594039995975,1.0,55.55963233213103,1.5936845611250714,50.65340169743195,0.1327325316169743,3.650935666722045e-18,1740.462173277454,59.21226461264751,42.45943011550668,6.607548845474076,2.4069739327850663,0.0,0.5101363681285579,True,False,,,,,5.0,1.0,0.1043478260869565,11.31164218468168,True,0.5689655172413793,n100_a15.0,True,False
(881852) 2015 PO337,37,52,15,2,2,17.92,1.5090943689257834,1.5090943689257834,0.2067702238305045,10.988604987852096,1.0,4452.439354553806,124.40626252064028,3543.633134245312,0.2905519792126293,,261.45155361044453,173.2506322958141,307.3062937507525,5364.947801104154,,0.0,0.9867952544956768,True,False,,,,,5.0,9.0,1.0,4.15553744668457,True,0.9575163398692812,n30_a60.0,True,False
(72524) 2001 DB92,734,739,5,7,1,15.23,11.08905426969835,5.544527134849175,0.0054080024525007,0.0196355435114473,1.0,13.794328848522325,1.552014488080718,11.881806945332038,0.007563775660883,0.9773050313031456,609.583071012923,54.97160138161225,0.6488175642691418,0.4977355877644345,1.7234539828966438,9.0,0.0327609414301361,False,True,2.305,0.252,,,5.0,2.0,1.0,3.603538257870992,False,0.0588235294117647,n500_a0.0,False,False
(75332) 1999 XN53,79,82,3,10,2,15.34,6.477796010022813,3.2388980050114067,0.0347284047968529,0.1399392644951318,1.0,9.640878470583258,1.4524706249714006,8.384443881044852,0.0755563023238277,0.7226737472144382,1025.5127502795076,158.31198585024538,1.3052915982927076,1.6785633613465487,1.7892478615891765,0.0,0.0286463121167853,False,True,,,,,5.0,25.0,1.0,1.1497113151016514,False,0.0588235294117647,n30_a0.0,False,False
(8824) Genta,224,224,0,1,1,13.85,81.69173236752849,40.84586618376424,0.8447647026885805,0.8397431500128267,1.0,410.4804646596405,1.0407633904521545,375.2569617653064,0.5062681064385112,1.8853416924690009e-84,40.3338137101382,0.4937318935614888,164.142341451488,138.8945346643808,,0.0,0.2508682422813773,False,True,11.079,0.054,,,5.0,1.0,0.0,0.0640081481565224,False,0.25,n200_a60.0,False,False
(693519) 2015 HL108,44,50,6,9,3,17.99,174.32679944060058,87.16339972030029,0.9426139644277824,0.9294061193394846,1.0,29.135592491504777,1.042107530851585,24.177998699546755,0.2043118277368805,5.775924502348792e-25,11519.892816311214,66.0821678208832,161.34344238857446,64.57312029538602,107.78198635842789,0.0,0.0523277918480062,False,True,,,,,5.0,1.0,0.32,16.73817801403009,False,0.0909090909090909,n30_a60.0,True,False
(320398) 2007 UD101,39,40,1,4,1,15.76,1.2966485882513294,1.2966485882513294,0.140629371874014,0.2031788094569368,1.0,8.572519598655422,1.5374997854313703,7.551694256883995,0.1484358953496299,0.970187515035994,525.1973120720359,405.0421346467674,1.1597719991654256,1.843826495694356,2.009589136126573,0.0,0.0128139248415446,False,False,5.296,0.044,,,5.0,45.0,1.0,3.347572803139803,False,0.05,n30_a0.0,False,False
(21466) Franpelrine,1283,1294,11,8,2,14.98,3.945590006711221,1.9727950033556103,0.006062525683032,0.2680041848822,1.0,226.02198884999365,17.807710917961757,205.9457844551286,0.0088207714893138,1.4566329797369464e-83,1192.2141571413958,302.1637207904289,30.884580882945738,2.2718331334125788,1.486260099291229,5.0,0.9965474895054628,True,True,,,,,5.0,2.0,0.5718701700154559,16.35122648666068,True,0.9575163398692812,n500_a15.0,True,True
(121794) 2000 AD124,6323,6368,45,25,4,14.39,3.761547874570696,1.880773937285348,0.0012374680959556,0.3049565199590049,1.0,1139.9717864541196,20.59822563138172,1049.6655126269602,0.0008855697073412,0.0,3237.268413164711,860.621350867209,96.00026512532764,1.4938024062225403,3.7713743820308983,166.0,0.9417811168671708,True,True,,,,,5.0,1.0,0.2426193467336683,21.232845446922955,True,0.9381761978361668,n1500_a60.0,True,True
(75568) 2000 AR1,550,551,1,10,3,15.04,28.86641624599988,14.43320812299994,0.0072637120656148,0.0312076030746868,1.0,13.879186707747415,1.7398638374814588,11.751951335550835,0.0118014078434457,0.3819448765329606,1868.8868799576885,64.74260136869836,1.2035063738360223,0.626897313700841,1.6088461593687178,2.0,0.0186403839330312,False,True,,,,,5.0,4.0,1.0,3.3830407891711864,False,0.05,n500_a0.0,False,False
(133380) 2003 SM153,130,130,0,5,1,16.61,63.26313492611072,31.63156746305536,0.0209292697450995,0.3977263481984517,1.0,42.8458527569478,3.686071109824394,39.05336001142995,0.0754282949699337,2.8869272976979257e-11,446.67119024303975,7.060528865108204,6.835309075888417,3.115706040894681,1.6471948595575687,0.0,0.203612252273007,False,True,,,,,5.0,5.0,1.0,5.74399936116092,False,0.25,n100_a6.0,True,True
(49706) 1999 VB21,572,572,0,4,1,14.51,2.5574067877120576,1.2787033938560288,0.0040552492921822,0.0258528752857457,1.0,9.087245345088624,1.4918540371696118,7.941537094130609,0.0074817016787016,0.8814655389708114,252.27530590700917,98.64496611143475,1.2739094810565268,0.6221148040846385,1.123651702043218,7.0,0.295180779865484,False,True,,,,,5.0,2.0,0.9982517482517482,0.5787357980929144,False,0.25,n500_a0.0,False,False
(723752) 2007 HC46,39,41,2,1,1,16.77,43.52268501129745,43.52268501129745,0.9264594147387248,0.8971449229196564,1.0,7.0035080422029505,1.0241547506301445,4.1470092275235535,0.3063724184335354,1.328393927872345e-16,36.00217436224921,0.8272048094666932,20.881883289466455,46.835677523193105,,0.0,0.009202450217332,False,False,,,,,5.0,1.0,0.0,1.6594839714449332,False,0.05,n30_a15.0,False,False
(100489) 1996 VW13,553,555,2,7,2,16.91,1.9435468081838403,0.97177340409192,0.0144694274859139,0.0282665586419973,1.0,11.062726713541617,1.664726766772167,9.663029004163818,0.0128087116845435,0.735282906984267,884.6933847886976,455.195306366408,1.4915230188782946,0.8081470090287487,6.845163120689941,2.0,0.2042299747050669,False,True,,,,,5.0,3.0,1.0,15.917548581927443,False,0.25,n500_a0.0,False,False
(625211) 2005 RN53,104,104,0,2,2,18.35,56.21415496557075,28.107077482785375,0.8360743019405918,0.8510333059291719,1.0,51.51853563379745,1.0143107149526605,47.63980357339934,0.5641248033977143,1.884070915441448e-39,465.3750284191919,8.278609341441106,51.988611202537655,1126.6591767642833,,0.0,0.0818250365948083,False,True,,,,,5.0,1.0,0.0,0.964616950391786,False,0.1162790697674418,n100_a15.0,True,False
(300712) 2007 VV114,35,35,0,7,2,16.38,1.9582689465365233,1.9582689465365233,0.0665613801203082,0.3555246302945241,1.0,8.890195373124692,1.5518292602785362,7.63834769652735,0.0938909493361037,0.1720738549018028,1154.3794426401146,589.4897351468493,4.837348115883248,2.6936925456125995,1.4614490037565604,0.0,0.0024484795814588,False,False,,,,,5.0,31.0,1.0,14.612642753383378,False,0.0,n30_a3.0,False,False
(62158) 2000 SK25,355,356,1,1,1,15.14,6.325131591101313,3.1625657955506563,0.0141281955786735,0.623822284510568,1.0,216.4822612632765,1.5253565405861924,196.18938161503792,0.0186368060846454,1.6942093218573205e-71,64.49925711681135,10.19729885265216,39.085538663756125,4.628828973384803,,8.0,0.9703943815053644,True,True,2.819,0.128,,,5.0,1.0,0.0,0.0839090598903942,True,0.9381761978361668,n200_a15.0,True,True
(129678) 1998 RQ50,515,516,1,5,2,15.57,55.51326906150176,27.75663453075088,0.02020794893666,0.0325738527144439,1.0,9.641926807482433,1.4172780921105057,8.417680472313101,0.0118002935448477,0.4625627004502559,1224.6055142103578,22.059690140994004,2.599302601826754,0.8534873864912618,7.297560671678321,2.0,0.0079259859784943,False,True,3.162,0.102,,,5.0,2.0,1.0,15.677149568848986,False,0.04,n500_a1.5,False,False
(11581) Philipdejager,2904,2908,4,10,3,13.98,43.49775305253944,21.74887652626972,0.0033574096142222,0.1778273663905993,1.0,361.8970192430996,27.057935181565924,339.4372542839159,0.0034368457308339,1.3445906256373376e-119,9461.722308067954,217.52209353525603,44.667210806158586,1.5079200168877964,3.376803463543417,10.0,0.578064281611994,True,True,6.043,0.122,,,5.0,1.0,0.029917469050894,16.076164251180042,True,0.5689655172413793,n1500_a15.0,True,True
(73296) 2002 JY67,108,118,10,8,3,14.01,2.2502818783456093,1.1251409391728049,0.0425298206290671,0.0716300053462557,1.0,7.136427239810052,1.466674398355278,6.523951510483127,0.0344209240299976,0.9999622590630188,1426.1087036960523,633.746695211587,1.4547693354666793,2.427172104012165,18.41662255828203,1.0,0.0575475845074573,False,True,5.461,0.179,,,5.0,41.0,1.0,7.286174337866829,False,0.0909090909090909,n100_a0.0,False,False
(3365) Recogne,695,695,0,3,1,12.55,201.06669835642953,100.53334917821476,0.7326537239707495,0.7145499683127343,1.0,1121.626942383156,2.3741386438234873,914.0807083517302,0.2354092590764259,2.8171869731813497e-184,167.49888060969533,0.8330513306224945,344.30426750205237,19.254653012569836,820511343667.1322,0.0,0.0447165575946796,False,True,17.716,0.069,C,,5.0,1.0,0.0,0.9120793399062804,False,0.0909090909090909,n500_a60.0,True,False
(155339) 2006 RD83,99,99,0,5,2,17.47,4.072374807988018,2.036187403994009,0.1559191096553689,0.1140310565532227,1.0,7.353731347221284,1.4146423382458426,6.400622536550768,0.0831510224510051,0.5749900287004424,1207.415485438309,296.4892826342868,1.9038975634573785,1.3640049565891796,1.6915346526784831,0.0,0.1231261952110556,False,True,,,,,5.0,8.0,1.0,19.76165311947694,False,0.1162790697674418,n30_a1.5,False,False
(79846) 1998 XS2,37,37,0,1,1,14.44,1.166828559878105,1.166828559878105,0.4312664346619597,0.5129188882095848,1.0,19.513870146878844,1.1805806396006011,16.255454759965914,0.4335366417288985,0.0019961204728017,78.83529706299305,67.56373624521903,16.163676812772252,585372.8635849814,,0.0,0.0633651920611134,False,False,,,,,5.0,7.0,1.0,0.8613107585135094,False,0.0909090909090909,n30_a15.0,False,False
(131594) 2001 WL99,124,125,1,9,2,16.21,6.219197349913226,3.109598674956613,0.0352247725861914,0.1339117804870281,1.0,12.324192112574734,1.7154423357553543,11.100097121209132,0.0334229184195121,0.1409612817290945,1170.969272677903,188.28302219646417,2.158616833250219,1.7106690729612093,3.3244282540066257,0.0,0.0167348862380971,False,True,,,,,5.0,16.0,1.0,3.774260730552864,False,0.05,n100_a1.5,False,False
2020 OU66,46,51,5,1,1,19.61,145.67015574968664,145.67015574968664,0.945068160878267,0.8887985733231861,1.0,44.49561919438576,1.2719632230504443,36.644186292775856,0.4311549058155111,2.6498751733860975e-20,519.8742207163596,3.5688450941844887,141.61337805105975,245.1959691530139,,0.0,0.0388074438338893,False,False,,,,,5.0,1.0,0.0,5.307722827005849,False,0.0909090909090909,n30_a60.0,True,False
(127885) 2003 GL6,659,672,13,10,2,16.45,101.35897773725316,50.67948886862658,0.0047128411761018,0.02014747038556,1.0,14.405427795553145,1.868107347413532,12.796493055346469,0.0071619399359979,0.9843596144619982,1220.0829226223286,12.037245736485987,2.1409431609976215,0.7309966466018168,2.5232124676977867,2.0,0.0061658846587771,False,True,,,,,5.0,3.0,1.0,18.66357072443115,False,0.04,n500_a1.5,False,False
(128179) 2003 RV12,379,382,3,8,2,14.62,4.426873295561414,2.213436647780707,0.0070705793411137,0.0492987766564278,1.0,13.83895923967374,2.2696258431833964,12.978843439790731,0.0221993108420029,0.1548999091852121,1191.300021263247,269.10641929998286,1.4165600839866224,0.608705635260804,2.656264654032066,3.0,0.5539519979329023,True,True,,,,,5.0,4.0,1.0,13.298213387314144,True,0.5689655172413793,n200_a0.0,True,False
(157671) 2005 YY92,127,127,0,4,3,16.4,191.4026799826192,95.7013399913096,0.9766770912154108,0.9821966922230472,1.0,78.43726406099051,1.2513011892652444,74.87951438424587,0.3527738629158784,2.607264056855197e-105,1359.725266927213,7.1040032827684865,2232.2396600876737,112.86837416536046,3.575645711742182,0.0,0.1538473911361507,False,True,,,,,5.0,1.0,0.0236220472440944,6.5114920866866495,False,0.125,n100_a60.0,True,False
(53033) 1998 WN9,367,367,0,6,2,15.57,4.336386376936806,2.168193188468403,0.0166278030691643,0.325669978467635,1.0,63.13293452114297,2.5955339650815423,59.70976179269836,0.0295295302805413,6.154943575906881e-28,10357.04142187885,2388.403735645667,11.072798451778125,2.4512300103317735,1.6388191375140044,0.0,0.9569088180247092,True,True,,,,,5.0,1.0,0.1198910081743869,21.42243439104585,True,0.9381761978361668,n200_a6.0,True,True
(293285) 2007 CV63,173,177,4,6,1,16.12,69.94917443201922,34.97458721600961,0.0299884834157873,0.0936345118799834,1.0,13.276223037854152,1.8651945922347235,12.090371087148675,0.0276400311728258,0.2154226861555632,598.0776261143619,8.550174193915748,2.6645294176812,1.3926923946685947,2.4292916675830956,1.0,0.0108548734529003,False,True,,,,,5.0,12.0,1.0,6.292498205125133,False,0.05,n100_a1.5,False,False
(91759) 1999 TU191,525,526,1,4,2,14.61,14.783987791972468,7.391993895986234,0.017261747361774,0.0925545297296444,1.0,34.710070477610635,3.932095877112235,31.90554981968156,0.0135589638455679,4.934548992042703e-08,1243.5135219006334,84.11218538585689,3.9861139951315967,1.0965721377815194,1.7109756257283326,5.0,0.9431457400087856,True,True,,,,,5.0,2.0,0.9961977186311788,12.946793383857951,True,0.9381761978361668,n500_a3.0,True,False
(364632) 2007 TM85,37,37,0,3,1,17.43,2.2736054417717413,1.1368027208858706,0.3962721082087702,0.5246413866933546,1.0,11.568644618001231,1.947681117682167,11.024227484649847,0.104991865320378,0.0016067432569539,361.1633131822455,158.85047886796204,5.512814763693001,4.221192514898342,5.643178040776851,0.0,0.1004316208918299,False,True,,,,,5.0,7.0,1.0,6.053071610917036,False,0.1162790697674418,n30_a3.0,True,False
(94932) 2001 YJ73,453,458,5,13,3,15.66,91.4242517301034,45.7121258650517,0.0221752652361344,0.0392084179360716,1.0,13.134740854272431,1.9831133683211517,11.739413316433074,0.0136738957122471,0.3541581294497635,1832.2277762596495,20.040938171073364,3.186604269421073,1.0523754688209106,5.836185261081302,2.0,0.0835364431711124,False,True,,,,,5.0,7.0,1.0,15.235282625834916,False,0.1162790697674418,n200_a3.0,False,False
(6041) Juterkilian,3240,3262,22,8,2,14.42,4.475628226833933,2.2378141134169667,0.0093304606828084,0.040328112860034,1.0,79.92145605665822,5.544385519992244,74.02842828141517,0.0011762234660283,4.484458972555031e-25,1228.4058147787582,274.4655615973122,9.521583871296528,0.7819091738527267,1.9845153516017968,91.0,0.6746107803011934,True,True,,,,,5.0,1.0,0.0,23.33651424004927,True,0.6363636363636364,n1500_a6.0,True,True
(56934) 2000 RE41,328,328,0,3,1,14.1,76.8317028282158,38.4158514141079,0.0564776584839554,0.3505880093316548,1.0,83.74027880454335,6.893098292320228,77.81483101837325,0.0269464114107513,1.898888229564495e-27,548.6167709647561,7.140499959910835,9.427393401387416,2.9981241386039503,1.5662711970777974,0.0,0.4767013385861988,True,True,6.028,0.161,,,5.0,2.0,0.9969512195121952,6.874137658033086,True,0.5689655172413793,n200_a6.0,True,True
(30606) 2503 P-L,2294,2312,18,6,1,13.62,3.4116327928728953,1.7058163964364477,0.0085438236270121,0.2525719142531726,1.0,441.860839090423,19.966882614220488,394.33017623750135,0.001424140297852,1.225240398827343e-141,583.1812614000519,170.939047900569,42.50651452596448,2.5547752395648944,2.316161639821453,94.0,0.9075940523797216,True,True,,,,,5.0,1.0,0.0,10.09588037647285,True,0.8862275449101796,n1500_a15.0,True,True
(36860) 2000 SP136,124,126,2,9,2,15.2,1.967187968729529,0.9835939843647644,0.0116354450019254,0.422830016825201,1.0,12.195552967263506,1.138656010051039,9.254966836269288,0.0436882387754203,5.215272774647908e-12,1218.5231004499365,619.4238272191632,3.1450048365922574,8.569484615828438,77.25998141553,1.0,0.1151444936722839,False,True,3.093,0.202,,,5.0,12.0,0.8174603174603174,4.470515941010394,False,0.1162790697674418,n100_a3.0,True,False
(380784) 2005 UO531,198,198,0,8,1,17.66,4.276613106529204,2.138306553264602,0.0074948742423532,0.0712306646717535,1.0,9.45186333447174,1.4984088847735222,8.130111364155239,0.0295580918073701,0.6230480856082037,432.6880940782721,101.17541224799533,1.4920557099986065,1.3522054512555588,1.2317717435738138,0.0,0.3136873777032743,False,True,,,,,5.0,7.0,1.0,11.458262866554309,False,0.375,n100_a0.0,False,False
(19313) Shibatakazunari,3282,3297,15,8,2,13.72,2.9117419383043894,1.4558709691521947,0.0016770357446088,0.5048429796146933,1.0,1111.726153844451,19.360555624332036,974.9187451625284,0.001553137373339,0.0,1215.4092117989785,417.41652850827654,234.64480947857308,5.846889738499611,9.103311328161018,139.0,0.9393208581930144,True,True,4.846,0.227,,,5.0,1.0,0.0,18.623239285397883,True,0.9381761978361668,n1500_a60.0,True,True
(144332) 2004 DV24,129,129,0,3,1,16.6,8.066305828650657,4.033152914325329,0.0449148455103443,0.3666175676628039,1.0,39.78444773781765,1.3063684278126793,35.52031248976095,0.0352352775910754,5.532754400587642e-10,60.4172456387314,7.490076240865527,6.003329253806856,2.764432196920832,1.9190800125014145,2.0,0.9085606210087628,True,True,,,,,5.0,2.0,1.0,0.801088434308995,True,0.8862275449101796,n100_a6.0,True,False
(28385) 1999 JX76,317,318,1,2,1,12.56,19.03639891533185,9.518199457665926,0.0873385472127098,0.4812388164538934,1.0,122.5046972493288,1.694205243600061,106.33866028160558,0.0087551104309776,1.1525828986042903e-41,629.5080013779807,33.068649389931466,17.602416571235157,4.243706517124217,,2.0,0.5202879059681279,True,True,19.366,0.057,,18.7509,5.0,1.0,0.0,3.425016437958888,True,0.5689655172413793,n200_a15.0,True,True
(52879) 1998 SL50,69,73,4,8,2,16.49,3.0825321337987,1.54126606689935,0.0769655786413935,0.1543396432916862,1.0,8.9139227467402,1.574091342982901,7.921628746146649,0.0754528582009655,0.7400967682868261,740.9222714967909,240.3615726736089,1.3278318494476655,2.0472412904107036,3.7632913487582464,0.0,0.0075720905007372,False,True,,,,,5.0,32.0,1.0,3.139107226907136,False,0.04,n30_a0.0,False,False
(387026) 2012 SW9,169,171,2,8,4,16.22,36.445017779322384,18.222508889661192,0.0290408227842175,0.0799623768454215,1.0,10.552223192022169,1.616985377278895,9.46591277805626,0.0190505358538125,0.6551956442008663,12379.716707817975,339.6820048978489,3.5179767153402395,1.511148156692906,2.606926871708132,3.0,0.0526037848019797,False,True,,,,,5.0,4.0,0.9941520467836256,16.10521574824037,False,0.0909090909090909,n100_a3.0,False,False
(91365) 1999 JL84,2520,2526,6,7,1,14.98,5.5302241759356665,2.7651120879678333,0.0117919878492668,0.1061468988773937,1.0,161.30736826105436,10.937562919436822,151.71706141674676,0.0023401373003202,2.565378671297139e-57,550.336558807001,99.51433093829128,24.25003177579193,1.5478268940158575,1.7627760045312233,63.0,0.6903804924562637,True,True,,,,,5.0,1.0,0.0,6.021588231744566,True,0.6363636363636364,n1500_a15.0,True,True
(15322) 1993 QY,197,198,1,1,1,13.75,232.95348577637304,116.47674288818652,0.5134002658491182,0.4648035337544304,1.0,63.37871703946117,1.0068972751021437,60.95505929580552,0.8476127466416006,1.3338750479621006e-23,35.4991418577265,0.1523872533583996,88.82925770787598,376373.3818276973,,0.0,0.0292693588157242,False,True,5.067,0.22,,,5.0,1.0,0.0,0.326787144099196,False,0.0588235294117647,n100_a60.0,False,False
(333917) 1999 TX117,593,596,3,5,1,17.0,3.857809510730144,1.928904755365072,0.0093158479911542,0.0383077575553722,1.0,15.697657287512117,2.3950962795655224,13.683595613384872,0.0104027817480493,0.0460131533146,573.764908905141,148.72815967436094,2.1079072516506723,0.707287064066936,1.1953479035742505,4.0,0.263737321716548,False,True,,,,,5.0,2.0,1.0,12.94788906441154,False,0.25,n500_a1.5,False,False
(269486) 2009 UW15,123,125,2,9,3,15.75,2.9110868051520313,1.4555434025760157,0.0539023057872231,0.1207971411852731,1.0,12.485022716619596,1.8821741381423815,10.990936758499744,0.033176374692736,0.3081186622781142,1663.2619680741336,571.3543014692995,1.9041385185746975,0.9936717273038028,1.795056987709029,2.0,0.4566686439786026,True,True,5.009,0.044,,,5.0,11.0,1.0,13.300080090434038,True,0.5151515151515151,n100_a1.5,True,False
(125121) 2001 UG51,369,371,2,5,1,15.16,3.1378055343907105,1.5689027671953553,0.0128016283840129,0.0447914666444929,1.0,9.986763795706592,1.42362187426287,9.15810317179505,0.0132981354755935,0.4338077203132526,265.5828417131561,84.6396753407238,3.331289019359877,1.2224750979487935,2.6228111184351612,0.0,0.2706615010048281,False,True,2.15,0.46,,,5.0,3.0,0.9973045822102424,1.725292953257087,False,0.25,n200_a3.0,False,False
(49700) Mather,2209,2209,0,5,1,15.51,2.797635602795842,1.398817801397921,0.0053854799837726,0.0330899985461837,1.0,39.58587364678446,5.359203608098269,36.327691739313536,0.0030054275872697,2.762136496196637e-12,581.3479161807918,207.79972759848232,9.82320324375468,0.9491150910319404,1.3589003684117458,83.0,0.9021384568609214,True,True,2.068,0.286,,,5.0,1.0,0.0,12.998737560820514,True,0.8862275449101796,n1500_a6.0,True,False
(67668) 2000 SU274,30,30,0,7,2,16.45,4.332423234994501,2.1662116174972503,0.0905559772953318,0.4972424661598647,1.0,9.743705972024596,1.6065841752690122,8.498665213972496,0.1599125336188204,0.0245139011955457,665.948205350549,153.71263822321234,10.59272034898144,2.3068421777150867,0.830882927106332,0.0,0.0066576812884758,False,True,,,,,5.0,49.0,1.0,1.6388676112467273,False,0.04,n30_a6.0,False,False
(14054) Dusek,60,60,0,2,1,15.99,1.1353994035571526,1.1353994035571526,0.0474902511657468,0.3473555717917307,1.0,16.12765529591535,1.8112738700173043,14.416889562677522,0.0955365092003037,0.0024832061437153,571.7101989065995,503.5322346616165,4.544593069481642,3.0149893536180445,,0.0,0.0802369669232192,False,False,4.914,0.032,,,5.0,7.0,1.0,7.01207064347615,False,0.1162790697674418,n30_a3.0,True,False
(127980) 2003 HC41,156,159,3,8,3,16.38,43.037774223912734,21.518887111956367,0.0562063591334964,0.1034606569949375,1.0,12.424720903127778,2.008850448066628,10.817012231937731,0.0347783732188448,0.1969094572970746,1687.849283392599,39.21785719241013,1.6650611419612136,1.2106842022303637,1.5341767398810533,0.0,0.3675011256099073,False,True,,,,,5.0,10.0,0.9622641509433962,22.106327949545847,False,0.5151515151515151,n100_a1.5,False,False
(82516) 2001 OH52,319,329,10,5,1,14.47,64.72887154185591,32.364435770927955,0.0060952891377182,0.078621904833523,1.0,19.869590455110146,2.726979461063114,17.872307961597155,0.0128741728032527,0.0050134729390504,587.3279250129126,9.073662355339012,3.2504596796628547,1.5327052712128098,2.3120731291616483,2.0,0.0594081434876263,False,True,,,,,5.0,6.0,1.0,3.577689141977318,False,0.0909090909090909,n200_a3.0,True,False
(441342) 2008 CD152,95,95,0,2,1,16.04,4.022899016375901,2.0114495081879507,0.0242337820853477,0.1176378249884676,1.0,7.745038200013185,1.2556270099422129,6.561262166744395,0.107208383847267,0.8359659445287008,132.9168710691738,33.040071482807015,2.5584342060155727,2.3220983220646336,,0.0,0.0615870272133601,False,True,,,,,5.0,6.0,1.0,1.750757655603012,False,0.0909090909090909,n30_a1.5,False,False
(38751) 2000 QN207,418,425,7,11,3,16.26,12.2883215458415,6.14416077292075,0.0185455216731096,0.0290059681188461,1.0,10.66001788061651,1.5677792585410115,9.39844190563617,0.017716883406236,0.9877055299444149,1873.1376349056372,152.43234219725696,1.280314507095133,0.7657899017819498,1.6439777571039145,1.0,0.1070365681077788,False,True,,,,,5.0,5.0,1.0,22.823400925411228,False,0.1162790697674418,n200_a0.0,False,False
(371843) 2007 XX25,31,31,0,7,2,17.15,1.1624846108166609,1.1624846108166609,0.0318698224054335,0.1518085140754992,1.0,5.113973259070526,1.6661088568776723,6.339073253016276,0.1415726919808455,0.999994882919686,1230.4457940171123,1058.4620067810688,16.919521251639605,43.13288244562339,44.37980456538203,0.0,0.0054663595067056,False,False,,,,,5.0,49.0,1.0,9.616880997652451,False,0.04,n30_a15.0,False,False
(52097) 2565 P-L,211,211,0,2,1,15.13,75.1516218552401,37.57581092762005,0.2259357275485108,0.4809842073972196,1.0,74.73553886036783,1.478810741797519,65.30808952946857,0.2392813239099699,9.305250154425914e-27,575.7576252136496,7.661280102812628,15.600494628614523,4.250588682050129,,0.0,0.0399773152821223,False,True,,,,,5.0,1.0,0.0616113744075829,9.30350370467615,False,0.0909090909090909,n200_a15.0,True,False
(45627) 2000 DY97,1291,1300,9,10,2,14.36,11.02187644851998,5.5109382242599905,0.0123394696252847,0.0560698044756015,1.0,51.78666402864958,5.6967045037039075,47.44234790847291,0.0040190915524616,1.0232904590151313e-12,2681.585522023961,243.29664141572232,5.492480059911186,0.8238685008458758,1.7006847439360635,19.0,0.9399071563335512,True,True,,,,,5.0,2.0,0.6476923076923077,15.90527128987865,True,0.9381761978361668,n500_a3.0,True,False
(14150) 1998 SQ65,1931,1933,2,6,2,14.35,15.365234961670966,7.682617480835483,0.0073038355649238,0.5266184325699145,1.0,905.728014314678,34.27948732318245,857.697230260432,0.0046128116268572,4.054232683349233e-309,1205.1532054261188,78.43376352085791,119.63370221689657,3.626945831870604,1.379794462851068,17.0,0.9542590851265236,True,True,,,,,5.0,1.0,0.2090015519917227,14.662266903064022,True,0.9381761978361668,n1500_a60.0,True,True
(84252) 2002 SL41,3821,3823,2,11,2,15.06,2.455608656990311,1.2278043284951554,0.0017711055358954,0.0147203880325992,1.0,31.55827458499564,4.269600346332376,30.770082165941957,0.0033464717004143,2.03548898037132e-08,1206.0748709980398,491.15109101963014,5.2218595212336085,0.5506434416475304,2.163116275676872,107.0,0.8663374427573971,True,True,,,,,5.0,1.0,0.1590374051791786,17.705446701156113,True,0.85,n1500_a3.0,True,False
(56735) 2000 NB18,646,646,0,4,1,15.19,5.081860224797973,2.5409301123989865,0.0045438727239852,0.2012610403400235,1.0,92.29501493180778,9.754197197728956,88.5278635108563,0.0418050594142268,6.782319269714606e-28,516.9305961385835,101.72074265563528,10.852732202327712,1.8469159673329345,1.1196861445399409,0.0,0.9939815763394346,True,True,,,,,5.0,2.0,1.0,9.183946992032633,True,0.9575163398692812,n500_a6.0,True,True
(348470) 2005 SJ83,63,65,2,8,3,16.2,1.0206588139217854,1.0206588139217854,0.0934592086053038,0.1956581573227679,1.0,9.7304142550689,1.6225236516967996,8.507909961347178,0.1214075777724486,0.3435173955335373,1779.7865693657077,1743.7625042662842,1.3706185802437798,1.4684068009338025,1.103582543954421,0.0,0.0153222531421602,False,False,4.54,0.028,,,5.0,23.0,1.0,15.632446953848945,False,0.05,n30_a0.0,False,False
(146487) 2001 RQ151,140,140,0,3,1,16.17,3.807828681753691,1.9039143408768455,0.0048017661680926,0.4531678271567702,1.0,49.0305244430295,1.8580731763629088,46.09105416679011,0.0842721545589175,1.944572505944574e-15,219.42051562434065,57.62352615172979,6.852124877231277,3.569623555001182,1.136758632745303,0.0,0.9807010783429092,True,True,,,,,5.0,2.0,1.0,3.8316365445660834,True,0.9381761978361668,n100_a6.0,True,True
(77232) 2001 FA38,782,792,10,9,2,14.4,4.800465488060838,2.400232744030419,0.0045581565070526,0.187269354818547,1.0,105.45765270372652,13.261412679088318,104.53584416148944,0.0103987497506593,4.979014682254736e-32,1192.6575718066888,248.44623396896168,16.420295516773926,2.2730006679034465,5.198778873613611,1.0,0.9931282680696648,True,True,3.952,0.163,,4.8001,5.0,2.0,1.0,14.622917265522728,True,0.9575163398692812,n500_a15.0,True,True
(307026) 2001 XD126,152,154,2,6,2,16.57,3.467543542887845,1.7337717714439225,0.0239477455513692,0.0850858461834599,1.0,10.33239423153857,1.4353413720440578,9.390474368018973,0.034185938609038,0.5496719475966735,1071.730100665125,309.07473472490705,1.4211316111530092,1.0595991999391898,1.789083582348368,0.0,0.152707755165569,False,True,,,,,5.0,8.0,1.0,17.739277658174906,False,0.125,n100_a0.0,False,False
(196895) 2003 TM3,49,49,0,5,2,15.53,4.077857459366458,2.038928729683229,0.1040923423513409,0.2388582535812486,1.0,10.77252945311827,1.928767412173036,9.80215071198146,0.106763325099224,0.2657917407824463,10483.253336867492,2570.774834904648,8.078204802475792,4.076470498058838,5.254389613795709,0.0,0.0079884241617413,False,True,,,,,5.0,26.0,1.0,2.588230401741711,False,0.04,n30_a6.0,False,False
(106127) 2000 TM36,179,184,5,5,2,15.05,134.38277415119006,134.38277415119006,0.1202211305062202,0.1791118053598098,1.0,35.77983062974168,3.5028299021316114,34.05617145244794,0.0354522058766818,4.017600275100678e-05,1195.5048062147107,8.896265267374849,5.854853058228479,3.107270116386285,5.676465248224658,0.0,0.117058689213151,False,False,4.498,0.115,,,5.0,5.0,1.0,10.02047571490062,False,0.1162790697674418,n100_a3.0,True,False
(193314) 2000 SK309,1374,1392,18,8,2,16.6,27.006629386407308,13.503314693203654,0.0115776755246766,0.1932263806459279,1.0,367.9699928918737,16.369923349634636,326.8505659850199,0.0057593249356256,7.886514326134679e-61,1220.655070764769,45.19834938673008,76.4320412526882,3.612105344948155,1.6230182189650408,1.0,0.9337205445716146,True,True,,,,,5.0,1.0,0.2492816091954023,21.19349280518367,True,0.9381761978361668,n500_a60.0,True,True
(2970) Pestalozzi,152,152,0,1,1,12.8,55.11914492814766,110.23828985629532,0.9216843157975234,0.9212583018685208,1.0,154.31492091721952,1.0061108746844711,124.98340865769066,0.3286730056748888,6.877674893377688e-79,37.00296989438357,0.6713269943251112,244.7141240612584,43.80515265056747,,0.0,0.1049199215990714,False,False,6.853,0.376,,126.942,5.0,1.0,0.0,0.3911726716359958,False,0.1162790697674418,n100_a60.0,False,False
2020 BN5,35,35,0,5,1,20.9,26.31124153038076,13.15562076519038,0.0401312667539165,0.3193192887116622,1.0,8.355294347891778,1.1418178486239732,7.067836540712727,0.0872331110027888,0.3376551179066611,207.9444679368753,7.903255636826121,1.9661255698346012,2.196917448023071,0.5112978477864496,0.0,0.0054331596693003,False,True,,,,,5.0,14.0,1.0,5.714814827490104,False,0.04,n30_a1.5,False,False
(146133) 2000 RD105,360,361,1,2,1,15.35,8.63303925373566,4.31651962686783,0.0072337394406725,0.4403579531702431,1.0,106.86927742188992,2.326303144005318,102.38719081996044,0.0464003631481795,6.248119841478172e-42,218.33245219144737,25.290334698405463,23.124251561108313,3.611441006413691,,1.0,0.9673447468962189,True,True,,,,,5.0,1.0,0.0692520775623268,1.9016830710432355,True,0.9381761978361668,n200_a15.0,True,True
(65987) 1998 HD152,438,438,0,2,1,15.44,7.441606267543506,3.720803133771753,0.0607078389450845,0.1164426070486496,1.0,37.46380342984945,4.605087221061398,37.61923039839112,0.0115759588093597,9.346397916082204e-09,372.0973304254585,50.002286743973194,3.3733680212531745,1.3505634234455308,,4.0,0.963754213490121,True,True,2.248,0.35,,,5.0,2.0,1.0,6.2949341229761435,True,0.9381761978361668,n200_a3.0,True,True
(856106) 2011 RB30,367,368,1,2,2,17.92,95.55371466648238,47.77685733324119,0.6853613472758068,0.7765126946730865,1.0,208.1022645042692,1.4926631568133562,173.57479859970837,0.2603803003024343,2.578807055648737e-116,101.34291644138284,1.060585836930641,218.4343316812895,153.90176856808668,,0.0,0.6777471396659327,False,True,,,,,5.0,1.0,0.0027173913043478,0.2285463789277599,False,0.6363636363636364,n200_a60.0,False,False
(27641) 4131 T-1,161,162,1,4,2,15.25,1.0069708212403845,1.0069708212403845,0.1658170453840976,0.1471058338299915,1.0,20.730379866336584,1.5980390171808312,17.705719179379745,0.0464526014258754,0.0058433388663108,879.4821304871002,873.3938580303213,7.862557678033564,3.762901462006377,3.5851382896728663,0.0,0.4274269102060011,False,False,,,,,5.0,6.0,1.0,7.937135564871575,False,0.5151515151515151,n100_a6.0,True,False
(39842) 1998 BV25,2603,2610,7,19,4,14.95,3.819645710545859,1.9098228552729295,0.0036405886103732,0.0119951352849869,1.0,21.858781657673923,2.56878138115335,19.76134877366501,0.0016095684016047,0.0060833305052117,11358.773831090772,2973.7768086002698,2.3534849489630463,0.3979103547868156,2.4570489884112163,65.0,0.1491293028911992,False,True,2.318,0.475,,,5.0,1.0,0.3034482758620689,24.498646401328298,False,0.125,n1500_a1.5,True,False
(157279) 2004 RT233,213,214,1,2,2,15.94,175.360847485906,87.680423742953,0.9890681108262208,0.9867264737281398,1.0,822.4254197988694,1.0053324238001553,674.8434651448417,0.7766284549941973,2.3346095281344842e-195,39.17062343645375,0.2233715450058027,205.58571992452372,131703.1320387044,,0.0,0.1734600515933605,False,True,,,,,5.0,1.0,0.0046728971962616,0.1318266036667843,False,0.25,n200_a60.0,True,False
(14006) Sakamotofumio,2578,2591,13,12,4,13.16,16.73048592274732,8.36524296137366,0.0018871102798369,0.010635121750485,1.0,16.363835214589333,2.2186220923074647,14.818702109611957,0.0024844502218361,0.0173320370411465,10478.635282130565,626.3198409487596,1.3739189552450315,0.3591167990179842,2.3230731840956484,15.0,0.3815414471280181,False,True,11.428,0.094,,,5.0,2.0,0.5109996140486299,16.505672907264234,False,0.5151515151515151,n1500_a0.0,False,False
(304593) 2006 VC61,45,45,0,8,3,16.31,8.35966563376521,8.35966563376521,0.0534343471217956,0.3280240751797314,1.0,10.322582239332682,1.817020943644611,9.258120114425756,0.092251808498288,0.1108282008424036,1816.5162718521897,217.29532632443664,4.342917784587072,3.4513305591823555,1.9903253419223303,0.0,0.0061318051947384,False,False,,,,,5.0,43.0,1.0,16.452295720295638,False,0.04,n30_a3.0,False,False
(29797) 1999 CC78,1460,1466,6,4,1,13.77,3.2662872594750576,1.6331436297375288,0.0138103701653342,0.3693732399579382,1.0,446.38407868123926,5.133200267349832,396.4703014133733,0.0037851665971318,2.367716250561337e-142,583.1986491575371,178.55093653069144,98.0308854461512,5.882573088919492,3.647930975817184,63.0,0.889610416181417,True,True,5.47,0.235,,3.266,5.0,1.0,0.0,12.839182433487832,True,0.8862275449101796,n500_a60.0,True,True
(322430) 2011 SR203,123,124,1,8,4,16.16,30.596276861213745,15.298138430606873,0.1025359232950895,0.122051953311702,1.0,12.719156292202443,1.6736175768705013,11.42662918991864,0.0322124774346608,0.3863010434319687,11709.317933397137,382.70401286114617,6.182964370706394,2.9119547811496727,7.0043487173841745,0.0,0.0641098512228205,False,True,,,,,5.0,4.0,0.9919354838709676,14.724456646557485,False,0.0909090909090909,n100_a6.0,False,False
2019 GL19,30,30,0,2,2,22.19,77.58488747050292,77.58488747050292,0.8226745466898204,0.8417257822540807,1.0,11.652590884852868,1.2070076991493577,9.417500437314509,0.279040860360891,5.4739709934502315e-09,977.5617601954727,12.599899182261918,52.44823981273536,117.82199008123844,,0.0,0.0187341109603368,False,False,,,,,5.0,1.0,0.0,9.643111996691932,False,0.05,n30_a15.0,True,False
(9472) Bruges,549,571,22,11,3,13.8,195.84410344890637,195.84410344890637,0.0312126866310917,0.0787509199024994,1.0,66.28719241510119,2.246961406299637,62.36361223076336,0.0231741591198962,4.319437901575453e-07,1862.4580551758409,9.509901101830907,1.3969703748801343,0.512303429909706,3.5974245990338343,0.0,0.1413188665579151,False,False,8.134,0.097,,,5.0,3.0,1.0,13.765460253808689,False,0.1162790697674418,n500_a0.0,True,False
2008 VZ52,59,68,9,6,2,19.06,22.10131836854465,22.10131836854465,0.3202421190929903,0.8365291649308134,1.0,36.05712862271596,1.1946481747045488,29.37976539983981,0.1895416726357975,1.0708879210087894e-23,480.87330080440734,21.757674939826337,73.31930828506519,40.09251951515431,5.884899193001242,0.0,0.25233054836233,False,False,,,,,5.0,1.0,0.0735294117647058,8.62841988401609,False,0.25,n30_a60.0,True,False
(576649) 2012 TD315,336,336,0,5,1,16.65,204.43865952966075,102.21932976483038,0.0058685640261543,0.078542929464601,1.0,18.15434367004316,2.089363026215172,16.688093084593042,0.0187505592661849,0.0039573799026325,531.4202775730519,2.599411866599288,3.6688268924451504,1.0838742532474706,7.468913206663491,0.0,0.0234098086363115,False,True,,,,,5.0,3.0,1.0,6.343962259352049,False,0.05,n200_a3.0,True,False
(237557) 2000 WF182,463,463,0,3,1,16.16,13.97339703556518,6.986698517782591,0.0060754244325783,0.0423422803879399,1.0,12.384074758930586,1.4921655837357342,11.455701385221817,0.0100379872244335,0.1001998543523434,608.2887870723498,43.53191894026408,1.9278371961119696,0.7703226501196733,1.081916046734448,4.0,0.0352241800267436,False,True,3.118,0.087,,,5.0,2.0,1.0,10.6911126724177,False,0.084526516106024,n200_a1.5,False,False
(398590) 2011 WS71,802,809,7,6,1,16.64,5.0869852971305285,2.543492648565264,0.0031278283119873,0.0184242719850008,1.0,9.5868842618007,1.51481077127647,8.215297513463458,0.0055386956323242,0.9508440609979926,604.0063321001362,118.73561585500252,1.3909596453350097,0.5432464792661227,1.2043073368102164,4.0,0.10188025365057,False,True,,,,,5.0,2.0,1.0,8.543579146309256,False,0.1162790697674418,n500_a0.0,False,False
(43016) 1999 VM,992,996,4,7,2,15.39,4.501260462037115,2.2506302310185573,0.0121726269350875,0.1629095992984771,1.0,121.00386210985832,13.011835775665311,115.51334426165326,0.0105564773747953,8.999963647671954e-35,1116.8839278747328,248.12692740052412,13.969977273225348,1.659544011381162,3.4460367689245546,3.0,0.9855134862106292,True,True,,,,,5.0,2.0,0.998995983935743,17.983673845302445,True,0.9575163398692812,n500_a6.0,True,True
(99820) 2002 LG56,2283,2290,7,7,1,14.99,5.987525870099506,2.993762935049753,0.0009029603885885,0.7856310307407599,1.0,2124.84135312846,78.55670130085082,1902.038069748514,0.0020124564426425,0.0,589.2557931260671,98.41390349037012,467.1990925077342,6.930189093162298,3.4198223782047488,51.0,0.991421845102446,True,True,2.756,0.262,,,5.0,1.0,0.0235807860262008,2.8662417562089786,True,0.9575163398692812,n1500_a60.0,True,True
(85942) 1999 EB6,462,468,6,4,1,14.47,3.4983700939470728,1.7491850469735364,0.0035577486371218,0.1474504790678505,1.0,57.63964589441385,6.178522541175053,53.22355288559614,0.0487770930275684,5.661493440201223e-13,362.70169810642255,103.67733783626092,8.012067086784267,1.9858138417312257,1.5259033055502036,0.0,0.9902255222095656,True,True,4.135,0.197,,,5.0,3.0,1.0,1.2109490208856857,True,0.9575163398692812,n200_a6.0,True,True
(137714) 1999 XY96,725,732,7,16,4,16.55,18.980852487078156,9.490426243539078,0.0128270362798634,0.0215462048083411,1.0,11.802595245878852,1.8222768290313056,10.643375082696023,0.0099581236732032,0.6598210200362727,2492.5018579914467,131.31664448097365,1.0534145482879302,0.5200464483121681,2.5349286858293025,3.0,0.0320865267511964,False,True,,,,,5.0,3.0,1.0,22.218458898278755,False,0.0588235294117647,n500_a0.0,False,False
(62725) 2000 TW51,79,79,0,2,1,14.61,1.9197124041064657,0.9598562020532329,0.0545939582208705,0.1598613470642684,1.0,7.533410976578926,1.3679323196207125,6.376094729458795,0.0475750804699182,0.521246540121884,215.00380507711088,111.99792459391064,1.0609076101684634,1.8809550358631208,,0.0,0.1612244716970693,False,True,,,,,5.0,4.0,1.0,2.0568103546028738,False,0.1798381953770035,n30_a0.0,False,False
(115798) 2003 UA230,144,148,4,4,2,15.21,127.0206762853993,127.0206762853993,0.2146282320084161,0.2514487018295718,1.0,33.11142168005275,4.288798209105545,30.55395194546279,0.0340444410900655,8.646974859574405e-07,560.2814808298135,4.410947077394961,7.090228329695247,3.326245708477898,2.2988148318206107,0.0,0.1147999437524201,False,False,5.405,0.066,,,5.0,7.0,1.0,10.257831101789456,False,0.1162790697674418,n100_a6.0,True,False
(255400) 2005 WE186,166,167,1,4,1,14.74,173.3667276066195,86.68336380330975,0.0267438657115072,0.1310474837738153,1.0,16.98740435026019,2.474601345872094,16.088908005770627,0.0290194656799835,0.0142469880836058,485.193444736884,2.7986537638168945,4.1002553453845,1.8852567790925088,3.3116780434369533,0.0,0.0142073167098013,False,True,7.558,0.054,,,5.0,8.0,1.0,1.719163080264562,False,0.05,n100_a3.0,False,False
(96842) 1999 RH208,266,266,0,6,1,14.94,4.34064062459418,2.17032031229709,0.0135238172441695,0.0493989923475939,1.0,9.105108202869282,1.480670485998957,7.931629732553514,0.0184684383584398,0.8942168901548931,610.6440604805248,140.68063064714457,1.3261643303962318,0.842805350302668,2.9722362353757985,1.0,0.064389246989289,False,True,,,,,5.0,6.0,1.0,1.2817796298002833,False,0.0909090909090909,n200_a0.0,False,False
(157292) 2004 RN312,464,470,6,9,3,15.23,135.5972113797278,67.7986056898639,0.0302578108237135,0.0588093120060529,1.0,20.813988290104337,2.8357697407662945,18.881622586063823,0.0110621740774069,0.0040205036107767,10454.230460062625,77.09768035558261,3.430570372261836,1.236998926779303,3.1821392953650127,1.0,0.3452675343529305,False,True,,,,,5.0,4.0,1.0,15.803120880215742,False,0.5151515151515151,n200_a3.0,True,False
(431292) 2006 UY274,51,52,1,3,1,16.19,24.959243810489625,12.479621905244812,0.0253567302040142,0.2039987517013436,1.0,9.46295530363438,1.4025300514136954,8.158703464834137,0.0782255449816769,0.7249090835505806,475.170782142668,19.037867723499215,1.365390704135125,1.8022868750629653,1.3273775899596305,1.0,0.0068064452915335,False,True,,,,,5.0,27.0,1.0,2.712652368413125,False,0.04,n30_a0.0,False,False
(469117) 2015 DU145,38,39,1,4,1,17.09,5.104592090264685,2.5522960451323424,0.0874658581498939,0.294210949153607,1.0,8.608335897575063,1.5849862186166177,8.005920961771185,0.1300547559066854,0.3800710086620855,559.3501787336427,109.57784066633208,1.4908517487298771,1.5906150633691385,72.63791028654316,0.0,0.0083421073198344,False,True,,,,,5.0,28.0,1.0,9.978357527223164,False,0.04,n30_a0.0,False,False
(8430) Florey,1915,1927,12,11,3,13.95,155.81730965012642,155.81730965012642,0.0153341467496404,0.0157392715678254,1.0,20.49326829888835,2.6141381849787493,18.55435436220131,0.0044329805470463,0.004560626135167,1869.4064256917336,11.997424611484536,6.1961749688126915,0.6621104355777415,1.6088968367545964,3.0,0.0175099814879452,False,False,,,,,5.0,2.0,0.5303580695381422,8.235856002040329,False,0.05,n1500_a6.0,True,False
(250087) 2002 GW24,37,39,2,3,1,16.11,240.0,240.0,0.0391415219885738,0.1896192705172658,1.0,12.083606788408405,1.638345703012235,10.364388342672346,0.1098664826233288,0.9638648733247318,559.5183547577471,2.33132647815728,20.078203135211005,5.067710842820987,82.60810822135733,0.0,0.0038316831866537,False,False,,,,,5.0,15.0,1.0,7.931238937597179,False,0.0,n30_a15.0,False,False
(43166) 1999 XO156,1335,1339,4,4,1,14.59,51.691265872296405,25.845632936148203,0.0451058511224626,0.7393577174367163,1.0,998.7916186514526,26.706307750666213,928.1387283740604,0.0032243070162064,0.0,576.1982844112208,11.146917659836816,208.64154027803977,6.958559875015897,3.085228835044228,4.0,0.7015753887254688,True,True,6.589,0.085,,51.997,5.0,1.0,0.0,10.372565401861417,True,0.6363636363636364,n500_a60.0,True,True
(345114) 2005 QA38,68,68,0,1,1,17.12,240.0,240.0,0.05163797758581,0.1823722048923332,1.0,8.819852015344942,1.1279159425319627,8.248533578660892,0.8625009713345209,0.4502203209785832,32.999766879715025,0.1374990286654792,20.047875741930618,11067958.51260754,,0.0,0.0036951896563096,False,False,,,,,5.0,2.0,1.0,0.0278238266553918,False,0.0,n30_a15.0,False,False
(59788) 1999 ND56,2460,2462,2,6,2,13.81,45.87570862295983,22.937854311479914,0.0006647413964821,0.0253902048089598,1.0,37.11341414415003,4.8807273525245085,34.564714879847514,0.0018314087129526,6.06967303097509e-10,875.1312181804678,19.076135158432912,6.906556838006103,0.6865125814675765,1.7696314428612114,7.0,0.1814654606515769,False,True,9.859,0.079,,,5.0,1.0,0.1328188464662875,11.748208747612386,False,0.25,n1500_a6.0,True,True
(136242) 2003 XZ,30,30,0,9,3,16.83,1.7669143524501956,1.7669143524501956,0.0118421865158255,0.3628235767103646,1.0,7.376588055384713,1.3598921430324231,6.4341659143325165,0.1391613075513346,0.4132330710382778,3120.586469941365,1766.1220905325831,7.830700877910201,3.561120264399739,2.029400853398428,0.0,0.0091351750443883,False,False,,,,,5.0,30.0,1.0,20.744189394824676,False,0.05,n30_a6.0,False,False
(3617) Eicher,2141,2141,0,4,1,12.63,176.4068365748084,88.2034182874042,0.0832432658334135,0.7650983734190557,1.0,4425.170401601775,12.752719824299827,4156.38293048221,0.0047244073408434,0.0,428.2093960158527,2.4273968307019835,490.7016931833407,10.257640101766183,29.803043536309325,1.0,0.7410894739431357,True,True,9.193,0.331,,10.305,5.0,1.0,0.0,0.848725678843735,True,0.7142857142857143,n1500_a60.0,True,True
(297584) 2001 SY31,94,94,0,4,2,17.54,1.141699253260183,1.141699253260183,0.124179847057276,0.2091677877747729,1.0,17.078714903595458,2.2141620207176795,15.245440672698798,0.0656888321814758,0.0102614060570067,1219.6604811874568,1068.2852578773711,7.614695885729794,4.901193006537534,2.689049228974431,0.0,0.7415561419291882,True,False,,,,,5.0,7.0,1.0,21.576890629424156,True,0.7142857142857143,n30_a6.0,True,False
(85920) 1999 CJ100,2194,2198,4,6,1,14.67,156.11867578799922,78.05933789399961,0.0021907561174746,0.0129578477411454,1.0,18.040263034620132,2.2026858063342982,16.290210294465346,0.0294561390699509,0.0123331388656265,577.7506067758659,3.7007142410074,10.145230285745813,0.6172631459200967,1.3376740722078404,2.0,0.0312701249396676,False,True,2.959,0.243,,,5.0,1.0,0.0186533212010919,3.94033790492249,False,0.0588235294117647,n1500_a6.0,False,False
(34186) 2000 QT47,323,326,3,5,1,14.77,170.434291338102,170.434291338102,0.0664022316683345,0.1141136985992153,1.0,31.937279722622502,3.7930752216139614,29.263871582681276,0.1783408783358334,1.243529497440594e-05,622.1597124275286,3.650437406362715,27.01287162207406,10.94107393813008,3.5643906672160908,0.0,0.0163044797982026,False,False,7.247,0.058,,,5.0,2.0,1.0,4.783597351406814,False,0.05,n200_a15.0,True,False
(22650) Brianloader,221,221,0,3,2,13.93,77.56040351918911,77.56040351918911,0.2510776253920525,0.4606647658059529,1.0,52.40823303856555,1.7779414362020538,45.528276929334304,0.1317369532804815,4.971681816809889e-26,1928.792516724905,24.86826304671952,14.23674130577004,4.642493191657527,3.6892754031889257,0.0,0.2895878669030056,False,False,9.16,0.052,,,5.0,1.0,0.3755656108597285,13.683637239437092,False,0.25,n200_a6.0,True,False
(49843) 1999 XP92,104,104,0,1,1,16.3,28.204650778470764,14.102325389235382,0.3242006500256436,0.2466605309033142,1.0,10.23261967582086,1.0621738950948931,8.291105148927823,0.1845437117876058,0.0005422171182906,22.999659834138583,0.8154562882123941,6.569090696203254,4.66604134547255,,0.0,0.0607826425150666,False,True,,,,,5.0,1.0,0.0,0.5705285495515833,False,0.0909090909090909,n100_a6.0,False,False
(399691) 2004 TT98,31,31,0,6,3,16.6,2.1692559420869735,1.0846279710434867,0.3012747390787304,0.477663081367903,1.0,7.877145541783316,1.5967290200240625,6.835091336368894,0.1130394652102975,0.033120391356546,9978.402582862938,4599.9194420843805,4.18191854043928,4.606092661800133,3.0047476075148003,0.0,0.0021556659803111,False,True,,,,,5.0,40.0,1.0,14.104639653243495,False,0.0,n30_a3.0,False,False
(17628) 1996 FB5,1949,1962,13,13,2,14.89,139.67682706697815,69.83841353348907,0.0025288739246319,0.0061930385637173,1.0,24.063439178940005,1.7314813738574144,24.589255510397393,0.0025260493061362,0.9999999999665892,1118.4678861759603,8.007540761501048,3.08693124974988,0.3779906226073612,2.594117689986873,1.0,0.0040547650065134,False,True,2.628,0.3,,,5.0,1.0,0.3119266055045872,16.140591841701344,False,0.0,n1500_a3.0,False,False
(234305) 2001 AF22,118,124,6,5,2,16.79,38.42822253543808,38.42822253543808,0.7222858756373407,0.9393668636200224,1.0,137.2416702800554,1.0188558058799866,120.33582983582716,0.2670401397815725,2.6446169790309514e-71,662.5617822115892,17.241541203228486,155.02288806609556,74.77395050575095,4.157713997910856,0.0,0.7588052202756779,True,False,,,,,5.0,1.0,0.0887096774193548,7.633010439956912,True,0.7142857142857143,n100_a60.0,True,False
(30559) Cyrusavery,176,176,0,1,1,14.78,240.0,240.0,0.009070377043302,0.0907509971222997,1.0,13.770222927700685,1.4389373631887166,12.211019156632767,0.4861128150841978,0.2977082628130448,123.33292437979252,0.5138871849158022,7.472471562734067,94.0421229927386,,0.0,0.0047043558308822,False,False,,,,,5.0,3.0,1.0,0.3203237960374765,False,0.04,n100_a6.0,False,False
(149166) 2002 GL91,363,363,0,4,1,15.28,4.040820137212542,2.020410068606271,0.0130855371516501,0.289280593824958,1.0,81.72760651780243,11.92316301555869,76.36466204790729,0.01359671125514,1.3138571514973954e-23,518.6788389821886,128.35979364822364,9.210857287731192,2.1171686416420705,1.645014549812409,0.0,0.9955323267614796,True,True,5.246,0.064,,,5.0,3.0,1.0,7.899489919436462,True,0.9575163398692812,n200_a6.0,True,True
(546975) 2010 CP,231,235,4,12,2,15.81,3.818259990076025,1.9091299950380125,0.0097417618232227,0.0704935461934877,1.0,13.497598037504396,1.744839271630844,11.982171828677671,0.0199782525479221,0.2521042829148635,11031.347778694471,2889.103363146004,1.3606982050396188,0.91859868144348,2.368369827811033,0.0,0.0415133745550365,False,True,,,,,5.0,8.0,1.0,4.322691050814673,False,0.0909090909090909,n200_a0.0,False,False
2020 SN69,41,41,0,5,3,17.15,12.543594927628051,6.271797463814027,0.4325464061760988,0.9671434007416432,1.0,8.429312630916739,1.118294383408737,7.223879484339658,0.3006938185707861,1.0883387604717024e-26,1729.7043336048955,137.8954234080944,39.51467367204323,334.29602284038333,13.90103704293637,0.0,0.0194300415764996,False,True,,,,,5.0,1.0,0.048780487804878,10.22550079983448,False,0.05,n30_a15.0,True,False
(44511) 1998 XC51,1264,1271,7,7,3,12.92,19.352737671736257,9.676368835868129,0.002311400602286,0.1440037737246513,1.0,121.50578254915573,8.941214246837113,114.3151366691596,0.0075204702931902,5.954808053652635e-39,1460.802807894128,75.48300569523867,14.776969992080788,1.5222730969007272,1.875081665567363,2.0,0.8771641151866226,True,True,14.791,0.074,,,5.0,1.0,0.3241542092840283,8.311607130847936,True,0.85,n500_a6.0,True,True
(43315) 2000 JB18,277,280,3,6,1,15.35,7.474872851365316,3.737436425682658,0.0170329006946881,0.1925512598501491,1.0,40.28345282006114,5.936219979811885,36.73449259611251,0.0703538515714581,5.972828000851753e-10,597.6426502910326,79.9535540168915,6.473800488760453,2.600177180141587,1.6509306606418472,0.0,0.9671301336358762,True,True,2.37,0.314,,7.478,5.0,6.0,1.0,0.6662412440641177,True,0.9381761978361668,n200_a6.0,True,True
(26491) 2000 BT3,424,424,0,5,2,14.04,136.84950583281164,68.42475291640582,0.3176711922241066,0.3920458775848327,1.0,147.3323603917422,1.6639057688104102,133.83888434397173,0.0535688930207787,5.1347432133132897e-42,9102.815619634115,66.51697837151842,18.893114115618204,2.1906148341839065,8.397198392099812,0.0,0.1662378094379782,False,True,10.442,0.061,,,5.0,1.0,0.2358490566037736,14.44981774974196,False,0.25,n200_a15.0,True,False
(335023) 2004 PM1,803,807,4,9,2,16.93,10.777639803061104,5.388819901530551,0.0141615817366837,0.0380613911468983,1.0,20.011899992431367,3.0709201701611337,18.53321834438202,0.0099628051120085,0.0004605813927294,13412.417608794,1244.467049732406,2.8137623550087745,0.6982394381736754,1.3249967007489414,11.0,0.7692646228732046,True,True,,,,,5.0,2.0,1.0,7.177476067016803,True,0.7998517910306698,n500_a1.5,True,False
(1156) Kira,204,204,0,1,1,12.4,83.94925858723046,41.97462929361523,0.5111483539809369,0.520902146466314,1.0,89.73237341733261,1.069845488366249,96.23020302569974,0.5949537373206051,4.06769476417431e-29,34.003333445463795,0.4050462626793948,32.04537064652147,515.1808390991836,,0.0,0.0246835992071685,False,True,6.831,0.181,,2.971,5.0,1.0,0.0,0.258462912188623,False,0.0588235294117647,n200_a15.0,False,False
(47458) 1999 XR238,208,208,0,1,1,14.23,109.17801503320176,54.58900751660089,0.1072340230982407,0.1095872296377822,1.0,12.450457384078891,1.5507007586226222,9.674136920557096,0.4290684197986852,0.0148855955689581,62.333176646148786,0.5709315802013147,7.033988470009795,51.08675256610991,,0.0,0.0440548927804678,False,True,4.164,0.256,,,5.0,1.0,0.0,0.129813541323597,False,0.0909090909090909,n200_a6.0,False,False
(337178) 1999 VL80,1042,1047,5,20,3,17.18,42.38950649345175,21.19475324672587,0.002736280591112,0.2844128170176302,1.0,213.9452910718516,18.80071918478704,210.0746951106225,0.0186258864303893,4.137160339779546e-72,1824.698925339093,43.04600539808052,28.298898836481143,2.7314541130279117,3.818109519555217,2.0,0.9737619564326746,True,True,,,,,5.0,2.0,0.9990448901623686,21.4994206474367,True,0.9381761978361668,n500_a15.0,True,True
(32921) 1995 EV,368,368,0,8,2,14.63,147.04915201393231,147.04915201393231,0.1030471962527435,0.1203725893715011,1.0,34.189499605156534,4.270278018052637,31.98747472598978,0.0194142626985704,3.9897079396334417e-07,1529.794412015006,10.40328618739715,6.716622002237681,1.959664932809425,4.558611043004157,2.0,0.196689110725278,False,False,,,,,5.0,6.0,1.0,8.39622040101264,False,0.25,n200_a6.0,True,False
(97727) 2000 GG163,1573,1575,2,7,2,14.12,8.570229262498719,4.2851146312493595,0.0082929508380496,0.3322886509718868,1.0,348.73210854613023,21.94935676016912,328.77385639208046,0.0030549269807361,1.0593140775720574e-133,9502.64340397442,1108.7968726292684,56.95518893787045,2.5210405882171476,1.2768848137057434,21.0,0.955096088126922,True,True,5.267,0.16,,,5.0,1.0,0.1631746031746031,17.994756818475302,True,0.9381761978361668,n1500_a15.0,True,True
(26995) 1997 XS11,105,106,1,2,1,13.85,47.368366377429126,47.368366377429126,0.0826817434751335,0.1726044437119084,1.0,17.09146975454362,1.475635004347587,15.230378153524256,0.061812464826246,0.0258008512632543,276.99364414578304,5.847650348308605,7.155478098995393,4.811720466304697,,0.0,0.0492337187023571,False,False,6.627,0.176,,,5.0,3.0,1.0,3.4770560443843963,False,0.0909090909090909,n100_a6.0,False,False
(257935) 2000 WK182,933,942,9,5,1,15.41,48.43521727026299,24.217608635131494,0.0056491989431364,0.0250007089960523,1.0,14.97107285479626,1.714114913659745,14.196937985349562,0.0068820559865256,0.0501659561911285,256.00030085700564,5.285416589101957,4.245338833554582,0.885392827635099,2.5508636648196608,3.0,0.0256716354344171,False,True,6.191,0.035,,,5.0,1.0,0.1560509554140127,0.5624937113812063,False,0.0588235294117647,n500_a3.0,False,False
(43161) 1999 XW123,2963,2973,10,8,3,14.12,113.9304184591672,56.96520922958359,0.0012922585285538,0.008568364388773,1.0,16.457460652301716,1.7814475372901175,15.08092260573546,0.0014629081139489,0.0557565402696919,1841.3649339855183,16.162188806894147,3.595237324222065,0.3318941253064066,3.0666293074156954,4.0,0.0047536753736768,False,True,4.417,0.329,,122.72,5.0,1.0,0.0894719138916918,15.59941672484602,False,0.04,n1500_a3.0,False,False
(9130) Galois,1961,1981,20,9,3,14.23,5.706970823464653,2.8534854117323265,0.0352306320970598,0.0747062756666118,1.0,23.3130274645546,3.228664935726217,22.35793450426066,0.0032574516227867,1.8249249107055065e-29,1818.393794444448,318.62679005961985,13.252145386701471,1.8885190236827245,139.10536471167583,19.0,0.4870571981846344,True,True,,,,,5.0,1.0,0.3240787481070166,14.41044450563024,True,0.5689655172413793,n1500_a6.0,True,False
(364111) 2006 AY15,30,30,0,7,3,16.12,12.408699314279833,6.204349657139916,0.1942505444372091,0.5122104021415568,1.0,9.292983545114335,1.6087849106998808,8.210276839261699,0.1188316662736678,0.0162697635447458,1739.945401277917,140.21980525191722,8.523100953083095,3.0467921341575415,2.186120115695774,0.0,0.0102544529886949,False,True,,,,,5.0,38.0,1.0,13.663097899566662,False,0.05,n30_a6.0,False,False
(39761) 1997 EN55,841,842,1,4,1,14.64,7.943915784821051,3.9719578924105257,0.0128335731696636,0.3336387466483748,1.0,195.7937931958152,13.014253640878897,180.7795156980356,0.0116242703665139,2.6201987800215535e-70,410.5850079021184,51.685468353862646,24.306109043484383,2.2591401231008312,1.5422028399468657,6.0,0.9796882307344222,True,True,4.41,0.12,,,5.0,1.0,0.1947743467933491,2.7909755529504947,True,0.9381761978361668,n500_a15.0,True,True
(19661) 1999 RR130,449,461,12,2,1,13.36,6.029243705160535,3.0146218525802677,0.0035663897102323,0.3377641116991476,1.0,120.07452412887922,1.7152678605077107,97.38541042079216,0.0083619154745493,9.368760512555228e-38,107.83649911894464,17.88557643252096,17.920239749849507,3.642024627348559,,8.0,0.9573633425831444,True,True,12.431,0.055,,,5.0,1.0,0.0,1.8092809235351712,True,0.9381761978361668,n200_a15.0,True,True
(73491) Robmatson,4315,4329,14,12,3,14.96,2.520799061687119,1.2603995308435596,0.0014892089138722,0.0124151390267232,1.0,30.390440147613827,3.855774600663632,28.677636991097668,0.0033145592180122,6.417305708821055e-08,1937.600227548508,768.6452510227895,4.795990473258291,0.4364046469419672,1.6212428136528645,137.0,0.7869695639923812,True,True,,,,,5.0,1.0,0.0561330561330561,19.84420800107839,True,0.8253968253968254,n1500_a3.0,True,False
(45801) 2000 PF28,395,395,0,2,1,15.04,4.520980273977629,2.2604901369888144,0.0077616918584198,0.7643277677364791,1.0,380.14460654451455,1.4482076318090171,332.0181216507786,0.0046431243116569,2.2753909706947193e-119,62.333176646148786,13.787535637997172,71.46207532926086,5.634262670073833,,12.0,0.986519970274161,True,True,2.63,0.337,,4.519,5.0,1.0,0.0,0.1162953628322682,True,0.9575163398692812,n200_a60.0,True,True
(68022) 2000 YP18,577,581,4,5,2,14.78,68.87187079417333,34.435935397086666,0.0387668372812007,0.1907042494057793,1.0,75.74839716438896,8.84435489997865,74.43206715133472,0.0125661587269368,3.157919651214831e-23,651.7236116743879,9.46284171112606,12.377201396598412,1.9970246571529493,14.609942348106712,3.0,0.5167849681350586,True,True,3.73,0.221,,,5.0,3.0,1.0,2.3699105234870608,True,0.5689655172413793,n500_a6.0,True,True
2016 ET272,38,59,21,1,1,18.86,28.79514341468161,14.397571707340806,0.9259254640873732,0.9200251855911884,1.0,11.367487213370667,1.0007081286659336,12.05525698696465,0.5195719343345556,4.6081030643392374e-29,13.833995051274542,0.4804280656654442,65.05933591872395,24073.051511504673,,0.0,0.0193523192043911,False,True,,,,,5.0,1.0,0.0,0.8276831955738313,False,0.05,n30_a60.0,False,False
(191511) 2003 UT86,205,215,10,6,3,14.92,2.0009188218282974,1.0004594109141487,0.0229916086231173,0.006602048484743,1.0,11.347657601534694,1.6360627885292012,8.803782765188789,0.0445696092952882,1.0,1611.2168985535973,805.2385139150132,1.002477749619467,1.4292624755294532,2.4800985658081927,1.0,0.4612365536433532,True,True,6.878,0.045,,,5.0,10.0,1.0,12.96004269558798,True,0.5151515151515151,n200_a0.0,True,False
(27807) 1993 FF49,2547,2558,11,5,2,13.96,193.68078693912804,193.68078693912804,0.0321139408355541,0.0429110095843952,1.0,56.96055267785648,2.989078786513427,55.74814364973002,0.0043025776707117,1.5835758246737903e-20,1207.0484758259263,6.232153921417563,7.251925606942413,0.8129501274647893,2.060374776682235,1.0,0.0173957439174952,False,False,9.15,0.084,,,5.0,1.0,0.0,15.940784251893849,False,0.05,n1500_a6.0,True,False
(330202) 2006 FG13,58,59,1,5,1,15.94,1.9725929983477624,0.9862964991738812,0.0219459395941825,0.2295750947035055,1.0,8.276177257689664,1.567810881046566,7.721548007156195,0.0533273674838112,0.2786124102530306,531.5276716373046,269.4563308713508,1.393126951174331,1.9171712264640284,5.251368085189377,0.0,0.003642502897996,False,True,4.628,0.039,,,5.0,19.0,1.0,3.5017919237299227,False,0.0,n30_a0.0,False,False
(478647) 2012 TE205,41,41,0,2,1,17.04,65.69757021431413,65.69757021431413,0.9789438064040464,0.9084961363778974,1.0,27.662186312242397,1.022043499273957,24.152650616277835,0.8528541119586207,4.021198443100413e-18,203.82311726314947,3.102445289806786,76.3496578880595,4960441.6600578185,,0.0,0.0218971016855393,False,False,,,,,5.0,1.0,0.024390243902439,2.497916118932629,False,0.05,n30_a60.0,True,False
(586349) 2002 UK36,36,36,0,7,2,17.36,5.604453868955715,5.604453868955715,0.0193565404793755,0.3390609833262626,1.0,9.837860446161583,1.6258450857433344,8.827332587964703,0.1142267780903694,0.2644480516319424,751.0694207686465,134.01295439846206,7.11379810427147,3.281618661924803,1.4542697879926554,0.0,0.0036938620141912,False,False,,,,,5.0,26.0,1.0,10.7222404467021,False,0.0,n30_a6.0,False,False
(21634) Huangweikang,1898,1916,18,15,3,14.69,120.8641203777693,120.8641203777693,0.0123151144410919,0.0156320109220257,1.0,21.731038712060855,3.024711261745379,19.847898381408044,0.0036124571132357,0.0048285719481545,1757.460109188978,14.540792616501184,2.8937799025572177,0.3464063328394833,1.61027689623688,5.0,0.0565405649592665,False,False,3.281,0.285,,,5.0,2.0,0.7411273486430062,5.997967293673376,False,0.0909090909090909,n1500_a1.5,True,False
(12116) 1999 JA34,846,846,0,1,1,13.1,4.253472508574107,2.126736254287054,0.0004252252215666,0.5336490682450733,1.0,436.37945487656,15.737258446963,406.8304288611769,0.0031644438198908,1.0846370015619168e-135,155.0040196934715,36.441758911340315,67.46949437104938,3.5915446602828696,,30.0,0.969122117644541,True,True,12.938,0.088,,,5.0,1.0,0.0,2.0025778694252185,True,0.9381761978361668,n500_a60.0,True,True
(63477) 2001 OG38,956,963,7,4,1,14.66,240.0,240.0,0.0008400235029571,0.0326371945557054,1.0,22.919184961732174,2.443080662984327,21.901817931768996,0.0277625710339634,0.0011473266148169,601.743912643462,2.5072663026810913,5.7481715286131445,0.9106368035102012,1.0794731196392615,1.0,0.0274812407929044,False,False,4.553,0.162,,,5.0,2.0,1.0,4.844579731803978,False,0.0588235294117647,n500_a3.0,True,False
(314116) 2005 EP103,118,129,11,3,1,17.95,29.407751728284723,58.815503456569445,0.9168400369372876,0.9044634429771308,1.0,9.2578179609783,1.0071452699959342,8.982148744795401,0.1940628204675785,4.175478581320465e-62,238.91673619608628,8.124277517151825,112.67669972773535,132.47024841755623,0.2295450980771271,0.0,0.1661461529094192,False,False,,,,,5.0,1.0,0.0155038759689922,5.087830387567596,False,0.25,n100_a60.0,True,False
(274760) 2008 UN290,44,44,0,7,3,16.45,8.500158099479279,4.2500790497396395,0.0461322104774268,0.2972377627830366,1.0,9.164977811988766,1.5968429620147788,8.078156801694403,0.0847680248698004,0.201648261375181,1729.844024775317,203.5072765153965,3.270184040996566,3.4612765578534708,4.666083661574959,0.0,0.0027148058242907,False,True,,,,,5.0,24.0,1.0,17.93783636035702,False,0.0,n30_a3.0,False,False
(468878) 2013 RD88,81,82,1,7,1,15.95,7.264280151812598,3.632140075906299,0.0471739500869282,0.2121770450752682,1.0,12.479682071290943,2.0455454006074043,11.364133712873103,0.0432499375737982,0.0582860939861779,565.993732528179,77.91463444412328,2.10309363618879,2.3853171215292437,1.3614869021710974,0.0,0.0262504988170593,False,True,,,,,5.0,19.0,1.0,4.383878496247382,False,0.0588235294117647,n30_a1.5,False,False
(164527) 2006 HT65,199,203,4,4,1,15.74,240.0,240.0,0.023375501650391,0.2256214144022817,1.0,39.47242681382098,4.95747144674509,37.88199621752591,0.0444438899437955,2.5102352143989207e-08,534.9142660085927,2.2288094417024693,5.3016298200228835,2.3808185095384657,213.32443167019505,0.0,0.0751548032136087,False,False,4.341,0.059,,,5.0,5.0,1.0,4.148142405608094,False,0.1162790697674418,n100_a3.0,True,False
(4675) Ohboke,5117,5161,44,10,3,13.29,7.028366544015924,3.514183272007962,0.0004953562842141,0.3639536171206014,1.0,1205.7784819478004,51.67810802469496,1073.6564397960267,0.001445432613668,0.0,1841.2090132593876,261.96826840612425,123.87150797977448,2.9403128993793497,1.86388179236802,76.0,0.9853689133805124,True,True,4.003,0.836,,7.02644,5.0,1.0,0.0304204611509397,17.5101349221368,True,0.9575163398692812,n1500_a60.0,True,True
(137185) 1999 JT70,119,121,2,2,1,15.42,240.0,240.0,0.0609744702075445,0.1546120194190642,1.0,23.992500632152403,2.1732306055128148,20.887082712012685,0.2152941992644628,0.0431633656480536,188.32939217652893,0.7847058007355372,32.35375777085152,13.94588343740928,,0.0,0.0198593114982444,False,False,3.16,0.122,,,5.0,6.0,1.0,3.2624299649316306,False,0.05,n100_a15.0,False,False
(390011) 2012 TR315,615,617,2,9,2,16.48,13.293978401190074,6.646989200595037,0.0057045911031784,0.0235354711212734,1.0,10.274520625073087,1.5370072912962605,8.62844139974344,0.0089529106837004,0.8271718800522793,1204.241513120709,90.58548741232389,2.0945084164819523,0.6135383639455367,1.9981896715068652,9.0,0.0466732691448458,False,True,,,,,5.0,2.0,1.0,21.08184296422235,False,0.0909090909090909,n500_a1.5,False,False
(70541) 1999 TW122,66,66,0,5,1,15.74,1.047952991276465,1.047952991276465,0.1697331070998637,0.2913541139133181,1.0,14.826917722402294,1.8703536233403004,13.169758949856448,0.0721771078125671,0.0108735756183423,583.5902808835963,556.8859345234092,3.1594950250483262,2.2801212548257106,1.9598848481403548,0.0,0.3753163033826235,False,False,,,,,5.0,11.0,1.0,3.7064816783998977,False,0.5151515151515151,n30_a3.0,False,False
(19963) 1986 TR,249,249,0,1,1,13.99,84.27741898278784,42.13870949139392,0.929723282027725,0.9430814295671494,1.0,280.61376045780304,1.3175276243613443,234.1290442258938,0.622269116372929,2.918014668270598e-149,108.83624673209852,1.2914046021547765,344.1250283580921,1608.4004745662014,,0.0,0.199043899885097,False,True,5.459,0.196,,,5.0,1.0,0.0,1.9350214307152935,False,0.25,n200_a60.0,False,False
(199778) 2006 KW60,302,304,2,5,1,15.35,2.5816473535221056,1.2908236767610528,0.0077213700909345,0.0501927291225898,1.0,11.447002854797235,1.501734350913667,9.649541623127076,0.0165078595890305,0.6081181749497074,563.7027812699089,218.35003161870927,1.3943314213031126,0.7976845686536562,1.4728278402317991,1.0,0.0676160679496769,False,True,,,,,5.0,6.0,1.0,2.920046261216599,False,0.0909090909090909,n200_a0.0,False,False
(42212) 2001 DO51,514,519,5,7,4,13.98,239.9938123184768,119.9969061592384,0.2277468232139424,0.1982669184878681,1.0,98.6016549245735,5.55494859769007,88.69354387811879,0.0371952304736128,2.980488972487314e-21,10462.571309349092,43.5951710932657,9.721552767023471,1.8894636414569304,2.903987308308484,0.0,0.4298554470810102,False,True,,,,,5.0,2.0,1.0,15.1277187550265,False,0.5151515151515151,n500_a6.0,True,False
(228326) 2000 QK243,62,64,2,4,1,17.11,2.261452876316682,1.130726438158341,0.1621292225110792,0.1279289919854903,1.0,8.145656655189118,1.3568476509371614,7.005224214529513,0.0752877262012542,0.993913080169718,552.28338983492,244.2161831532151,2.5221558923001406,1.709026248361878,1.33836267005066,0.0,0.0199101339606213,False,True,1.49,0.105,,,5.0,18.0,1.0,10.829593333820268,False,0.05,n30_a1.5,False,False
(276096) 2002 EE32,157,197,40,9,2,15.96,28.993590298883667,28.993590298883667,0.6002504606066917,0.9398931255247917,1.0,119.67593925698738,1.0336134015561764,95.86184260676455,0.1301312529185226,6.392137707158177e-116,1194.3900958837476,41.194970459720366,125.41844350653447,136.85282335906038,1899.95233232286,0.0,0.8196321562649534,True,False,,,,,5.0,1.0,0.3908629441624365,12.855116129399104,True,0.8253968253968254,n100_a60.0,True,False
(20162) 1996 UD,4645,4654,9,6,2,14.46,10.546130556435743,5.273065278217872,0.0047475170195971,0.1543177690630448,1.0,330.4631397424356,26.80586604244812,296.6622066903268,0.0008426481132712,1.3671713819433136e-164,1206.4218047821778,114.3947344787954,48.46754302597374,1.54148888035855,2.605842219309359,54.0,0.7515583193323971,True,True,3.99,0.232,,4.68,5.0,1.0,0.0,14.13519887929547,True,0.7142857142857143,n1500_a15.0,True,True
(317707) 2003 QO18,1031,1044,13,6,1,17.11,11.619037974455908,5.809518987227953,0.0115441427065882,0.2636303022363522,1.0,146.70065425142857,12.603368637334931,140.88206321467135,0.0101430482041222,2.018837949818937e-65,575.8200802817009,49.55832673476268,27.76335882197987,2.319113600865478,1.4079221291582529,6.0,0.9918702303412862,True,True,2.478,0.034,,,5.0,1.0,0.1513409961685823,12.03566184709349,True,0.9575163398692812,n500_a15.0,True,True
(446) Aeternitas,949,957,8,2,2,8.85,15.704666794009196,7.852333397004598,0.0081900584839518,0.8838271707771523,1.0,1770.903439810643,5.497867946688058,1351.4302044113365,0.0036385685283078,0.0,9709.74681957916,618.2714314755855,446.3198192872246,86.35075726498067,,3.0,0.98702170701576,True,True,53.562,0.317,A,15.7413,5.0,1.0,0.0,14.700806386977664,True,0.9575163398692812,n500_a60.0,True,True
(56915) 2000 QW206,3141,3146,5,7,1,14.63,5.408961609520027,2.7044808047600135,0.0043273640705757,0.1079220979020057,1.0,217.0412519040953,16.60933563892261,203.93230162413897,0.0018410266544588,1.2281405818383396e-73,606.7442697473452,112.1738909515362,29.045705942270832,1.4403575336437109,2.2564940784252956,83.0,0.751848176479091,True,True,,,,,5.0,1.0,0.0044500953591862,5.974599230090083,True,0.7142857142857143,n1500_a15.0,True,True
(73069) 2002 FM34,1946,1957,11,9,2,14.88,3.804638043196488,1.902319021598244,0.0052825912228332,0.0110373313957186,1.0,13.265422372745975,1.922863214852991,12.368337425953433,0.0030875992996547,0.2508485240629051,815.6409240114153,214.38068871491123,2.1161280765254125,0.3831084613291981,1.9176963242577671,42.0,0.1242580143857019,False,True,,,,,5.0,1.0,0.1865099642309657,12.750572600154223,False,0.1162790697674418,n1500_a1.5,False,False
(207207) 2005 EP69,557,572,15,17,4,15.5,182.44640065220216,182.44640065220216,0.0280702395817585,0.0990622513548837,1.0,68.02381899882123,2.172041250949639,63.58226890318869,0.0153872344008553,9.697781961645858e-10,3118.5563424345455,17.09300008817085,5.578710317810252,1.6580745902247591,2.22919396409936,1.0,0.4479283845978327,False,False,,,,,5.0,3.0,1.0,20.665349009979323,False,0.5151515151515151,n500_a3.0,True,False
(49708) 1999 VH26,359,360,1,8,2,15.66,129.28597399585138,64.64298699792569,0.0122791506752335,0.3030726036133463,1.0,88.48488989419711,8.157795521985417,83.6778658890971,0.0611275885232098,5.413836441111396e-25,1246.5916660697549,9.64212611423538,10.192681658749503,2.134166774773881,1.731359496600485,2.0,0.4699651273304966,True,True,,,,,5.0,6.0,1.0,1.7113222883212806,True,0.5450570104110201,n200_a6.0,True,True
2012 DE47,33,33,0,2,2,18.72,14.55156218990374,29.103124379807483,0.8788915521776464,0.877443032726443,1.0,12.244645460463996,1.004191894099609,10.860789027229645,0.2669078837358767,6.268121324382549e-12,934.5855555954622,64.22578850289369,50.037111315578066,129.82637405683056,,0.0,0.0651616785789285,False,False,,,,,5.0,1.0,0.0303030303030303,10.059509234155277,False,0.0909090909090909,n30_a15.0,True,False
(121714) 1999 XZ115,73,73,0,2,1,14.77,4.72767515655511,2.363837578277555,0.1163790802876567,0.1732855987111692,1.0,8.632310261708591,1.4574164298216334,7.174280090933935,0.0801373259134861,0.32667267192723,312.86235099151963,66.176786820415,1.3782844039038524,1.6356586338739705,,0.0,0.0997580294785714,False,True,5.112,0.107,,,5.0,6.0,1.0,1.2651861547230825,False,0.1162790697674418,n30_a0.0,False,False
(23931) Ibuki,1750,1766,16,3,2,13.69,5.312226684663412,2.656113342331706,0.0082111115672404,0.3122421754976271,1.0,369.37640998554366,3.795099349473938,332.1172496335571,0.0020932354460755,5.5391914036295436e-139,11183.293392314516,2105.1988283182804,18.323788936605347,1.5359936259168872,1.8691887190654848,40.0,0.8485181246323161,True,True,,,,,5.0,1.0,0.0,16.32537371109895,True,0.8333333333333334,n1500_a15.0,True,True
(120345) 2004 RQ193,168,171,3,8,3,14.75,179.48230782526088,179.48230782526088,0.0282729011210577,0.1371291067059189,1.0,17.802332980566394,2.6308054585484677,16.074314288471506,0.0236240884669593,0.0055930844782384,1754.1299254439073,9.773274851979732,3.327437400671966,1.7206056964723582,3.9382646629324656,0.0,0.0242685758584061,False,False,,,,,5.0,11.0,1.0,15.301178773145809,False,0.0540745563315523,n100_a3.0,True,False
(97340) 1999 YS27,2707,2717,10,14,4,14.37,3.1888827451094643,1.5944413725547322,0.0008182130976785,0.0632045598531022,1.0,107.84043176710249,11.410474452707808,99.80050682939138,0.0024625043749616,1.04740211182312e-34,3254.2605780086014,1020.5017989449132,12.79384810765342,1.057656141119039,1.9353684837738192,84.0,0.7605013395908414,True,True,5.546,0.144,,,5.0,1.0,0.0934854619065145,16.43861923018651,True,0.7142857142857143,n1500_a6.0,True,True
(13791) 1998 VC,1884,1884,0,6,1,14.28,20.529287947389903,10.264643973694952,0.0065020553193128,0.0187336434386564,1.0,20.47051002723944,2.547265114992786,19.163241595862395,0.002808987239539,0.000376561009841,620.4487120583653,30.22261237936649,3.978174388747099,0.5531330901003185,1.5053525899557898,17.0,0.0805956843188424,False,True,3.481,0.366,,,5.0,1.0,0.2218683651804671,0.694067382457181,False,0.1162790697674418,n1500_a3.0,True,False
(45936) 2000 YB133,972,981,9,4,2,13.79,3.8662449840882784,1.9331224920441392,0.0032658654441472,0.2322861280687622,1.0,143.5619838243706,7.433061887880226,136.33521380004163,0.0073246866653191,3.70363960687523e-52,10849.830305674695,2806.2966393303336,18.650732649782935,2.03386362093077,1.4815294310912892,18.0,0.916908750785126,True,True,7.948,0.122,,,5.0,1.0,0.1376146788990825,0.7962627481741031,True,0.8862275449101796,n500_a15.0,True,True
(62849) 2000 UA72,140,147,7,9,3,14.93,2.3465363530886445,1.1732681765443222,0.0947927453380348,0.113686225665505,1.0,13.271582195403385,2.1016646974000146,11.981847512045634,0.0476839490487245,0.1280860232127124,1806.961661683163,770.0548339277749,2.435640434362232,2.947704076819161,5.202005552325005,0.0,0.4653630885672212,True,True,,,,,5.0,14.0,1.0,8.238623128476567,True,0.518751119487966,n100_a1.5,True,False
(49516) 1999 CJ32,2718,2732,14,10,3,13.3,21.271040154230032,10.635520077115016,0.0259039275507005,0.1384771617522561,1.0,196.51387118732552,9.113405702542764,178.22160406279664,0.001925454961698,3.059506784636421e-84,10894.820480771536,512.1903020151535,23.653222150986473,0.8493987602620217,1.7818319094720525,14.0,0.8121645242505187,True,True,11.162,0.074,,21.2517,5.0,1.0,0.195095168374817,15.513672996364118,True,0.8253968253968254,n1500_a15.0,True,True
(35988) 1999 NO9,500,508,8,4,1,13.68,2.575593261943331,1.2877966309716655,0.0046094132748387,0.0342673646632001,1.0,15.461440981159578,1.9445613205949488,13.63468027528841,0.0121554181797729,0.4735388337339344,611.2811297146836,237.3360494247687,2.9133054302052694,1.11666219591637,1.137465214669961,3.0,0.3232634807244624,False,True,,,,,5.0,3.0,1.0,1.3372983364591846,False,0.375,n500_a1.5,False,False
(377212) 2003 XK15,145,145,0,6,1,17.79,5.450732837296247,2.7253664186481235,0.0729398703936033,0.1077902046768979,1.0,12.128318880797435,1.856073859950186,10.460628314493642,0.033233470211239,0.2820135208208867,238.47847772209207,43.751635759933095,2.3199318165319647,1.46086463576478,2.1811131410299636,1.0,0.5589373327993015,True,True,,,,,5.0,5.0,1.0,2.519426285280808,True,0.5689655172413793,n100_a1.5,True,False
(667084) 2011 BR24,209,209,0,11,1,16.33,3.113476750919296,1.556738375459648,0.0059514055733495,0.0739221553337599,1.0,11.346380598059962,1.8627127945105897,10.455860985089512,0.0313084928161577,0.4249532889390042,595.8886487097479,191.39010706722115,1.2535367262926445,1.2218013724458012,3.163841134479699,0.0,0.3191215861447797,False,True,,,,,5.0,9.0,1.0,2.345451384584905,False,0.375,n200_a0.0,False,False
(605632) 2016 QB52,55,58,3,7,2,17.4,11.34578357043106,11.34578357043106,0.1019727048876911,0.5166602781795624,1.0,21.723434405604603,1.173237575457959,17.021211210300446,0.1130473749300053,1.4498495851861989e-06,1769.5995908774785,155.96979969628015,25.58083998750418,16.975415091251403,7.528925330356723,0.0,0.4140880990200301,False,False,,,,,5.0,1.0,0.1896551724137931,21.728230456342953,False,0.5151515151515151,n30_a15.0,True,False
(26231) 1998 QQ7,670,670,0,5,2,14.89,7.696453332097045,3.8482266660485225,0.7699636290958954,546.9364979039825,1.0,103831.07367943076,116.15165497500976,2479.285432211785,0.0109966059287422,,1210.41940177168,157.26976433726756,0.9555230687788556,7.680720978893324,8323034.379367534,3.0,0.9755086496742238,True,True,2.801,0.357,,2.969,5.0,1.0,0.4611940298507462,13.49051489106088,True,0.9381761978361668,n500_a0.0,True,False
(99021) 2001 DX78,86,91,5,4,2,15.04,2.7039384814566225,1.3519692407283113,0.0836135812325192,0.1002726173280956,1.0,6.990653061732999,1.7604224896132592,7.1889868962521835,0.0814519816637404,0.9939095548001208,780.8333098090952,288.77628509819397,0.8437552661901816,1.0918245529687558,1.1936398127874386,0.0,0.0902756671038381,False,True,2.659,0.329,,,5.0,8.0,1.0,10.967069502218829,False,0.1162790697674418,n30_a0.0,False,False
(480) Hansa,157,157,0,1,1,8.22,16.2273144170743,8.11365720853715,0.5852866920047299,0.6109525303095511,1.0,311.59764023949396,1.10571812388708,253.6867315616423,0.0102708225410262,1.167754242425228e-28,26.00018494622782,1.6022481772381605,208.2807711778554,150.756950518106,,1.0,0.9156111962788231,False,True,56.22,0.2485,S,16.19,5.0,1.0,0.0,0.0226837124619199,False,0.8862275449101796,n100_a60.0,True,True
(28313) 1999 CU99,2482,2488,6,6,2,13.97,8.334027611177447,4.167013805588724,0.0024362545836559,0.1524647947619417,1.0,251.76570045853023,22.04767863471326,240.72562470872947,0.0166520905412607,3.9603519478678704e-85,1120.0629195186775,134.39635333298745,30.921783426326993,1.4172182048858537,1.5266466956357791,38.0,0.935854189400397,True,True,,,,,5.0,1.0,0.1748392282958199,14.771733805445637,True,0.9381761978361668,n1500_a15.0,True,True
(16774) 1996 VP1,1588,1597,9,4,1,13.44,18.520482051737737,9.260241025868869,0.0070119448569722,0.3555216601265142,1.0,514.6326515188298,17.803157408126612,483.3407051661833,0.0020936714082687,6.346311216170278e-148,294.99968757043825,15.928294239121012,56.365687315220896,3.1205479213788845,2.0165580590563428,13.0,0.724228276995749,True,True,7.798,0.167,,18.5635,5.0,1.0,0.0,2.4652876048071235,True,0.6363636363636364,n1500_a15.0,True,True
2004 DZ87,160,171,11,4,2,19.21,127.3516915083292,127.3516915083292,0.2627018386938696,0.4578450754291713,1.0,11.70900084138932,1.9260823795871551,12.830495072799687,0.222556459937681,3.166875166465804e-20,1142.5453489160864,8.971575763022827,82.177324596864,35.86232694591907,21562.944665147996,0.0,0.0513547036175143,False,False,,,,,5.0,1.0,0.0467836257309941,15.753890237630468,False,0.0909090909090909,n100_a60.0,True,False
(66862) 1999 VL37,1218,1246,28,4,2,14.88,4.478417206363998,2.239208603181999,0.0507711836856785,0.2098482957750804,1.0,198.06540739582724,11.160415294314106,191.62667098487657,0.0097622024210237,9.632470992336457e-60,756.2992874122574,168.87646964591147,28.552751230548647,3.219587415419746,2.449491889572786,3.0,0.9837209097285023,True,True,,,,,5.0,1.0,0.4245585874799358,11.2751831936574,True,0.9381761978361668,n500_a15.0,True,True
(153379) 2001 QB23,1513,1513,0,5,1,16.37,32.88139261672268,16.44069630836134,0.0061905518187957,0.0126488705544562,1.0,12.4583772117605,1.5538869555086658,11.00837305634959,0.002127511647073,0.5069697898675131,460.70021339622326,14.01097023980433,2.9281393512773413,0.4288248634535848,1.1466286680919435,7.0,0.0071330272288746,False,True,,,,,5.0,1.0,0.0389953734302709,8.363334524809757,False,0.04,n1500_a1.5,False,False
(56986) 2000 SR210,751,754,3,4,1,13.59,9.59382104542516,4.79691052271258,0.0028779738842223,0.0334196786649088,1.0,17.958679563987264,2.0408139567222636,16.440526762473745,0.0075848893280235,0.0217004894205784,545.3372404075926,56.84254874314527,2.3721563781519683,0.7070056479020042,1.2252404039680862,14.0,0.4656804349132629,True,True,12.22,0.062,,,5.0,2.0,0.9986737400530504,2.637946374690842,True,0.520565115152327,n500_a1.5,True,False
(68268) 2001 EX18,339,343,4,3,2,13.87,9.444795604356614,4.722397802178307,0.0054132874677738,0.0670451800822376,1.0,20.352796326379963,2.420373474111453,18.767936856336217,0.0176859107919926,0.0130556658261525,1258.1816617192237,133.21428164510627,2.7506455559779392,0.9981037017165943,1.4678370913264345,0.0,0.8976237393268703,True,True,6.254,0.15,,,5.0,3.0,1.0,10.75717059340082,True,0.8862275449101796,n200_a1.5,True,False
