key,lambda_deg,beta_deg,pole_fixed,pole_constrained
100006_1987_DA7,243.3,-8.7,True,
100010_1988_RN12,74.7,-37.0,True,
100019_Gregorianik,86.7,66.8,True,
10001_Palermo,264.3,76.9,True,
100038_1991_RD13,210.7,84.8,True,
100042_1991_SJ2,51.4,-64.8,True,
10004_Igormakarov,263.5,9.2,True,
10007_Malytheatre,203.6,25.6,True,
10008_Raisanyo,213.2,28.2,True,
100093_1993_FL10,52.3,-34.4,True,
100094_1993_FJ13,123.1,55.8,True,
10010_Rudruna,139.4,30.7,True,
100119_1993_OB,227.1,-45.8,True,
10013_Stenholm,221.3,63.8,True,
100144_1993_TM14,207.0,-3.7,True,
10014_Shaim,237.0,-25.6,True,
10016_Yugan,311.3,85.6,True,
1001_Gaussia,179.3,70.6,True,
10023_Vladifedorov,206.2,26.0,True,
100266_Sadamisaki,116.7,-21.2,True,
100273_1994_WO1,107.0,70.9,True,
10027_Perozzi,53.4,-34.6,True,
100293_1995_DY7,37.5,-62.9,True,
1002_Olbersia,93.5,-38.2,True,
10035_Davidgheesling,87.2,-38.4,True,
10036_McGaha,230.7,78.6,True,
100416_Syang,58.4,-51.0,True,
100465_1996_TM16,347.4,-83.3,True,
100469_1996_TO28,304.0,50.6,True,
10050_Rayman,128.5,83.2,True,
100511_1997_AY18,75.2,-8.2,True,
100601_1997_RF4,40.6,-86.1,True,
100605_1997_SR1,75.2,-83.3,True,
10064_Hirosetamotsu,259.8,8.5,True,
100674_1997_XX1,207.0,-77.9,True,
10069_Fontenelle,13.4,-54.4,True,
10070_Liuzongli,98.7,-68.0,True,
100785_1998_FA62,87.7,-8.4,True,
10080_Macevans,253.4,-51.8,True,
10083_Gordonanderson,234.6,74.2,True,
10085_Jekennedy,236.9,-37.5,True,
10087_Dechesne,215.6,-82.1,True,
1008_La_Paz,122.5,-82.2,True,
100922_1998_KR61,10.7,79.9,True,
100946_1998_OD10,87.7,-23.4,True,
100961_1998_QL13,46.7,-79.7,True,
100963_1998_QW14,54.2,-19.4,True,
10099_Glazebrook,186.7,-12.2,True,
1009_Sirene,181.0,-75.1,True,
101009_1998_QQ48,115.2,65.6,True,
10100_Burgel,191.0,48.9,True,
10101_Fourier,140.4,60.2,True,
10102_Digerhuvud,229.1,48.3,True,
101071_1998_RE17,75.7,-37.8,True,
10112_Skookumjim,191.0,20.9,True,
10113_Alantitle,348.9,59.3,True,
10114_Greifswald,59.5,54.9,True,
10118_Jiwu,26.6,83.0,True,
101219_1998_SM55,87.9,-82.6,True,
10122_Froding,239.1,65.5,True,
101260_1998_SU98,101.7,-68.1,True,
101262_1998_SU104,291.6,52.3,True,
101283_1998_SJ118,106.7,22.7,True,
1012_Sarema,262.0,67.2,True,
101308_1998_SX133,127.3,-81.5,True,
10134_Joycepenner,215.8,-32.5,True,
101361_1998_UJ,294.0,-31.2,True,
10136_Gauguin,133.5,-33.1,True,
10137_Thucydides,207.3,-3.4,True,
101412_1998_VS7,98.4,-52.1,True,
101424_1998_VA20,147.3,-13.2,True,
10142_Sakka,358.6,77.8,True,
1014_Semphyra,113.6,-79.2,True,
101514_1998_XK26,168.5,64.3,True,
101518_1998_XF45,252.9,37.6,True,
101520_1998_XA52,280.1,80.7,True,
101524_1998_XK65,141.9,-58.8,True,
101527_1998_XM76,170.4,11.6,True,
101529_1998_XH93,304.8,33.2,True,
101546_1998_YZ26,221.6,29.7,True,
101551_1999_AH1,78.1,-37.8,True,
101574_1999_BA1,304.0,-11.0,True,
101577_1999_BV2,292.5,-81.3,True,
10158_Taroubou,210.9,-44.5,True,
10159_Tokara,266.4,-21.3,True,
101600_1999_BX34,275.0,-33.1,True,
101605_1999_CZ5,233.6,-37.8,True,
101614_1999_CY8,73.6,-37.0,True,
101625_1999_CP20,275.9,-83.7,True,
101627_1999_CV21,273.5,-20.8,True,
101640_1999_CG48,64.3,8.2,True,
10164_Akusekijima,327.4,-82.0,True,
101659_1999_CJ80,139.9,58.3,True,
101660_1999_CK80,221.3,-63.2,True,
10167_Yoshiwatiso,256.2,52.4,True,
101703_1999_CA150,72.2,52.4,True,
10172_Humphreys,244.1,6.6,True,
101734_1999_FU1,234.0,50.2,True,
101737_1999_FN3,288.7,50.2,True,
10175_Aenona,94.4,-68.1,True,
101781_Gojira,246.5,-81.3,True,
101796_1999_HN3,122.7,57.8,True,
101819_1999_JK13,219.0,1.4,True,
101846_1999_JB88,294.6,-56.7,True,
10186_Albeniz,238.1,4.9,True,
10188_Yasuoyoneda,308.6,49.7,True,
101890_1999_NK55,61.8,9.4,True,
101894_1999_PD2,226.8,-76.6,True,
10191_Scottbolton,119.7,79.2,True,
101926_1999_RT18,84.9,-8.4,True,
101946_1999_RR26,111.9,65.9,True,
101967_1999_RQ43,244.7,-85.6,True,
101968_1999_RC45,105.5,-37.7,True,
10197_Senigalliesi,179.4,-72.2,True,
10198_Pinelli,229.7,33.0,True,
101993_1999_RJ70,76.5,37.4,True,
102026_1999_RF97,102.5,-22.9,True,
102027_1999_RC98,104.8,-68.0,True,
102028_1999_RL98,73.8,-82.1,True,
102047_1999_RO120,21.2,-77.2,True,
10204_Turing,114.4,-6.3,True,
102087_1999_RT151,102.2,-67.7,True,
10210_Nathues,179.3,64.4,True,
102120_1999_RO172,227.5,73.4,True,
102134_1999_RD181,94.2,21.6,True,
102143_1999_RC186,83.3,-67.9,True,
102169_1999_RT227,70.9,50.2,True,
10216_Popastro,166.9,-38.0,True,
102190_1999_SR3,48.6,52.9,True,
102195_1999_ST10,166.6,41.5,True,
10221_Kubrick,283.2,-37.5,True,
102250_1999_TU27,91.9,21.0,True,
102255_1999_TR29,80.9,52.1,True,
10225_1997_VQ1,162.8,74.8,True,
10226_Seishika,206.5,56.9,True,
102283_1999_TG63,310.4,-87.4,True,
10228_1997_VY8,257.6,37.9,True,
1022_Olympiada,185.3,-30.0,True,
102312_1999_TA98,208.6,72.8,True,
102370_1999_TE143,89.9,21.4,True,
102373_1999_TP144,104.2,-67.8,True,
10237_Adzic,123.1,-65.6,True,
102390_1999_TP155,52.9,-82.0,True,
10239_Hermann,171.3,-3.7,True,
1023_Thomana,115.4,72.7,True,
102402_1999_TS171,153.1,76.1,True,
102410_1999_TS175,110.5,52.5,True,
10243_Hohe_Meissner,201.8,37.9,True,
10245_Inselsberg,148.1,34.0,True,
102461_1999_TG227,105.8,52.4,True,
102465_1999_TB231,90.6,66.7,True,
102467_1999_TA233,70.0,7.2,True,
10247_Amphiaraos,177.1,-48.3,True,
102493_1999_TW265,314.7,17.1,True,
102494_1999_TQ273,98.5,-78.1,True,
102502_1999_TF285,68.2,-52.1,True,
102539_1999_UT10,81.7,20.8,True,
102548_1999_UF16,112.9,-81.4,True,
10255_Taunus,67.4,53.1,True,
102586_1999_UR49,67.0,-21.8,True,
102592_1999_VE1,80.7,-23.2,True,
102604_1999_VW5,129.5,-81.3,True,
102609_1999_VJ14,125.6,42.8,True,
102613_1999_VQ20,73.0,-79.4,True,
102628_1999_VG28,135.2,12.5,True,
102644_1999_VA44,142.0,-14.9,True,
102651_1999_VS51,277.5,-52.0,True,
102662_1999_VZ58,117.9,-49.6,True,
102678_1999_VL68,71.4,38.0,True,
10267_Giuppone,162.7,68.8,True,
10268_1979_HW6,189.1,63.9,True,
102742_1999_VE111,260.8,-81.5,True,
102759_1999_VL130,271.4,-19.3,True,
102777_1999_VH145,84.2,-8.7,True,
10284_Damienlemay,157.9,-56.1,True,
102865_1999_WD4,235.3,-77.9,True,
102883_1999_WA20,226.6,-44.6,True,
102885_1999_XX1,201.7,72.8,True,
10288_Saville,254.8,77.1,True,
102897_1999_XA11,133.6,-62.4,True,
102898_1999_XD11,123.2,-82.2,True,
102909_1999_XR19,318.0,80.3,True,
10291_1985_UT,116.1,-51.8,True,
102929_1999_XQ37,188.5,81.6,True,
102988_1999_XC88,351.8,89.1,True,
102998_1999_XJ94,167.8,-37.8,True,
102_Miriam,106.2,83.1,True,
103009_1999_XW101,229.7,-86.3,True,
10301_Kataoka,177.4,74.6,True,
103032_1999_XJ116,244.8,-80.2,True,
103036_1999_XP118,101.0,-81.8,True,
103047_1999_XV128,162.8,-48.6,True,
10305_Grignard,127.6,-80.9,True,
103060_1999_XD137,199.0,-60.5,True,
103086_1999_XZ161,111.8,-80.4,True,
103098_1999_XA173,70.7,-51.8,True,
1030_Vitja,167.7,-75.0,True,
10311_Fantin_Latour,265.0,67.9,True,
103144_1999_XY209,130.7,-65.3,True,
103150_1999_XP215,189.1,-44.1,True,
10315_Brewster,139.4,67.8,True,
103182_1999_XJ238,35.9,49.0,True,
10319_Toshiharu,113.8,-51.0,True,
10320_Reiland,95.0,-68.2,True,
103217_1999_YK1,121.3,10.3,True,
103219_1999_YX3,254.4,-6.3,True,
103220_Kwongchuikuen,229.3,3.4,True,
103241_2000_AK2,84.3,-38.3,True,
10328_1991_GC1,55.6,63.9,True,
1032_Pafuri,174.7,-32.2,True,
10333_Portnoff,92.1,-67.7,True,
103357_2000_AM92,24.9,69.6,True,
103394_2000_AO127,267.2,38.1,True,
103397_2000_AJ129,193.6,-10.3,True,
103400_2000_AO130,165.6,48.9,True,
10341_1991_SC2,244.7,-80.9,True,
103442_2000_AO187,241.1,-48.4,True,
103449_2000_AM192,153.1,35.9,True,
103450_2000_AJ193,251.5,22.3,True,
103452_2000_AY193,289.3,51.6,True,
10348_Poelchau,143.6,29.4,True,
103497_2000_AX240,89.9,66.6,True,
103510_2000_BS2,245.0,51.4,True,
103516_2000_BY4,214.7,0.1,True,
10352_Kawamura,145.1,29.8,True,
103549_2000_BJ24,241.4,48.0,True,
1035_Amata,263.2,38.0,True,
10363_1994_UP11,148.4,64.9,True,
103645_2000_CP35,197.8,54.0,True,
10364_Tainai,82.3,82.1,True,
10369_Sinden,330.1,12.2,True,
103705_2000_CW82,58.4,38.7,True,
103716_2000_CK91,63.1,53.2,True,
10376_Chiarini,267.8,-35.2,True,
10378_Ingmarbergman,67.0,-36.8,True,
103798_2000_DH13,106.7,22.8,True,
10380_Berwald,169.9,26.4,True,
103886_2000_DP51,92.1,-23.4,True,
103890_2000_DY52,80.9,64.8,True,
10389_Robmanning,125.4,74.9,True,
103905_2000_DA58,294.4,-82.5,True,
103919_2000_DJ62,89.6,21.2,True,
103931_2000_DN65,92.7,51.1,True,
103990_2000_DS94,182.7,-42.7,True,
103991_2000_DC95,121.0,-34.6,True,
1039_Sonneberga,172.0,79.4,True,
10403_Marcelgrun,166.5,84.5,True,
10406_1997_WZ29,225.8,64.3,True,
104113_2000_EJ49,49.9,75.8,True,
10414_1998_QJ37,106.6,-7.5,True,
104160_2000_EF74,29.2,-43.5,True,
1041_Asta,308.4,49.8,True,
10422_1999_AN22,178.9,42.9,True,
104268_2000_EA148,275.2,-51.6,True,
104288_2000_EC158,209.5,-56.7,True,
104324_2000_FX4,154.4,57.3,True,
104335_2000_FF11,100.6,52.2,True,
10435_Tjeerd,151.3,52.4,True,
104371_2000_FH29,231.1,-23.7,True,
104379_2000_FB34,132.4,-79.7,True,
104394_2000_FO41,88.2,66.9,True,
1043_Beate,239.1,-25.3,True,
10443_van_der_Pol,127.4,71.3,True,
104452_2000_GK7,102.8,22.1,True,
10446_Siegbahn,276.0,67.4,True,
10448_Schawlow,199.6,23.4,True,
1044_Teutonia,202.2,79.4,True,
104505_2000_GR39,257.1,37.9,True,
10452_Zuev,217.5,30.3,True,
10454_Vallenar,351.4,-24.4,True,
104569_2000_GP75,290.2,67.3,True,
104596_2000_GL91,333.7,42.9,True,
10460_Correa_Otto,231.6,77.2,True,
10464_Jessie,135.2,-62.1,True,
104653_2000_GB134,292.1,-39.2,True,
104654_2000_GS134,69.7,-66.8,True,
1046_Edwin,230.1,-80.4,True,
104701_2000_GV164,195.8,-57.1,True,
104729_2000_GT181,232.0,-80.5,True,
104746_2000_HZ11,310.6,32.5,True,
104759_2000_HY18,195.5,-7.7,True,
104772_2000_HV28,88.3,66.2,True,
10479_Yiqunchen,206.5,39.0,True,
10480_Jennyblue,172.0,11.9,True,
104906_2000_JK10,319.8,-27.3,True,
104921_2000_JW18,220.5,-26.2,True,
104943_2000_JQ40,186.1,17.1,True,
10496_1986_RK,169.2,56.7,True,
104978_2000_JZ65,352.8,53.4,True,
104979_2000_JN69,258.9,8.3,True,
104988_2000_JB84,301.1,-8.4,True,
10499_Sarty,221.4,81.8,True,
1049_Gotho,269.5,51.9,True,
105002_2000_KN5,150.3,54.9,True,
10500_Nishi_koen,26.5,66.6,True,
105034_2000_KF37,132.9,-33.2,True,
10503_Johnmarks,258.5,-36.5,True,
105063_2000_KZ62,272.7,-51.3,True,
1050_Meta,279.7,8.5,True,
105121_2000_LS31,144.3,67.0,True,
105122_2000_LV31,59.2,58.8,True,
10513_Mackie,259.2,-37.2,True,
10514_Harlow,193.1,-9.0,True,
105152_2000_NV24,55.3,-4.2,True,
105158_2000_OL,238.0,20.2,True,
105161_2000_OA6,29.0,19.3,True,
105173_2000_OJ22,96.4,-23.3,True,
105188_2000_OR33,30.1,-12.3,True,
10518_1990_MC,118.7,25.1,True,
105203_2000_OV41,175.2,29.4,True,
105233_2000_PL12,110.4,-76.5,True,
10523_D_Haveloose,114.3,-51.8,True,
105244_2000_PC26,286.0,22.6,True,
10525_1990_TO,133.5,44.3,True,
105273_2000_QW25,203.5,57.7,True,
105311_2000_QL70,229.6,70.4,True,
105347_2000_QB98,70.9,65.5,True,
105353_2000_QN105,170.3,11.4,True,
105359_2000_QS110,60.4,58.8,True,
10537_1991_RY16,161.3,-53.5,True,
10542_Ruckers,251.1,67.8,True,
10545_Kallunge,232.2,-11.5,True,
105505_2000_RK3,119.3,-35.6,True,
105511_2000_RF13,46.8,-33.0,True,
105542_2000_RR40,47.9,-83.3,True,
105553_2000_RA50,5.3,-46.3,True,
105564_2000_RR60,92.2,6.4,True,
10559_Yukihisa,217.9,-16.1,True,
105601_2000_RZ91,102.1,6.7,True,
105604_2000_RR94,102.9,-81.0,True,
105616_2000_RF102,23.8,-58.3,True,
105617_2000_RJ102,180.2,-78.1,True,
105627_2000_SY4,47.7,75.3,True,
105655_2000_ST27,88.3,-38.2,True,
105658_2000_SF29,59.8,-20.6,True,
10569_Kinoshitamasao,130.3,-65.3,True,
105701_2000_SS67,61.0,-66.8,True,
105742_2000_SH90,5.4,-72.9,True,
105749_2000_SK94,83.8,-38.2,True,
105754_2000_SM98,310.1,-80.0,True,
105773_2000_SC111,92.6,-23.4,True,
105781_2000_SM115,87.3,36.5,True,
105802_2000_SV128,111.6,23.6,True,
105814_2000_SW140,70.6,-66.9,True,
105831_2000_SD148,334.7,-83.9,True,
105844_2000_SH160,267.2,63.2,True,
105865_2000_SE171,96.5,-8.4,True,
105871_2000_SK174,288.5,75.6,True,
1058_Grubba,93.0,66.4,True,
105949_2000_SE242,101.0,-53.1,True,
10595_1996_SS6,145.9,1.5,True,
105980_2000_SN268,119.4,-35.9,True,
105996_2000_SZ280,158.7,35.5,True,
1059_Mussorgskia,143.7,77.6,True,
106005_2000_SO285,21.3,-8.9,True,
10600_1996_TK48,131.7,77.3,True,
106025_2000_SG297,167.2,-69.3,True,
106032_2000_SO302,293.9,7.1,True,
106051_2000_SJ312,53.8,-19.3,True,
106056_2000_SF315,296.6,-18.7,True,
10608_Mameta,230.5,64.4,True,
106093_2000_SD366,61.6,-20.9,True,
106099_2000_TF7,139.9,-30.4,True,
106117_2000_TH29,198.3,-7.0,True,
10611_Yanjici,136.1,77.5,True,
106120_2000_TM33,117.8,62.5,True,
106122_2000_TE34,184.6,65.6,True,
106145_2000_TQ49,212.6,65.6,True,
106153_2000_TM57,167.7,-37.4,True,
106156_2000_TU59,181.5,-31.9,True,
106158_2000_TT60,197.3,7.3,True,
106159_2000_TU60,200.6,-72.3,True,
106198_2000_UQ18,6.2,-51.7,True,
106226_2000_US39,153.0,-78.8,True,
106240_2000_UB47,139.2,-15.8,True,
106253_2000_UE56,125.2,-81.2,True,
106299_2000_UJ84,160.8,-76.9,True,
106319_2000_UD98,112.3,-79.6,True,
10633_Akimasa,159.6,75.7,True,
106343_2000_UT110,107.4,-83.0,True,
10637_Heimlich,121.6,-65.6,True,
10638_McGlothlin,244.3,-83.5,True,
1063_Aquilegia,148.0,-44.3,True,
106419_2000_VO37,198.8,-37.9,True,
106420_2000_VC38,179.2,30.1,True,
10645_Brac,139.0,65.5,True,
10646_Machielalberts,151.9,17.7,True,
106489_2000_WA25,223.0,-66.3,True,
1064_Aethusa,220.8,62.1,True,
106537_McCarthy,138.3,29.8,True,
106546_2000_WF69,89.3,83.3,True,
10655_Pietkeyser,261.5,8.2,True,
106567_2000_WK88,62.1,-51.4,True,
1065_Amundsenia,194.6,-21.4,True,
106607_2000_WU115,163.2,-74.2,True,
106628_2000_WH126,200.3,-36.7,True,
106645_2000_WV134,122.8,-82.2,True,
10664_Phemios,152.8,-71.0,True,
10666_Feldberg,205.4,-51.5,True,
106678_2000_WR152,96.6,-52.6,True,
106683_2000_WW154,201.9,-77.5,True,
10668_Plansos,58.5,-35.3,True,
106765_2000_XW11,100.8,6.8,True,
106768_2000_XG14,198.3,-33.3,True,
106779_2000_XP19,255.9,-81.2,True,
10679_Chankaochang,79.8,-51.5,True,
106802_2000_XX32,97.2,21.8,True,
106803_2000_XX33,125.0,55.9,True,
106809_2000_XP39,171.1,64.6,True,
10680_Ermakov,120.6,-81.1,True,
106821_2000_XX45,121.6,-34.4,True,
106827_2000_YU,263.9,-81.5,True,
106842_2000_YT12,46.5,37.7,True,
10685_Kharkivuniver,230.3,78.1,True,
10686_Kaluna,170.9,44.7,True,
106886_2000_YC38,23.2,67.1,True,
10688_Haghighipour,320.4,-26.4,True,
10689_Pinillaalonso,333.7,26.9,True,
10692_Opeil,99.1,-23.2,True,
106939_2000_YX69,137.3,30.1,True,
10694_Lacerda,260.3,-37.0,True,
106959_2000_YR79,206.9,41.3,True,
10696_Giuliattiwinter,78.7,-53.0,True,
1069_Planckia,173.9,29.9,True,
107034_2000_YH126,302.5,66.4,True,
10704_Sidey,130.4,58.2,True,
10705_1981_SL,102.8,51.2,True,
107086_2001_AE25,208.7,42.4,True,
10708_Richardspalding,140.4,81.6,True,
107096_2001_AC30,193.5,-51.0,True,
10709_Ottofranz,227.6,-79.3,True,
107100_2001_AY31,145.4,-44.7,True,
107116_2001_AB39,107.4,22.9,True,
107126_2001_AN46,101.7,52.7,True,
107127_2001_AX46,98.0,67.0,True,
107168_2001_BW21,201.2,-74.6,True,
10718_Samus,178.5,-63.4,True,
107196_2001_BC31,86.9,66.4,True,
107198_2001_BQ31,157.2,76.7,True,
1071_Brita,210.3,-58.8,True,
107202_2001_BU32,139.4,-80.8,True,
10721_Tuterov,234.4,-9.6,True,
107222_2001_BM49,260.0,-81.4,True,
107267_2001_BA69,6.3,-85.7,True,
107292_2001_CZ,177.7,-61.0,True,
107298_2001_CH4,233.6,-42.5,True,
10732_1988_BM3,59.4,-20.5,True,
107373_2001_CR31,112.2,-79.0,True,
1073_Gellivara,240.8,65.1,True,
10742_1988_VK2,213.7,55.3,True,
10743_1988_VS2,144.9,47.9,True,
10745_Arnstadt,125.6,42.9,True,
10747_Kothen,95.0,-38.3,True,
10749_Musaus,184.9,-28.2,True,
107511_2001_DF52,169.3,-33.3,True,
10755_1990_RO6,167.7,-20.0,True,
10757_1990_SF3,73.3,-7.7,True,
10758_Aldoushuxley,92.9,36.5,True,
10759_1990_SX16,104.5,-68.0,True,
1075_Helina,189.8,35.1,True,
107603_2001_EN2,296.1,-55.4,True,
107641_2001_ER16,205.6,24.3,True,
107657_2001_EN25,231.5,-10.2,True,
107677_2001_FN10,65.4,23.3,True,
10771_Ouro_Preto,86.2,-23.4,True,
107782_2001_FX49,32.9,66.3,True,
107792_2001_FN53,283.6,52.8,True,
107797_2001_FF55,318.2,16.1,True,
10783_1991_RB9,201.9,-21.3,True,
10784_Noailles,67.9,-7.5,True,
107855_2001_FU78,49.9,-33.7,True,
10788_1991_UC,207.7,83.6,True,
107932_2001_FZ108,285.2,-81.7,True,
107933_2001_FB110,115.1,-80.2,True,
10797_Guatemala,171.6,-65.8,True,
107994_2001_FZ136,249.3,-51.1,True,
10801_Luneburg,216.7,30.0,True,
10806_Mexico,321.1,-31.2,True,
108105_2001_FT189,117.7,9.0,True,
10811_Lau,77.0,82.9,True,
108182_2001_HY13,137.5,13.1,True,
108195_2001_HK18,315.3,61.8,True,
1081_Reseda,257.9,52.5,True,
10821_Kimuratakeshi,224.1,47.5,True,
10825_Augusthermann,194.6,85.6,True,
10826_1993_SK16,187.2,75.2,True,
108297_2001_HK65,103.4,-68.1,True,
10829_Matsuobasho,64.8,65.0,True,
1082_Pirola,276.6,-85.5,True,
108314_2001_JN5,136.6,30.2,True,
10834_Zembsch_Schreve,87.7,-53.2,True,
10835_Frobel,193.1,-57.5,True,
10838_Lebon,54.9,64.6,True,
108411_2001_KK32,243.4,-51.1,True,
10843_1994_YF2,261.2,-83.0,True,
108443_2001_KU45,96.2,-38.2,True,
108460_2001_KP53,237.6,-79.3,True,
108466_2001_KM56,179.6,-69.3,True,
10846_1995_AW2,162.8,65.7,True,
10848_1995_BD1,215.9,-30.5,True,
10849_Onigiri,223.8,47.2,True,
1084_Tamariwa,149.5,33.7,True,
108500_2001_KZ65,52.1,-4.4,True,
108501_2001_KG66,40.8,-31.5,True,
108522_2001_LQ,327.7,13.0,True,
108537_2001_LY6,144.1,-29.8,True,
10853_Aimoto,80.8,50.9,True,
108564_2001_LN19,62.4,25.0,True,
108575_2001_MS5,243.6,-49.8,True,
108622_2001_MF27,248.8,-50.2,True,
108634_2001_NU2,261.6,75.7,True,
108654_2001_NK19,266.1,-19.8,True,
108670_2001_OS2,345.2,64.5,True,
108684_2001_OX7,44.4,-64.1,True,
108710_2001_OP20,218.0,-64.8,True,
108750_2001_OC43,302.8,-78.4,True,
10876_1996_UB,202.2,39.5,True,
108800_2001_OR71,71.8,-22.4,True,
108812_2001_OG75,65.7,-21.6,True,
10881_1996_VA5,143.9,48.5,True,
10884_Tsuboimasaki,67.4,66.1,True,
108978_2001_PU47,54.2,39.1,True,
10897_1997_VW3,157.2,52.3,True,
10898_1997_WJ2,145.2,-29.2,True,
10902_Hebeishida,140.0,15.7,True,
109069_2001_QZ21,63.4,66.1,True,
10906_1997_WO44,158.6,75.4,True,
10912_1997_YW5,266.3,-21.3,True,
10916_Okina_Ouna,180.0,59.3,True,
109177_2001_QL66,211.5,41.6,True,
1091_Spiraea,181.0,-44.6,True,
109218_2001_QM86,67.6,23.8,True,
109219_2001_QT86,265.6,-51.5,True,
109233_2001_QV93,242.5,-9.5,True,
10927_Vaucluse,51.6,38.9,True,
109280_2001_QO118,71.8,53.8,True,
1092_Lilium,150.0,-12.2,True,
109306_2001_QO131,297.2,-79.7,True,
109311_2001_QB134,71.8,38.3,True,
10933_1998_DC24,57.3,26.3,True,
109347_2001_QM151,270.0,-5.6,True,
10937_Ferris,86.8,-53.3,True,
109381_2001_QA165,248.7,-80.6,True,
10938_Lorenzalevy,85.0,6.1,True,
109396_2001_QV177,284.1,71.2,True,
1093_Freda,159.7,-52.0,True,
10944_1999_FJ26,153.4,-40.2,True,
10946_Guyidong,118.5,56.4,True,
109477_2001_QY220,41.6,-63.7,True,
109495_2001_QX228,275.3,-6.3,True,
10950_Albertjansen,242.9,-24.7,True,
109513_2001_QQ236,28.5,-79.0,True,
10952_Vogelsberg,130.7,28.5,True,
109534_2001_QF250,272.6,-51.6,True,
109543_2001_QB255,272.4,8.5,True,
109544_2001_QH255,224.2,64.2,True,
10954_Spiegel,129.8,-78.8,True,
109562_2001_QY263,157.6,-38.5,True,
109568_2001_QE267,71.4,38.4,True,
1095_Tulipa,59.7,41.0,True,
10960_Gran_Sasso,254.3,-36.7,True,
109643_2001_RW1,125.3,66.3,True,
10969_Perryman,216.5,46.0,True,
1096_Reunerta,137.9,63.4,True,
109713_2001_RZ47,183.9,70.8,True,
10973_Thomasreiter,353.3,85.3,True,
109801_2001_RE94,101.9,52.2,True,
109805_2001_RW100,71.8,-7.5,True,
10980_Breimer,213.6,-16.6,True,
10984_Gispen,205.4,78.4,True,
109872_2001_RL151,122.9,-66.4,True,
10989_Dolios,131.3,44.1,True,
1098_Hakone,72.7,-73.5,True,
109909_2001_SR24,211.6,-15.0,True,
10994_Fouchard,217.0,-0.6,True,
110017_2001_SS69,77.0,-37.8,True,
11004_Stenmark,229.1,78.5,True,
110060_2001_SM107,76.6,-82.0,True,
110065_2001_SU109,345.2,-40.6,True,
11008_Ernst,157.4,38.3,True,
110091_2001_SW120,228.5,61.8,True,
11010_Artemieva,151.0,-43.2,True,
11015_Romanenko,89.9,-53.4,True,
110163_2001_SN162,87.3,-53.4,True,
110219_2001_SV221,70.3,38.5,True,
11022_Serio,116.6,-82.6,True,
110232_2001_SM228,265.6,-36.1,True,
11027_Astaf_ev,95.8,-8.4,True,
110326_2001_SN286,73.3,-80.7,True,
11033_Mazanek,202.3,-59.9,True,
110356_2001_SM316,98.0,-52.6,True,
11035_1988_VQ3,282.1,-5.9,True,
11037_Distler,113.6,-52.0,True,
11038_1989_EE1,112.3,53.0,True,
110391_2001_TS7,276.9,-33.3,True,
110393_Rammstein,249.0,66.5,True,
110404_Itoemi,72.1,53.8,True,
11045_1990_HH1,71.8,-67.4,True,
110461_2001_TD47,102.7,-53.0,True,
11048_1990_QZ5,80.0,64.8,True,
11049_1990_RK2,75.2,22.3,True,
11050_Messiaen,126.6,79.9,True,
11055_Honduras,267.1,53.1,True,
110562_2001_TH108,212.5,27.3,True,
110571_2001_TF115,68.4,7.9,True,
11057_1991_NL,205.9,26.5,True,
11058_1991_PN10,76.0,53.0,True,
110640_2001_TT167,288.1,22.4,True,
11069_Bellqvist,97.0,51.9,True,
110726_2001_TM234,70.2,-37.3,True,
11077_1992_WB2,181.5,58.8,True,
110792_2001_UJ36,148.0,72.2,True,
11080_1993_FO,70.1,-52.3,True,
110850_2001_UY75,245.0,63.6,True,
11086_Nagatayuji,261.4,-21.4,True,
110886_2001_UG111,69.4,68.4,True,
11090_Popelin,208.9,-73.2,True,
110914_2001_UV127,152.6,-11.3,True,
11094_Cuba,70.8,-52.5,True,
110994_2001_UC213,81.8,-38.0,True,
110_Lydia,133.3,-48.3,True,
111004_2001_VX,39.9,36.5,True,
11102_Bertorighini,209.8,-66.1,True,
11103_Miekerouppe,68.6,68.6,True,
11104_Airion,199.1,40.0,True,
11107_Hakkoda,158.0,21.0,True,
11108_Hachimantai,354.9,-79.3,True,
1110_Jaroslawa,173.2,42.6,True,
111102_2001_VF74,81.9,52.1,True,
11110_1995_VT1,19.3,-24.0,True,
111134_2001_VZ93,69.4,-34.9,True,
11116_1996_EK,252.6,-7.6,True,
11118_Modra,157.1,48.6,True,
111196_2001_WO19,333.8,-87.3,True,
11120_Pancaldi,135.8,27.7,True,
111221_2001_WA41,117.9,9.4,True,
111303_2001_XT58,172.0,11.9,True,
111311_2001_XK68,194.3,61.2,True,
11134_Ceske_Budejovice,162.0,22.8,True,
11137_Yarigatake,108.1,52.9,True,
11138_Hotakadake,221.6,16.0,True,
111401_2001_XT175,124.5,-47.7,True,
11141_Jindrawalter,200.2,-6.9,True,
11142_Facchini,222.1,-79.1,True,
111445_2001_XJ238,145.1,-77.0,True,
11145_Emanuelli,215.2,29.2,True,
111465_2001_XO263,142.2,48.3,True,
11146_Kirigamine,10.7,87.5,True,
1114_Lorraine,209.8,-19.5,True,
111538_2001_YH122,235.3,-78.0,True,
111539_2001_YO130,20.6,30.7,True,
111559_2002_AN2,316.3,-77.2,True,
11155_Kinpu,178.2,58.2,True,
111569_2002_AU10,118.3,86.6,True,
1115_Sabauda,257.7,78.4,True,
111603_2002_AA86,77.3,-22.9,True,
11162_1998_BG8,227.3,17.7,True,
11167_Kunzak,256.4,52.9,True,
111749_2002_CK113,99.6,-8.3,True,
111764_2002_CO134,5.7,68.8,True,
111772_2002_CB153,253.4,76.2,True,
11178_Emmajoy,256.3,22.8,True,
111795_2002_CX240,96.5,51.7,True,
11179_Ahmadperez,230.8,33.2,True,
111807_2002_CC273,119.2,-5.5,True,
111808_2002_CE273,146.9,49.3,True,
111810_2002_CT276,109.2,7.8,True,
11181_1998_FG118,290.2,-80.7,True,
111821_2002_DS2,161.3,7.8,True,
111822_2002_DW2,115.2,-36.6,True,
111831_2002_EB10,74.8,69.4,True,
11184_Postma,165.3,-55.4,True,
11186_1998_HC120,284.5,67.5,True,
11187_Richoliver,222.9,1.4,True,
1118_Hanskya,76.7,67.6,True,
111908_2002_FY33,335.1,-84.2,True,
111913_Davidgans,125.6,-82.2,True,
11191_Paskvic,254.6,-81.2,True,
11193_Merida,226.4,-27.6,True,
11194_Mirna,132.5,-17.7,True,
11196_Michanikos,262.7,-6.8,True,
111975_2002_GA89,90.6,-38.1,True,
111976_2002_GX92,72.1,36.8,True,
11198_1999_CV40,359.5,-26.7,True,
1119_Euboea,224.0,31.0,True,
112016_2002_GC164,103.9,22.2,True,
112021_2002_GY175,133.4,-48.7,True,
112044_2002_JO4,245.8,35.7,True,
112052_2002_JG10,180.0,-48.4,True,
1120_Cannonia,216.5,61.0,True,
11210_Kevinqian,245.7,21.6,True,
11211_Saxena,173.6,27.6,True,
112168_2002_JR81,51.6,66.6,True,
11216_Billhubbard,199.3,38.7,True,
11220_1999_JM25,235.7,66.2,True,
112223_2002_KE6,108.7,-7.2,True,
11224_1999_JP32,167.6,56.6,True,
112267_2002_LA20,59.3,-82.3,True,
112276_2002_LK24,182.2,-78.8,True,
11227_Ksenborisova,183.3,44.7,True,
112294_2002_LU36,284.3,-81.3,True,
11237_1999_KE15,130.1,81.7,True,
112392_2002_NA33,144.0,-29.4,True,
112441_2002_OL3,3.2,78.7,True,
112445_2002_OS5,147.1,43.0,True,
112461_2002_OX12,280.6,-20.4,True,
112478_2002_OJ24,94.9,65.5,True,
11250_1972_AU,40.7,-2.0,True,
11252_Laertes,117.7,9.4,True,
112542_2002_PN40,194.5,72.4,True,
112547_2002_PK42,141.3,12.7,True,
112554_2002_PP44,179.4,-0.3,True,
112571_2002_PX50,88.7,66.3,True,
112591_2002_PK57,117.3,-66.6,True,
112613_2002_PL65,222.9,63.8,True,
11261_Krisbecker,82.2,-82.2,True,
112621_2002_PV70,113.2,-21.7,True,
112623_2002_PB71,103.2,65.0,True,
11262_Drube,194.0,-55.7,True,
11264_Claudiomaccone,221.3,1.3,True,
112691_2002_PN100,88.7,51.0,True,
112741_2002_PK129,138.4,28.7,True,
11274_Castillo_Rogez,163.2,-76.5,True,
112763_2002_PE141,53.5,-19.2,True,
11288_Okunohosomichi,150.7,4.0,True,
1128_Astrid,260.8,38.1,True,
11296_Denzen,133.1,83.5,True,
112984_2002_RF28,120.6,40.8,True,
11299_Annafreud,292.0,82.0,True,
1129_Neujmina,210.7,60.9,True,
113007_2002_RJ39,294.8,35.6,True,
11301_1992_XM,313.8,-79.8,True,
11303_1993_CA1,85.6,-52.2,True,
11310_1993_SB15,193.7,37.5,True,
113110_2002_RH78,79.7,6.9,True,
113116_2002_RC80,138.9,-80.2,True,
113122_2002_RP81,107.2,-37.6,True,
11312_1994_AR2,111.9,-52.0,True,
11323_Nasu,54.5,-5.1,True,
113241_2002_RY126,215.7,80.0,True,
113252_2002_RF134,209.4,-18.9,True,
113256_Prum,151.0,-58.0,True,
11327_1995_SL2,107.9,-37.5,True,
1132_Hollandia,327.8,-1.3,True,
113305_2002_RD186,179.3,28.7,True,
11330_1995_WZ6,173.4,71.3,True,
113344_2002_RT227,250.5,-23.3,True,
113347_2002_RG233,221.8,-15.2,True,
11334_Rio_de_Janeiro,340.4,-60.9,True,
11336_Piranesi,133.0,78.1,True,
113379_2002_SR9,284.8,65.6,True,
113418_2002_SJ33,68.0,8.3,True,
113435_2002_SX39,157.9,35.9,True,
113507_2002_TS7,244.6,-23.7,True,
113522_2002_TL16,105.9,-66.9,True,
113554_2002_TZ29,147.1,31.8,True,
1135_Colchis,296.7,84.6,True,
113636_2002_TH75,217.8,70.2,True,
113702_2002_TJ126,290.2,64.9,True,
113724_2002_TL138,95.7,-52.3,True,
11373_Carbonaro,102.8,67.4,True,
11374_Briantaylor,236.7,-83.7,True,
11375_1998_QB74,240.6,66.5,True,
113760_2002_TA172,122.0,79.5,True,
11376_Taizomuta,99.7,21.9,True,
11378_Dauria,231.8,-26.5,True,
113791_2002_TM195,84.1,65.9,True,
11381_1998_SZ115,115.8,-50.9,True,
11383_1998_SD128,117.5,24.5,True,
11385_Beauvoir,269.1,53.4,True,
11389_1998_VV5,238.8,74.0,True,
11394_1998_XL77,245.7,76.8,True,
11395_Iphinous,240.5,-85.0,True,
11396_1998_XZ77,138.8,-31.5,True,
11397_Eriopis,176.0,54.5,True,
11399_1999_AR3,151.7,-57.5,True,
11405_1999_CV3,267.8,-36.3,True,
11406_Ucciocontin,258.3,-22.0,True,
1140_Crimea,201.9,-80.5,True,
11410_1999_FU34,262.5,-51.2,True,
114151_2002_VD65,221.9,-15.3,True,
114202_2002_VD100,217.6,-70.6,True,
11422_Alilienthal,191.1,50.9,True,
114244_2002_WS8,81.1,64.6,True,
11429_Demodokus,86.6,21.5,True,
11437_Cardalda,113.7,65.0,True,
1143_Odysseus,110.4,-22.1,True,
114405_2002_YB20,142.0,14.6,True,
11440_Massironi,117.9,80.2,True,
11445_Fedotov,353.6,-82.0,True,
11446_Betankur,153.6,64.4,True,
11447_1978_UL4,184.3,-13.9,True,
11454_Mariomelita,45.8,-44.8,True,
114593_2003_CG3,172.9,-17.5,True,
1145_Robelmonte,94.3,-53.3,True,
114600_2003_CG10,312.4,-76.2,True,
114614_2003_DQ17,100.0,66.3,True,
114694_2003_FC99,95.5,36.5,True,
1146_Biarmia,135.7,60.9,True,
114743_2003_HL20,145.9,-13.7,True,
11477_1984_SY1,219.5,-64.5,True,
114789_2003_MT10,67.8,-21.9,True,
114807_2003_OK1,169.7,-20.1,True,
114825_2003_OD17,105.7,-83.4,True,
114831_2003_OG22,196.8,-81.1,True,
114834_2003_OB23,98.0,-82.3,True,
114838_2003_OD29,68.9,-22.0,True,
11483_1988_BC4,55.1,72.6,True,
114852_2003_PL6,293.1,-81.4,True,
114859_2003_PK12,232.4,-43.1,True,
114890_2003_QP19,121.8,-5.2,True,
114899_2003_QT23,74.5,-22.7,True,
11489_1988_SN,86.3,-8.4,True,
1148_Rarahu,245.5,-8.2,True,
114905_2003_QX26,87.2,-38.4,True,
114930_2003_QH44,224.0,-84.6,True,
114941_2003_QB53,91.8,-38.4,True,
114944_2003_QU53,276.7,-83.7,True,
114949_2003_QX54,98.4,36.9,True,
11494_Hibiki,318.8,68.7,True,
114962_2003_QM61,133.2,-31.6,True,
11496_Grass,60.0,36.9,True,
114972_2003_QV63,85.0,-8.5,True,
114_Kassandra,125.9,76.7,True,
115008_2003_QC78,6.6,-80.6,True,
115023_2003_QX94,40.7,59.5,True,
115042_2003_QT112,185.3,54.5,True,
11506_Toulouse_Lautrec,196.2,78.6,True,
115073_2003_RO23,135.1,-64.5,True,
115076_2003_RD24,166.2,72.3,True,
115084_2003_SM9,233.0,57.7,True,
115093_2003_SQ16,91.6,-82.7,True,
115095_2003_SB17,103.5,22.2,True,
1150_Achaia,268.0,-21.6,True,
115103_2003_SK25,111.7,54.6,True,
11512_1991_AB2,259.3,-22.0,True,
11514_Tsunenaga,200.2,-23.3,True,
115152_2003_SA68,288.2,-81.4,True,
115162_2003_SL76,123.2,55.6,True,
115175_2003_SG87,157.6,36.9,True,
115176_2003_SN87,222.0,-29.4,True,
1151_Ithaka,260.3,23.1,True,
115225_2003_SW142,95.6,51.6,True,
11524_Pleyel,298.9,-79.7,True,
115255_2003_SU160,156.8,-58.5,True,
11525_1991_RE25,206.3,26.3,True,
11526_1991_UL3,217.2,30.4,True,
115273_2003_SA182,116.0,-36.5,True,
115276_2003_SY183,135.9,29.4,True,
11527_1991_VU4,196.7,37.9,True,
115284_2003_SO192,173.0,-66.9,True,
11528_Mie,203.5,9.8,True,
115297_2003_SQ200,173.3,-73.3,True,
115299_2003_SM204,144.3,33.9,True,
11530_d_Indy,25.3,-78.2,True,
115321_2003_SK219,95.8,66.9,True,
115326_Wehinger,85.1,51.4,True,
11533_Akeback,65.0,64.4,True,
115353_2003_SJ244,120.7,-66.7,True,
115360_2003_SJ250,291.3,52.3,True,
115374_2003_SC259,64.4,52.7,True,
115416_2003_SP299,200.9,-47.5,True,
115417_2003_SR299,209.3,43.1,True,
115432_2003_TQ2,197.5,-20.5,True,
115449_Robson,96.5,6.7,True,
115455_2003_TL12,75.1,7.4,True,
11546_Miyoshimachi,227.1,32.5,True,
115484_2003_UL19,126.3,9.7,True,
11548_Jerrylewis,11.6,-28.2,True,
115502_2003_UX27,217.0,30.4,True,
11550_1993_BN,36.5,-80.5,True,
11555_1993_CR1,138.5,-79.8,True,
11556_1993_DV,164.1,52.1,True,
115603_2003_UB100,353.0,76.1,True,
115630_2003_US122,243.5,21.2,True,
11563_1993_FO36,53.9,-34.7,True,
115675_2003_UE146,92.7,-82.2,True,
115697_2003_UK162,132.1,-64.7,True,
11570_1993_LE,75.8,6.3,True,
115722_2003_UG177,173.3,-64.7,True,
115749_2003_UC197,246.6,21.7,True,
11574_d_Alviella,86.3,20.0,True,
115751_2003_UR202,159.6,-72.3,True,
11575_Claudio,234.0,-57.6,True,
1157_Arabia,107.8,-73.1,True,
11581_Philipdejager,80.4,65.5,True,
11584_Ferenczi,81.4,52.1,True,
115868_2003_UT278,31.8,79.5,True,
11586_1994_UA2,150.8,35.1,True,
115902_2003_VU11,241.7,47.7,True,
115903_2003_VZ11,202.8,-20.7,True,
115922_2003_WR11,82.5,-79.4,True,
11594_1995_HP,188.5,-42.0,True,
116034_2003_WH95,261.8,-82.5,True,
116051_2003_WM106,72.8,6.8,True,
11608_1995_WU4,70.9,38.6,True,
11609_1995_XT,78.4,-67.5,True,
11610_1995_XJ1,55.6,-81.3,True,
11613_1995_YN4,213.2,-0.6,True,
116160_2003_WK176,91.3,-38.4,True,
11617_1996_CL2,117.2,-50.3,True,
116186_2003_XZ7,133.8,27.1,True,
11618_1996_EX1,55.1,-50.4,True,
116194_2003_XV11,272.1,-51.5,True,
11619_1996_GG17,60.6,-6.1,True,
11620_Susanagordon,344.6,-19.4,True,
116212_2003_XP36,113.8,-36.8,True,
11621_Duccio,240.6,20.7,True,
116240_2003_YQ13,122.8,-5.1,True,
1162_Larissa,136.1,-61.7,True,
116347_2003_YQ86,210.0,-51.1,True,
11634_1996_XU30,160.3,6.4,True,
116376_2003_YF113,206.1,59.8,True,
1163_Saga,206.8,57.6,True,
116412_2003_YC139,152.6,-11.3,True,
116425_2003_YX150,322.9,30.5,True,
11647_1997_BN3,123.3,70.9,True,
11649_1997_BR6,261.4,23.2,True,
116523_2004_BH46,63.7,62.7,True,
116536_2004_BF58,111.3,-22.0,True,
116581_2004_BZ92,215.0,80.2,True,
116582_2004_BD93,290.6,37.2,True,
1165_Imprinetta,181.6,32.9,True,
116625_2004_BT118,262.1,23.2,True,
11666_Bracker,235.7,-10.5,True,
1166_Sakuntala,216.9,-14.4,True,
11670_Fountain,63.4,68.4,True,
11675_Billboyle,180.9,-80.4,True,
1167_Dubiago,241.2,-56.0,True,
116826_2004_FA16,346.1,-79.6,True,
11683_1998_FO11,103.2,69.3,True,
11684_1998_FY11,106.4,7.6,True,
11685_Adamcurry,64.6,-66.7,True,
116883_2004_FW120,37.0,-14.6,True,
116888_2004_FW123,320.9,31.0,True,
11688_Amandugan,210.0,-59.7,True,
11689_Frankxu,157.6,-77.8,True,
116969_2004_HZ11,129.7,-63.8,True,
116988_2004_HM34,69.8,54.4,True,
116989_2004_HW42,80.0,-37.9,True,
11700_1998_FT115,262.9,-36.8,True,
11702_Mifischer,203.0,-48.1,True,
117046_2004_JL31,66.0,-7.3,True,
11708_Kathyfries,93.9,-68.0,True,
11712_Kemcook,0.0,83.0,True,
11714_Mikebrown,119.1,70.3,True,
117188_2004_RN136,47.5,-49.0,True,
1171_Rusthawelia,226.2,32.4,True,
117213_2004_RK214,0.1,-79.6,True,
117219_2004_RF266,130.7,-81.9,True,
11721_Shawnlowe,65.6,39.7,True,
117224_2004_RP322,63.6,-67.0,True,
11722_1998_HR115,100.9,-67.3,True,
117232_2004_SN2,121.3,-20.3,True,
117268_2004_TK52,335.0,-74.9,True,
11726_Edgerton,97.4,67.9,True,
117278_2004_TQ120,112.9,73.6,True,
11727_Sweet,277.0,-81.5,True,
117325_2004_WU8,168.4,-71.8,True,
117335_2004_XT11,247.5,-54.8,True,
11734_1998_KM55,344.3,-79.2,True,
117354_2004_XQ75,121.6,87.2,True,
117357_2004_XG88,152.0,-76.2,True,
11735_Isabellecohen,189.0,71.7,True,
117366_2004_XK107,123.0,-66.3,True,
11736_Viktorfischl,128.1,-18.8,True,
117377_2004_XW158,170.1,-36.3,True,
11737_Gregneat,105.1,66.8,True,
117392_2004_YV31,146.4,33.8,True,
1173_Anchises,300.8,62.1,True,
117409_2005_AO11,241.5,-9.7,True,
117419_2005_AD17,354.6,80.2,True,
11741_1999_AZ3,94.9,-8.4,True,
117447_2005_AX46,22.7,-9.5,True,
117505_2005_CG25,94.6,36.3,True,
11752_Masatakesagai,95.7,-23.3,True,
117532_2005_CA60,217.6,-14.8,True,
11756_Geneparker,213.4,42.7,True,
117666_2005_ER201,21.1,66.8,True,
117726_2005_GC13,254.7,-37.8,True,
11772_Jacoblemaire,251.2,-80.9,True,
117764_2005_GG73,225.4,-29.2,True,
11781_Alexroberts,114.3,74.9,True,
11783_1971_UN1,56.2,-81.0,True,
117856_2005_KD5,318.2,-83.0,True,
11786_Bakhchivandji,132.1,-45.7,True,
117895_2802_P_L,78.8,35.7,True,
11789_Kempowski,126.0,76.3,True,
1178_Irmela,105.9,69.0,True,
11792_Sidorovsky,268.5,81.8,True,
11793_Chujkovia,146.0,76.4,True,
117957_6706_P_L,53.0,66.6,True,
11797_Warell,82.8,-77.7,True,
1179_Mally,65.3,66.3,True,
117_Lomia,87.6,66.6,True,
118004_1192_T_2,87.7,21.6,True,
11801_Frigeri,92.2,-76.5,True,
118033_2904_T_2,122.6,70.5,True,
118049_4066_T_2,140.6,-15.4,True,
11807_Wannberg,123.6,25.8,True,
118084_5340_T_2,134.6,11.1,True,
1180_Rita,54.0,-73.1,True,
118237_1997_GD16,258.8,-81.5,True,
1182_Ilona,221.1,-26.4,True,
118337_1999_BQ9,93.0,67.6,True,
11834_1985_RQ3,61.1,-20.8,True,
11836_Eileen,63.0,81.9,True,
118381_1999_JU5,160.8,50.7,True,
118417_1999_TW12,118.6,71.1,True,
118437_1999_TB285,148.3,-74.3,True,
118444_1999_VK20,58.7,-59.5,True,
118452_1999_VH127,308.1,-78.4,True,
118464_1999_XE61,150.0,18.8,True,
118465_1999_XR70,115.2,-36.5,True,
118473_2000_AO34,167.5,23.8,True,
118483_2000_CJ16,103.6,52.9,True,
11848_Paullouka,132.4,73.9,True,
11850_1988_EY1,110.9,-65.8,True,
118520_2000_EU11,267.4,-83.8,True,
11853_Runge,257.1,22.9,True,
11854_Ludwigrichter,68.9,-36.7,True,
118593_2000_GQ76,243.8,78.5,True,
1185_Nikko,224.1,82.3,True,
11862_1988_XB2,82.2,-53.2,True,
118657_2000_JA57,119.9,-63.0,True,
118690_2000_OO20,299.5,-7.6,True,
1186_Turnera,328.2,77.8,True,
11870_Sverige,115.2,24.2,True,
118756_2000_QK200,64.1,53.8,True,
11877_1990_EL8,117.5,-76.2,True,
11878_Hanamiyama,92.1,36.5,True,
1187_Afra,135.5,77.7,True,
118864_2000_SQ351,108.1,38.2,True,
1188_Gothlandia,223.6,84.0,True,
118925_2000_VH59,179.4,29.7,True,
118938_2000_WM47,153.9,69.6,True,
11894_1991_GW,92.4,6.4,True,
11895_Dehant,95.5,-38.3,True,
118960_2000_WQ124,164.1,-55.2,True,
118961_2000_WO125,187.3,-63.2,True,
118978_2000_WW196,198.1,-33.0,True,
1189_Terentia,214.2,79.6,True,
119019_2001_AJ35,176.6,79.5,True,
11901_1991_PV11,94.4,-80.8,True,
11903_1991_RD7,260.9,23.2,True,
119040_2001_FH105,73.0,-83.1,True,
11908_Nicaragua,144.7,-14.1,True,
1190_Pelagia,115.3,-82.9,True,
11916_Wiesloch,274.7,-82.0,True,
11919_1992_UD2,261.5,82.6,True,
119204_2001_QV128,98.2,6.5,True,
11927_Mount_Kent,262.7,52.3,True,
11928_Akimotohiro,127.7,67.1,True,
1192_Prisma,50.0,66.1,True,
119304_2001_SQ33,73.2,-51.9,True,
11930_Osamu,279.4,-21.6,True,
11931_1993_DD2,275.2,52.5,True,
11932_1993_EP,10.9,78.9,True,
11933_Himuka,122.3,67.6,True,
11939_1993_FH36,287.7,-53.6,True,
119414_2001_TQ80,106.4,-83.2,True,
119426_2001_TW107,113.1,55.9,True,
11943_Davidhartley,200.1,70.6,True,
119448_2001_TX169,87.7,-66.7,True,
119460_2001_TQ194,120.5,38.4,True,
11949_Kagayayutaka,168.1,41.4,True,
119503_2001_UR124,89.4,-38.0,True,
119530_2001_VE1,137.3,-32.0,True,
119540_2001_VJ18,121.7,-82.6,True,
119557_2001_VV41,143.6,46.3,True,
1195_Orangia,222.7,-59.5,True,
119649_2001_XU45,166.6,-48.5,True,
119699_2001_XV155,356.0,-87.7,True,
11974_Yasuhidefujita,150.5,49.4,True,
119761_2001_YK116,90.2,-68.3,True,
119775_2002_AX29,33.5,-27.1,True,
11977_Leonrisoldi,254.5,-37.8,True,
119808_2002_AX152,101.3,21.4,True,
119829_2002_BP22,107.5,-52.7,True,
119884_2002_CJ241,68.5,-52.3,True,
11988_1995_WB,200.2,88.2,True,
119905_2002_EH10,73.5,7.5,True,
119922_2002_ES112,133.8,-81.6,True,
11993_1995_XX,240.9,-79.7,True,
119953_2002_ML,145.3,33.2,True,
11995_1995_YB1,96.9,-8.3,True,
119961_Nastasi,110.9,71.9,True,
119975_2002_VB128,209.7,76.4,True,
11997_Fassel,209.0,72.2,True,
119991_2002_XV81,104.6,-82.5,True,
11_Parthenope,54.1,70.8,True,
120036_2003_AM89,347.8,46.3,True,
12003_Hideosugai,327.8,-56.3,True,
12004_1996_JW1,187.2,81.2,True,
12006_Hruschka,96.9,-23.3,True,
12011_1996_VT5,245.8,-51.3,True,
120125_2003_FR100,127.6,-65.6,True,
12017_1996_XC1,263.7,-51.8,True,
120183_2003_YR138,294.4,-47.6,True,
1201_Strenua,113.9,80.7,True,
120202_2004_EL6,107.6,-22.4,True,
12020_1996_XW19,147.1,-13.3,True,
12025_1997_AJ1,244.7,51.1,True,
12031_Kobaton,195.2,-22.3,True,
12034_1997_CR,59.0,-5.8,True,
120413_4815_P_L,104.8,22.4,True,
12041_1997_EQ25,242.4,-56.9,True,
12043_1997_FN,214.5,-53.5,True,
12044_Fabbri,136.7,-64.0,True,
12045_Klein,332.8,78.2,True,
120496_1993_FB50,270.0,76.0,True,
1204_Renzia,264.6,23.3,True,
120506_1993_TO1,294.8,36.6,True,
120513_1993_TJ25,96.0,-8.4,True,
12054_1997_TT9,153.3,33.1,True,
12056_Yoshigeru,238.1,49.8,True,
120596_1995_UM12,83.8,-23.3,True,
120606_1995_VH11,92.7,-53.3,True,
120640_1996_PN,101.8,21.2,True,
120650_1996_TV7,122.5,-77.0,True,
120662_1996_VK9,120.3,80.6,True,
1206_Numerowia,239.5,66.1,True,
120714_1997_SQ3,229.4,-79.9,True,
120718_1997_SF8,68.7,52.6,True,
12077_Frankthorne,66.4,-79.3,True,
120794_1998_FX53,209.9,-49.2,True,
1207_Ostenia,223.8,-52.4,True,
120802_1998_FV94,281.8,67.5,True,
12080_1998_FC111,143.5,-0.4,True,
12082_1998_FS118,140.5,-42.4,True,
12083_Darone,144.9,0.7,True,
120861_1998_QA74,201.1,-21.3,True,
120862_1998_QL75,138.5,83.4,True,
120878_1998_RQ37,115.7,-36.2,True,
120881_1998_RG45,79.1,68.1,True,
12088_Macalintal,83.5,-79.2,True,
120925_1998_SC107,130.9,-47.2,True,
12092_Erinorourke,245.1,-39.7,True,
120958_1998_UA43,147.0,-79.7,True,
12096_1998_HL120,131.2,83.3,True,
120975_1998_WE19,182.9,42.9,True,
12097_Peterlowen,95.0,-80.6,True,
1209_Pumma,217.5,29.4,True,
12101_Trujillo,95.6,36.7,True,
12104_Chesley,134.8,62.0,True,
121074_1999_FA2,183.4,16.0,True,
12111_Ulm,264.2,-36.7,True,
121120_1999_GQ59,320.5,29.1,True,
12113_Hollows,203.6,-19.7,True,
12114_1998_QJ8,72.4,-22.5,True,
12115_Robertgrimm,82.3,51.6,True,
12116_1999_JA34,228.1,2.4,True,
12118_Mirotsin,240.3,5.8,True,
121197_1999_NB33,185.4,-47.4,True,
12119_Memamis,245.3,-53.3,True,
121217_1999_RV10,67.4,-21.8,True,
12122_1999_NV55,169.6,56.0,True,
121231_1999_RD31,125.2,-5.3,True,
121252_1999_RS71,356.3,-78.5,True,
121274_1999_RM124,55.3,-67.3,True,
121285_1999_RB161,153.1,47.9,True,
12130_Mousa,141.2,-30.6,True,
121321_1999_SH,119.8,-82.7,True,
121330_Colbygoodloe,152.2,48.6,True,
121336_Ziarnadhronom,96.6,-53.1,True,
12133_Titulaer,92.7,-38.4,True,
121350_1999_TU34,127.2,68.6,True,
121353_1999_TF39,190.0,-40.9,True,
12135_Terlingen,51.8,-49.9,True,
121366_1999_TZ65,123.7,-34.6,True,
12139_Tomcowling,211.6,-16.6,True,
121433_1999_TL175,269.6,-36.2,True,
121438_1999_TA184,84.5,-75.6,True,
12143_Harwit,169.9,9.8,True,
121440_1999_TY184,65.8,69.7,True,
121447_1999_TO191,42.7,66.5,True,
121478_1999_TG233,157.8,-38.1,True,
12149_Begas,54.2,-19.4,True,
1214_Richilde,212.0,79.8,True,
121514_1999_UJ7,275.4,-35.7,True,
121536_Brianburt,56.2,64.0,True,
121552_1999_VU36,140.4,0.0,True,
12156_Ubels,169.1,56.5,True,
121573_1999_VZ87,211.1,-42.5,True,
12158_Tape,251.1,88.1,True,
121610_1999_VW147,98.4,-53.3,True,
121624_1999_VN173,130.7,72.6,True,
121635_1999_VQ200,86.2,-23.4,True,
121638_1999_VK216,140.4,41.2,True,
12163_Manilius,235.4,-56.7,True,
121641_1999_VF225,200.3,-18.4,True,
121646_1999_WZ7,124.6,9.9,True,
12164_Lowellgreen,65.2,-51.3,True,
121656_Jamesrogers,91.3,66.9,True,
121657_1999_XL6,145.1,-57.4,True,
121661_1999_XQ21,197.5,22.9,True,
12167_Olivermuller,106.6,-52.8,True,
12168_Polko,170.3,-57.7,True,
121693_1999_XF66,164.1,-74.7,True,
1216_Askania,230.8,78.8,True,
121705_1999_XY90,151.0,-25.9,True,
121707_1999_XY99,184.3,47.8,True,
121712_1999_XS113,276.6,-81.8,True,
121729_1999_XV165,225.9,3.8,True,
12172_Niekdekort,124.0,-81.4,True,
121742_1999_XX203,233.2,47.1,True,
12174_van_het_Reve,113.5,72.2,True,
121758_1999_YT3,99.5,20.9,True,
12175_Wimhermans,142.0,61.3,True,
121794_2000_AD124,236.9,5.1,True,
1217_Maximiliana,230.1,33.6,True,
12181_1964_VL1,222.8,1.8,True,
12182_Storm,110.3,-67.2,True,
12183_Caltonen,79.5,6.9,True,
12185_Gasprinskij,68.6,22.3,True,
121869_2000_CF91,277.8,-6.7,True,
121884_2000_DA3,284.4,-7.4,True,
12193_1979_EL,161.5,-40.2,True,
122014_2000_GT34,113.2,-82.6,True,
12211_Arnoschmidt,128.1,11.4,True,
122153_2000_JO57,134.9,28.5,True,
122230_2000_OQ3,68.8,-67.6,True,
12223_Hoskin,213.9,-2.1,True,
122242_2000_OL17,94.8,36.7,True,
122244_2000_OS19,52.9,-81.9,True,
122254_2000_OW39,112.7,-52.2,True,
122311_2000_QL9,91.6,6.5,True,
122312_2000_QU9,129.2,-82.0,True,
12232_1986_QZ2,257.1,-21.4,True,
12234_Shkuratov,269.9,38.2,True,
12235_Imranakperov,169.9,58.9,True,
12236_1987_DD6,84.4,82.8,True,
122387_2000_QQ72,274.6,-81.8,True,
12238_Actor,147.4,71.6,True,
122409_2000_QE89,255.8,22.8,True,
12240_Droste_Hulshoff,220.4,77.2,True,
122443_2000_QX131,76.6,-82.9,True,
12246_Pliska,144.6,-14.1,True,
12248_Russellcarpenter,214.7,62.2,True,
122493_2000_QJ180,76.3,-48.0,True,
12249_Hannorein,208.2,41.3,True,
12252_Gwangju,109.4,73.0,True,
122530_2000_QP211,77.0,36.9,True,
12254_1988_XJ1,25.1,28.9,True,
12255_1988_XR1,174.6,28.5,True,
12256_1989_CJ8,58.0,24.4,True,
122571_2000_RE13,223.7,16.7,True,
122612_2000_RS47,87.5,-38.1,True,
122635_2000_RK81,174.5,-18.1,True,
122660_2000_RE98,187.0,-24.9,True,
122662_2000_RK98,47.6,-53.8,True,
122707_2000_SQ30,249.1,-80.6,True,
12272_Geddylee,203.5,37.3,True,
12273_1990_TS4,264.3,52.5,True,
12274_1990_UJ1,163.7,57.9,True,
122773_2000_SK77,257.6,-22.3,True,
12278_Kisohinoki,203.4,-37.1,True,
122822_2000_SC107,150.8,-57.9,True,
122842_2000_SC122,118.3,-36.1,True,
12284_Pohl,93.1,66.1,True,
12287_Langres,35.2,-80.0,True,
122891_2000_SF152,74.9,7.4,True,
122895_2000_SB156,161.0,-70.7,True,
122902_2000_SN162,195.0,63.0,True,
122922_2000_SN174,202.3,55.3,True,
122927_2000_SD176,242.9,80.9,True,
122929_2000_SO177,209.1,27.7,True,
12292_Dalton,139.9,-62.7,True,
122932_2000_SU183,49.9,-3.0,True,
12293_1991_NV1,175.3,77.8,True,
12294_Avogadro,181.6,82.9,True,
12299_1991_PV17,142.3,0.4,True,
123005_2000_SZ258,108.2,-66.8,True,
123009_2000_ST260,117.2,-5.9,True,
123015_2000_SW265,150.4,17.8,True,
123023_2000_SE273,339.1,-58.6,True,
123032_2000_SG286,306.7,-81.1,True,
123049_2000_SA295,95.8,-78.7,True,
12304_1991_SR1,166.5,60.0,True,
123106_2000_SX349,199.2,-80.1,True,
123207_2000_UC28,89.3,-38.2,True,
123222_2000_UX46,110.3,8.2,True,
123236_2000_UX57,132.2,68.5,True,
123247_2000_UL67,282.0,51.5,True,
123268_2000_UQ82,95.1,-8.5,True,
123270_2000_UB85,149.8,-75.3,True,
123278_2000_UG95,94.7,-38.3,True,
12330_1992_UX2,246.4,6.5,True,
123339_2000_VY52,58.3,-50.5,True,
12333_1992_WJ2,215.0,-42.9,True,
123343_2000_VT57,142.2,75.4,True,
123345_2000_VF60,139.6,58.3,True,
12335_Tatsukushi,171.2,-52.7,True,
123371_2000_WD36,118.9,-49.0,True,
123385_2000_WO62,195.6,-69.3,True,
12341_Calevoet,50.2,85.2,True,
12342_Kudohmichiko,220.6,-42.9,True,
123453_2000_WF135,193.6,70.9,True,
123477_2000_WR161,124.9,25.7,True,
123479_2000_WD162,9.7,66.0,True,
123481_2000_WV162,82.2,-8.4,True,
1234_Elyna,226.1,32.3,True,
123508_2000_WU182,202.6,-36.5,True,
12351_1993_JD,150.9,52.2,True,
123521_2000_XD4,169.0,-18.2,True,
123538_2000_XR19,340.2,-83.5,True,
12357_Toyako,232.9,-79.5,True,
123582_2000_XQ40,44.7,-44.5,True,
123587_2000_XK42,79.3,-37.5,True,
123599_2000_YJ5,194.7,-35.1,True,
12361_1993_TB,153.7,50.5,True,
12362_Mumuryk,156.4,-9.8,True,
12363_Marinmarais,111.1,-67.6,True,
123652_2000_YC73,147.5,-28.5,True,
123710_2000_YQ120,98.2,36.6,True,
123714_2000_YH124,110.7,-36.6,True,
123726_2000_YK136,79.8,6.2,True,
123736_2001_AQ11,132.5,27.9,True,
123767_2001_AR48,195.6,-32.0,True,
12376_Cochabamba,232.2,-56.8,True,
123785_2001_BP17,102.0,66.4,True,
12379_Thulin,95.0,-38.3,True,
1237_Genevieve,313.0,64.9,True,
12380_Sciascia,83.3,-53.3,True,
123820_2001_BV78,215.0,14.0,True,
123821_2001_BH80,25.0,55.3,True,
12383_Eboshi,124.7,-19.6,True,
12384_Luigimartella,169.6,-66.7,True,
12389_1994_WU,149.0,-26.9,True,
123928_2001_ED6,97.7,-8.2,True,
123930_2001_EP6,195.2,-73.4,True,
123934_2001_EU14,63.9,-35.6,True,
12393_1994_YC1,189.0,63.8,True,
12397_Peterbrown,225.2,82.8,True,
123990_2001_FH62,268.8,8.5,True,
123993_2001_FK64,74.8,63.1,True,
123996_2001_FV64,297.5,21.0,True,
12405_Nespoli,143.7,14.9,True,
124071_2001_FW192,74.9,6.3,True,
124134_2001_KA72,142.4,-0.0,True,
124139_2001_LL12,326.9,13.3,True,
124184_2001_OT55,70.6,-37.3,True,
1241_Dysona,234.2,46.4,True,
12422_1995_US8,172.8,-72.7,True,
124237_2001_PH45,81.3,-67.6,True,
12424_1995_VM,165.8,-70.0,True,
12426_Racquetball,236.9,-56.0,True,
124325_2001_QR97,65.9,-67.4,True,
12432_Usuda,182.0,28.0,True,
124347_2001_QP119,105.6,-7.8,True,
12441_1996_DV,113.8,-52.0,True,
124422_2001_QL234,81.8,6.8,True,
12442_Beltramemass,119.4,88.7,True,
12443_Paulsydney,74.8,-67.1,True,
124455_2001_QX272,85.9,6.4,True,
12445_Sirataka,179.0,-15.0,True,
124463_2001_QQ295,101.8,-81.8,True,
12446_Juliabryant,214.7,27.3,True,
12447_Yatescup,166.2,24.8,True,
124492_2001_RO38,54.4,-82.1,True,
124494_2001_RE44,47.2,68.3,True,
12449_1996_XL31,221.6,-29.6,True,
1244_Deira,135.9,82.3,True,
12453_1996_YY,248.2,67.3,True,
12454_1996_YO1,69.4,53.4,True,
124595_2001_SZ25,262.0,-82.2,True,
12461_1997_AM5,225.0,46.1,True,
12462_1997_AO5,284.7,-53.1,True,
12463_1997_AL7,149.3,-43.6,True,
124685_2001_SN116,148.4,-79.8,True,
12475_1997_CC20,100.0,-38.1,True,
12477_Haiku,74.9,-52.8,True,
124784_2001_ST254,250.9,-85.2,True,
12478_Suzukiseiji,229.2,-12.0,True,
1247_Memoria,75.4,37.2,True,
12482_Pajka,81.6,21.1,True,
12483_1997_FW1,254.0,-49.5,True,
12485_Jenniferharris,60.0,-82.5,True,
124873_2001_TG35,105.1,-37.8,True,
12487_1997_GJ8,127.9,-4.1,True,
124884_2001_TE41,151.9,60.2,True,
12488_1997_GD15,87.4,-53.4,True,
12494_Doughamilton,302.7,82.0,True,
12498_Dragesco,153.2,68.1,True,
12502_1998_FO68,54.3,-80.3,True,
125072_2001_UG,191.0,-40.7,True,
12513_Niven,132.2,-77.1,True,
125184_2001_US117,108.4,53.4,True,
125222_2001_UW156,295.7,-81.0,True,
125289_2001_VH24,109.0,53.4,True,
1252_Celestia,155.6,38.1,True,
12530_Richardson,201.4,55.2,True,
12532_1998_KW54,115.5,55.5,True,
125338_2001_VP51,128.5,25.8,True,
12534_Janhoet,92.8,21.3,True,
12535_Fazlurahman,282.6,52.8,True,
125368_2001_VD71,138.1,-60.3,True,
12536_1998_MD33,150.2,79.6,True,
12539_Chaikin,77.4,-38.0,True,
1253_Frisia,92.8,36.6,True,
12542_Laver,85.5,36.3,True,
12544_1998_QX9,201.2,-70.0,True,
12546_1998_QJ21,183.9,-28.6,True,
12548_Erinriley,196.4,-39.1,True,
1254_Erfordia,332.8,-44.3,True,
12551_1998_QQ39,122.6,39.4,True,
125540_2001_WO90,154.3,-78.7,True,
125596_2001_XL44,182.8,71.1,True,
12561_Howard,158.8,36.0,True,
12562_Briangrazer,125.4,68.7,True,
12565_Khege,103.7,-22.8,True,
12566_Derichardson,96.7,-53.2,True,
12567_Herreweghe,131.3,-80.7,True,
12570_1998_WV5,147.6,75.9,True,
125732_2001_XN112,86.6,-83.1,True,
125739_2001_XH116,110.6,37.6,True,
12579_Ceva,120.0,-20.6,True,
12580_Antonini,156.4,-81.3,True,
125831_2001_XU176,74.2,52.3,True,
12583_Buckjean,48.9,64.4,True,
12584_Zeljkoandreic,151.6,-55.6,True,
125856_2001_XR188,9.9,86.0,True,
12585_Katschwarz,275.5,67.4,True,
125927_2001_XD238,133.8,-2.5,True,
12604_Lisatate,329.7,-86.1,True,
126082_2001_YH90,166.1,-52.6,True,
1260_Walhalla,233.6,81.6,True,
126137_2001_YJ126,359.8,-40.5,True,
126145_2001_YH132,90.9,-68.4,True,
12618_Cellarius,141.2,-15.2,True,
1261_Legia,247.0,51.4,True,
12621_Alsufi,137.9,81.6,True,
126255_2002_AR71,32.8,27.0,True,
12625_Koopman,155.5,60.4,True,
12635_Hennylamers,150.3,-44.1,True,
126386_2002_BT,42.3,79.9,True,
12638_Fransbruggen,180.6,81.4,True,
1263_Varsavia,61.0,-20.8,True,
126408_2002_BX16,58.6,69.2,True,
12642_Davidjansen,257.8,38.0,True,
126442_2002_CJ15,82.6,-37.7,True,
12644_Robertwielinga,158.2,51.4,True,
12648_Ibarbourou,88.9,-67.3,True,
126492_2002_CQ56,77.3,-79.0,True,
126497_2002_CQ59,91.3,-38.3,True,
12656_Gerdebruijn,260.0,8.1,True,
12658_Peiraios,148.1,80.9,True,
12659_Schlegel,215.4,57.4,True,
1265_Schweikarda,82.6,67.6,True,
12665_Chriscarson,176.2,43.9,True,
12666_Mikeauldridge,36.4,75.6,True,
12667_1979_DF,97.7,67.7,True,
12674_Rybalka,123.5,-49.5,True,
12675_Chabot,121.5,-78.4,True,
126777_2002_EN3,135.4,-31.6,True,
126787_2002_EA19,247.5,-39.2,True,
126826_2002_EL58,92.4,-68.3,True,
126858_2002_EQ78,76.0,22.4,True,
126895_2002_EF105,63.6,50.2,True,
1268_Libya,187.2,-66.4,True,
126912_2002_EQ122,58.0,-68.1,True,
12693_1989_EZ,246.8,-51.4,True,
12696_Camus,215.2,29.6,True,
12698_1989_US4,170.5,-19.2,True,
126_Velleda,340.4,84.5,True,
127029_2002_GB26,80.7,21.0,True,
127043_2002_GW39,240.3,-82.4,True,
12708_Van_Straten,74.0,53.4,True,
127091_2002_GZ78,144.3,-14.2,True,
12711_Tukmit,224.7,-11.0,True,
12713_1991_FY3,152.0,2.5,True,
12714_Alkimos,133.9,-31.1,True,
127172_2002_GF154,262.4,-84.1,True,
1271_Isergina,229.5,-57.1,True,
12724_1991_PZ14,256.0,-37.6,True,
127285_2002_JG70,209.4,-77.5,True,
12729_Berger,146.8,48.4,True,
12730_1991_RU8,147.5,-13.1,True,
12731_1991_RW12,48.7,-81.4,True,
12732_1991_TN,248.0,-22.5,True,
127336_2002_JB115,70.6,50.7,True,
12734_Haruna,244.9,-81.9,True,
127363_2002_JG134,100.5,-23.1,True,
127370_2002_JJ144,167.6,-78.5,True,
12737_1991_VW4,222.2,-41.5,True,
12739_1992_DY7,131.7,-48.5,True,
12740_1992_EX8,50.0,63.7,True,
12742_Delisle,215.9,-31.5,True,
12745_1992_UL2,61.2,-20.8,True,
127473_2002_RX125,110.9,23.0,True,
127493_2002_TU29,97.2,-68.1,True,
127496_2002_TL39,161.5,-55.4,True,
127508_2002_TU216,20.6,83.0,True,
12750_Berthollet,231.2,-27.4,True,
12751_Kamihayashi,44.5,71.0,True,
12752_Kvarnis,257.6,-81.7,True,
12753_Povenmire,193.3,51.5,True,
127540_2002_XQ63,222.7,82.3,True,
12755_Balmer,130.9,-60.8,True,
127564_2003_AX,134.4,28.0,True,
12763_1993_UQ2,235.4,-26.6,True,
127662_2003_DT13,355.3,-65.2,True,
12767_1994_AS,240.4,-53.7,True,
127694_2003_EN20,307.3,-83.0,True,
12773_Lyman,57.3,-50.3,True,
127749_2003_FS16,74.6,53.2,True,
127757_2003_FM28,39.6,-54.2,True,
127817_2003_FK88,132.3,12.9,True,
127825_2003_FR92,94.6,67.2,True,
12783_1995_GV,245.1,-54.5,True,
127930_2003_GX53,58.5,-20.3,True,
127937_2003_HZ1,113.0,22.2,True,
12794_1995_VL,180.5,-41.6,True,
12796_Kamenrider,181.5,67.1,True,
12800_Oobayashiarata,299.0,88.5,True,
12802_Hagino,119.2,55.5,True,
12805_1995_YL23,134.7,59.6,True,
128083_2003_OJ26,125.5,-80.2,True,
12818_Tomhanks,181.4,15.6,True,
12819_Susumutakahasi,186.0,68.9,True,
1281_Jeanne,246.6,67.3,True,
12822_1996_XD1,190.5,65.1,True,
128230_2003_SQ126,131.6,-33.5,True,
12827_1997_AS7,216.3,-30.9,True,
12830_1997_BP1,238.7,77.9,True,
128314_Coraliejackman,109.3,-22.3,True,
128322_2004_EH60,265.1,-82.9,True,
128352_2004_GY37,151.5,-78.6,True,
12836_1997_CA22,118.9,24.5,True,
128388_2004_KD13,166.4,42.1,True,
128394_2004_LG3,295.7,-80.2,True,
1283_Komsomolia,38.9,31.5,True,
12840_Paolaferrari,240.8,-9.1,True,
12842_1997_GQ23,74.2,-52.7,True,
128443_2004_NN16,221.9,-40.8,True,
128586_Jeremias,111.4,69.7,True,
1285_Julietta,77.6,52.5,True,
128602_Careyparish,111.2,22.7,True,
12865_1998_KL55,142.1,-45.8,True,
12866_Yanamadala,241.2,-80.6,True,
128685_2004_RT79,104.9,-64.2,True,
128731_2004_RX151,96.3,51.9,True,
12875_1998_QA2,224.8,32.3,True,
128779_2004_RQ200,132.4,-81.7,True,
12877_Rylangardner,245.1,36.1,True,
128780_2004_RE201,110.7,-37.2,True,
128788_2004_RS214,160.7,70.7,True,
12880_Juliegrady,193.0,48.9,True,
128824_2004_RA308,144.8,31.8,True,
12884_1998_QL34,97.7,-68.3,True,
128850_2004_SO14,120.2,57.1,True,
128854_2004_SL16,7.1,79.3,True,
12886_1998_QG35,236.7,-82.9,True,
128871_2004_SG36,154.9,-25.2,True,
12887_1998_QP35,139.4,14.7,True,
12888_1998_QR42,130.7,-18.2,True,
12889_1998_QW42,142.0,0.1,True,
12890_1998_QG43,161.0,-76.1,True,
128926_2004_TM70,105.1,75.1,True,
128953_2004_TM133,66.6,39.1,True,
128961_2004_TY144,127.6,69.2,True,
12898_Mignard,117.8,-51.5,True,
128999_2004_TB247,89.8,-66.1,True,
1289_Kutaissi,150.8,82.5,True,
129000_2004_TO247,64.9,22.5,True,
12902_1998_RW52,249.2,22.1,True,
12903_Isabellekatz,132.2,27.9,True,
12904_1998_RB65,97.3,-83.3,True,
12905_1998_RJ72,112.5,53.9,True,
12907_Giannanilvo,224.2,75.8,True,
1290_Albertine,207.9,40.3,True,
12911_Goodhue,184.2,77.9,True,
129121_2004_XS123,223.7,3.2,True,
12912_Streator,133.9,-32.6,True,
12913_1998_SR130,96.1,-38.2,True,
12915_Rinoliver,260.3,38.2,True,
12917_1998_TG16,100.2,-23.1,True,
12921_1998_WZ5,132.5,-49.0,True,
129270_2005_QS159,158.3,38.2,True,
12928_Nicolapozio,126.5,57.0,True,
129300_2005_SY151,283.8,-50.5,True,
129310_2005_SC202,54.8,11.2,True,
129358_3105_P_L,165.4,-36.8,True,
12938_Ingakamp,237.7,-23.9,True,
129390_1291_T_2,146.2,31.7,True,
12945_Reynierpeletier,258.6,-86.1,True,
129467_1993_FM47,61.1,8.5,True,
12946_Portegieszwart,140.7,46.6,True,
129500_1995_GW2,262.0,8.9,True,
129554_1996_TC63,5.9,-73.1,True,
129571_1997_GS35,106.8,50.7,True,
1295_Deflotte,55.0,72.7,True,
129614_1998_BB25,13.4,73.5,True,
12961_4262_T_2,136.7,-16.6,True,
129627_1998_HA3,56.2,55.8,True,
129628_1998_HH12,93.4,21.1,True,
129629_1998_HW31,93.0,34.6,True,
129654_1998_QA12,146.4,-44.4,True,
129674_1998_RQ36,95.7,-8.4,True,
129683_1998_RO71,266.5,-81.8,True,
12971_4054_T_3,159.0,-64.0,True,
12974_Halitherses,139.8,42.6,True,
129758_1999_FG44,107.6,-22.5,True,
12975_Efremov,118.5,79.6,True,
129818_1999_NE28,141.7,63.4,True,
129821_1999_ND53,122.0,-35.5,True,
129822_1999_NV53,243.7,-80.6,True,
12985_Mattgarrison,161.9,7.1,True,
12986_Kretke,244.6,66.8,True,
12987_Racalmuto,176.9,-56.8,True,
129883_1999_TO2,3.1,72.9,True,
129893_1999_TW34,157.6,22.2,True,
1298_Nocturna,183.1,30.0,True,
12993_Luisafernanda,85.1,68.0,True,
129951_1999_TV219,240.5,6.4,True,
129991_1999_VL14,140.0,0.2,True,
130114_1999_XS73,104.8,-67.5,True,
130117_1999_XD80,119.4,-77.3,True,
130120_1999_XH84,149.0,3.3,True,
130121_1999_XH86,192.7,5.5,True,
130125_1999_XV105,93.9,82.4,True,
13014_Hasslacher,205.2,74.0,True,
13019_1988_NW,201.8,76.9,True,
13020_1988_PW2,120.7,80.1,True,
13022_1988_RL9,59.3,-5.4,True,
130233_2000_CJ8,23.2,63.8,True,
13023_1988_XT1,272.4,9.0,True,
13025_Zurich,57.8,-20.1,True,
130260_2000_DP38,87.0,-8.6,True,
13029_1989_HA,175.7,47.8,True,
130323_2000_ED169,89.2,66.4,True,
130337_2000_FR29,265.7,52.8,True,
13033_Gardon,252.5,-37.9,True,
13035_1989_UA6,137.0,-62.1,True,
13036_1989_YO3,200.9,-65.2,True,
130379_2000_HO15,106.4,21.5,True,
130396_2000_LD31,119.8,39.5,True,
130425_2000_PF19,86.8,-79.8,True,
13042_1990_QE,77.8,69.2,True,
130441_2000_QQ20,159.8,75.5,True,
130442_2000_QL24,108.7,7.1,True,
130443_2000_QC26,97.4,-53.3,True,
130456_2000_QE63,136.0,-16.8,True,
13049_Butov,261.0,-6.8,True,
130501_2000_QK136,94.0,51.7,True,
130506_2000_QN144,107.7,-52.6,True,
13052_Las_Casas,176.3,-16.4,True,
13054_1990_ST15,269.2,-36.5,True,
13056_1990_VN1,284.4,22.8,True,
130583_2000_RS75,231.6,-37.6,True,
130597_2000_RT93,172.0,40.7,True,
130605_2000_SH14,139.4,68.2,True,
130627_2000_SB53,134.9,-63.2,True,
13062_Podarkes,122.2,57.4,True,
130654_2000_SN94,135.6,27.2,True,
13069_Umbertoeco,346.8,-51.1,True,
1306_Scythia,216.6,45.7,True,
130707_2000_ST179,128.1,-33.4,True,
130734_2000_SW233,34.0,85.1,True,
13078_1991_WD,350.7,81.4,True,
130837_2000_UU47,175.9,-17.1,True,
13085_Borlaug,121.8,54.7,True,
130895_2000_VM28,113.8,-82.4,True,
130896_2000_VY28,234.9,-52.8,True,
13090_1992_PV2,221.0,31.5,True,
130915_2000_WO2,255.6,22.8,True,
130926_2000_WF19,93.6,-68.1,True,
130945_2000_WC55,142.3,47.6,True,
13099_1993_FO7,130.7,75.7,True,
130_Elektra,241.3,-24.4,True,
131029_2000_XV42,21.0,18.1,True,
13102_1993_FU11,223.3,31.6,True,
131044_2000_YB26,153.0,51.1,True,
131049_2000_YP38,139.8,57.2,True,
13106_1993_FV48,230.3,-81.5,True,
131070_2000_YY85,249.9,22.2,True,
13109_Berzelius,151.2,-26.8,True,
1310_Villigera,279.7,8.5,True,
131119_2001_BK4,234.7,74.3,True,
13113_Williamyeats,169.7,-36.7,True,
13114_Isabelgodin,75.4,-22.8,True,
131196_2001_DY17,113.2,53.9,True,
131207_2001_DH43,78.3,6.9,True,
13120_1993_VU7,190.7,36.7,True,
13122_Drava,222.0,-61.9,True,
13125_Tobolsk,11.3,49.7,True,
13128_Aleppo,159.9,23.2,True,
13130_Dylanthomas,100.0,-23.1,True,
131314_2001_FW173,37.8,78.7,True,
13132_Ortelius,250.1,67.5,True,
131337_2001_HP37,308.1,65.2,True,
13133_Jandecleir,223.5,-44.6,True,
13135_1994_QX,228.1,81.7,True,
13137_1994_UT1,144.5,-79.5,True,
1313_Berna,217.0,79.7,True,
131408_2001_MN3,133.5,13.6,True,
131429_2001_OH101,42.1,-78.6,True,
13142_1994_YM2,165.6,39.7,True,
13143_1995_AF,250.4,37.4,True,
131441_2001_QS82,89.1,66.7,True,
131444_2001_QA91,181.4,60.3,True,
13145_Cavezzo,26.8,71.7,True,
13146_Yuriko,163.8,-70.7,True,
13149_Heisenberg,179.7,15.1,True,
131511_2001_TL43,165.3,-47.4,True,
131516_2001_TH117,227.2,63.0,True,
131538_2001_UH123,106.6,-37.4,True,
131540_2001_UX150,107.0,7.6,True,
131555_2001_VS32,163.4,-63.9,True,
131564_2001_VR45,136.1,-16.7,True,
13157_Searfoss,61.9,52.8,True,
1315_Bronislawa,205.3,41.9,True,
131615_2001_XF28,171.5,-75.9,True,
13161_1995_UK6,132.0,70.8,True,
131637_2001_XU72,107.1,69.0,True,
131653_2001_XO106,147.6,16.2,True,
13169_1995_XS1,175.0,73.8,True,
13171_1996_AA,256.3,53.0,True,
131738_2001_YF114,319.2,43.6,True,
13173_1996_AJ2,207.9,-49.1,True,
131747_2001_YJ133,267.1,-87.8,True,
13178_Catalan,139.5,-75.8,True,
1317_Silvretta,71.8,50.4,True,
13180_Fourcroy,95.8,6.4,True,
13188_Okinawa,96.4,-53.2,True,
13190_1997_BN1,99.0,-8.4,True,
131914_2002_BD17,76.7,-53.0,True,
13191_1997_BP3,199.0,8.0,True,
13193_1997_CW,43.2,80.4,True,
13196_Rogerssmith,287.4,37.6,True,
13203_1997_FC5,112.3,-52.1,True,
13208_Fraschetti,93.1,-38.4,True,
132103_2002_CV211,149.7,2.5,True,
132119_2002_CY229,136.0,27.5,True,
132153_2002_CJ307,97.7,-23.3,True,
13215_1997_JT16,198.1,37.9,True,
13221_Nao,175.0,-42.6,True,
132295_2002_GC,33.0,-86.0,True,
13230_1997_VG1,150.0,-87.8,True,
13245_1998_MM19,94.3,67.4,True,
132535_2002_JC67,343.6,33.1,True,
13255_1998_OH14,229.5,33.5,True,
132566_2002_JZ99,119.0,-66.2,True,
13257_Seanntorres,173.2,-47.3,True,
132586_2002_JX121,43.4,-2.9,True,
13262_Ruhiyusuf,188.0,-27.8,True,
132636_2002_LC33,234.8,-78.6,True,
13263_1998_QV22,154.5,19.1,True,
132643_2002_LN40,74.4,-22.7,True,
132699_2002_NY43,76.6,-82.3,True,
132715_2002_OR18,68.0,73.7,True,
13271_Gingerbyrd,95.5,-38.1,True,
132749_2002_PE47,99.0,-8.3,True,
132765_2002_PA81,94.4,-38.4,True,
13282_Sharikahagan,88.8,-8.6,True,
13284_1998_QB52,111.4,23.6,True,
13285_Stephicks,288.9,-80.9,True,
13286_Adamchauvin,251.1,-22.6,True,
13295_1998_RE,221.7,2.3,True,
13297_1998_RX,100.2,-38.0,True,
13298_Namatjira,201.2,23.5,True,
132999_2002_TO269,69.9,-7.9,True,
1329_Eliane,193.6,21.7,True,
133033_2002_YD2,68.9,59.9,True,
13304_1998_RP47,218.9,0.8,True,
133066_Beddingfield,112.7,-6.9,True,
1330_Spiridonia,240.3,-9.7,True,
133120_2003_OO31,127.3,74.6,True,
133157_2003_QQ26,145.9,-13.7,True,
133170_2003_QC42,109.7,54.9,True,
1331_Solvejg,263.9,-83.7,True,
133205_2003_QO64,116.3,55.1,True,
133214_2003_QF74,63.8,65.1,True,
13321_1998_RC80,251.4,22.3,True,
133227_2003_QW94,142.4,-44.8,True,
13322_1998_RH80,199.0,22.1,True,
13323_1998_SQ,107.4,-37.5,True,
133271_2003_SN4,132.5,-79.8,True,
13329_Davidhardy,253.8,83.2,True,
13331_1998_SU52,134.4,70.4,True,
13335_Tobiaswolf,40.8,26.5,True,
13337_Sampath,156.6,-40.1,True,
13338_1998_SK119,101.9,-38.0,True,
133418_2003_SO185,135.4,28.4,True,
13341_Kellysweeney,114.9,76.3,True,
13342_1998_SF127,147.5,1.6,True,
13343_Annietaylor,107.2,-22.5,True,
13345_1998_SW132,165.8,9.7,True,
133497_2003_SE280,277.8,79.0,True,
133498_2003_ST280,94.2,51.5,True,
1334_Lundmarka,230.6,64.1,True,
13350_Gmelin,124.3,40.6,True,
13355_1998_TP17,222.3,31.2,True,
13356_1998_TX17,128.6,43.2,True,
133573_2003_UQ39,165.7,-75.1,True,
133584_2003_UD63,146.6,16.4,True,
133606_2003_US99,134.2,13.9,True,
133616_2003_US116,190.9,-10.0,True,
13362_1998_UQ16,133.2,-64.5,True,
13364_1998_UK20,108.4,-22.4,True,
133682_2003_UR199,95.5,-23.3,True,
133693_2003_UC220,158.9,-40.4,True,
1336_Zeelandia,260.6,-84.6,True,
13370_Juliusbreza,147.0,-75.8,True,
13372_1998_VU6,134.7,13.7,True,
13374_1998_VT10,161.5,82.7,True,
133752_2003_WE23,58.0,38.7,True,
13378_1998_VF35,203.5,78.2,True,
133798_2003_WF135,306.9,-42.7,True,
133804_2003_WO149,148.6,35.9,True,
13380_Yamamohammed,126.4,74.3,True,
13382_1998_XC4,60.5,-5.6,True,
13384_1998_XG79,206.6,73.0,True,
13385_1998_XO79,97.2,21.6,True,
133869_2004_FD45,278.3,-52.1,True,
13386_1998_XG80,209.1,-50.4,True,
13390_Bouska,18.5,-23.8,True,
133914_2004_RE200,97.3,-64.8,True,
133915_2004_RC201,161.8,37.8,True,
133950_2004_TK79,218.1,28.6,True,
13396_Midavaine,255.7,-52.9,True,
1339_Desagneauxa,18.8,7.0,True,
134003_Ingridgalinsky,197.0,-45.8,True,
13400_1999_RC94,223.6,32.0,True,
13405_Dorisbillings,266.4,-36.6,True,
13407_Ikukomakino,242.4,88.6,True,
134117_2004_YS5,304.0,19.8,True,
134138_Laurabayley,104.9,-22.7,True,
134140_2005_AT32,237.6,5.7,True,
13415_Stevenbland,82.9,-83.1,True,
134162_2005_BN5,268.0,-6.4,True,
13417_1999_VH6,135.3,75.3,True,
1341_Edmee,291.6,66.6,True,
134205_2005_ET198,172.1,76.4,True,
13421_Holvorcem,34.1,81.0,True,
134223_2005_WX193,93.5,21.3,True,
134251_2006_AN34,38.0,16.7,True,
13425_Waynebrown,197.2,67.0,True,
134293_2006_DX37,80.0,52.3,True,
134316_9579_P_L,85.1,21.3,True,
134324_1619_T_2,190.2,76.3,True,
13446_Almarkim,268.1,-36.3,True,
13448_Edbryce,116.3,-79.5,True,
134499_1999_BE9,151.2,4.2,True,
1344_Caubeta,187.1,32.5,True,
134504_1999_CL95,241.6,-45.3,True,
134540_1999_RZ91,168.9,-34.4,True,
134541_1999_RD96,121.8,-20.2,True,
134570_1999_RM241,120.7,-5.4,True,
134576_1999_SX15,265.8,48.0,True,
13459_4235_T_1,73.3,-22.6,True,
1345_Potomac,61.6,79.7,True,
134614_1999_TB232,221.8,-14.6,True,
134624_1999_TZ272,107.7,-22.4,True,
134635_1999_UY15,133.6,44.2,True,
134644_1999_VV4,259.7,-81.6,True,
134651_1999_VQ37,173.0,-33.3,True,
13465_1194_T_3,228.4,75.0,True,
134664_1999_VE144,104.8,-67.0,True,
134682_1999_XM27,94.0,85.0,True,
134695_1999_XR82,158.2,73.5,True,
134696_1999_XZ96,111.1,-82.1,True,
1346_Gotha,159.0,-41.0,True,
134710_1999_XR230,123.9,-82.4,True,
134724_2000_AE40,252.1,-82.3,True,
134729_2000_AP92,168.6,-77.6,True,
134810_2000_EB182,282.6,52.8,True,
134848_2000_KE54,69.3,38.9,True,
134908_2000_YM32,194.1,-58.4,True,
13495_1985_RD3,155.1,-41.2,True,
134972_2001_EV24,178.1,-69.0,True,
134984_2001_FU71,192.4,50.6,True,
13499_Steinberg,49.0,86.8,True,
1349_Bechuana,258.9,-52.3,True,
135003_2001_HQ45,123.9,-76.9,True,
13500_Viscardy,234.6,-56.8,True,
135029_2001_MC8,205.8,-80.9,True,
13504_1988_RV12,133.7,-17.4,True,
135081_2001_QY9,73.9,-7.6,True,
135083_2001_QR23,248.9,-85.0,True,
135091_2001_QV62,74.3,-7.7,True,
1350_Rosselia,148.1,-77.3,True,
135126_2001_QX158,102.9,37.2,True,
13512_1989_TH1,233.9,-53.3,True,
135190_2001_RD19,211.8,78.4,True,
1351_Uzbekistania,219.1,-26.7,True,
1352_Wawel,131.2,-48.5,True,
13534_Alain_Fournier,179.1,-73.0,True,
13536_1991_RA15,205.1,40.5,True,
13537_1991_SG,123.8,82.8,True,
13538_1991_ST,186.9,-57.5,True,
1353_Maartje,321.1,-81.4,True,
135414_2001_UP24,275.7,63.8,True,
13541_1991_VP3,150.5,-75.9,True,
13543_Butler,92.6,-78.7,True,
135456_2001_VA51,62.2,-21.0,True,
13556_1992_OY7,341.8,-20.7,True,
135591_2002_GC117,89.2,-23.4,True,
13561_Kudogou,71.8,51.0,True,
135623_2002_JR67,137.9,67.3,True,
13563_1992_UW,223.1,59.7,True,
13568_1992_WL3,143.4,66.5,True,
13569_Oshu,148.8,-72.8,True,
13577_Ukawa,183.7,47.5,True,
13583_Bosret,201.1,23.5,True,
13585_Justinsmith,127.8,-49.2,True,
1358_Gaika,101.5,-68.2,True,
13591_1994_BC1,202.4,-4.8,True,
135927_2002_TH180,230.0,65.3,True,
135963_2002_TK265,111.6,7.6,True,
13596_1994_PD18,121.2,-20.4,True,
136000_2002_VL38,60.5,-35.9,True,
136034_2002_VU117,51.6,9.7,True,
136055_2002_XR36,76.6,49.2,True,
136084_2003_AE66,278.8,-5.5,True,
13609_Lewicki,44.4,-81.0,True,
136108_Haumea,329.6,43.2,True,
13610_Lilienthal,113.5,71.8,True,
13613_1994_UA3,90.2,81.7,True,
13616_1994_XQ4,184.0,-84.3,True,
136173_2003_UU129,173.8,-57.5,True,
136192_2003_UT253,196.7,-77.4,True,
136275_2003_YM113,100.8,-52.4,True,
136308_2004_BK44,113.6,64.4,True,
13630_1995_WO3,194.8,-54.3,True,
136310_2004_BB47,57.7,50.4,True,
136356_2004_CG98,140.6,-60.6,True,
136368_2004_EC15,140.0,-56.5,True,
13637_1995_YO3,208.4,-33.6,True,
1363_Herberta,238.5,81.5,True,
13647_Rey,178.7,14.5,True,
13649_1996_PM4,8.2,81.1,True,
13650_Perimedes,152.3,-27.0,True,
13657_Badinter,173.3,68.7,True,
136642_1995_DF8,111.5,8.3,True,
136652_1995_MB1,156.6,55.1,True,
136653_1995_MU1,56.8,23.2,True,
13665_1997_GK17,138.5,-72.7,True,
13674_Bourge,347.5,85.9,True,
13682_Pressberger,126.5,84.6,True,
1368_Numidia,97.0,-52.1,True,
136901_1998_HT49,43.8,-44.7,True,
13690_Lesleymartin,213.3,42.8,True,
136926_1998_MY,145.5,31.5,True,
13694_1997_WW7,170.7,-34.1,True,
13695_1998_FO52,111.9,37.8,True,
136969_1998_RG41,117.1,-35.6,True,
136973_1998_RM50,98.6,66.9,True,
136_Austria,146.8,76.4,True,
13700_Connors,80.4,68.0,True,
13703_Romero,189.2,-11.2,True,
13704_Aletesi,69.2,70.5,True,
137077_1998_XE4,179.6,-62.2,True,
13708_1998_QU9,300.9,-80.6,True,
13713_1998_QN30,161.8,53.6,True,
137188_1999_JE85,254.5,59.7,True,
13720_1998_QU50,85.0,6.7,True,
137236_1999_RA25,52.6,-47.8,True,
13723_Kolokolova,105.8,66.0,True,
13724_Schwehm,250.9,-7.8,True,
13726_1998_QV89,214.0,28.5,True,
13732_Woodall,266.4,-21.5,True,
137379_1999_TV138,121.3,-64.9,True,
13739_Nancyworden,287.2,-22.9,True,
137404_1999_TT178,245.8,77.0,True,
13741_1998_SH10,92.9,6.6,True,
13744_Rickline,319.1,83.6,True,
137464_1999_TV320,88.6,66.4,True,
137498_1999_VP8,246.0,78.1,True,
13749_1998_SG49,85.2,-38.2,True,
137506_1999_VA22,71.0,-67.2,True,
137515_1999_VC38,25.8,81.5,True,
137524_1999_VM49,130.7,-18.2,True,
13752_Grantstokes,158.8,71.7,True,
13754_1998_SB63,257.6,-49.4,True,
137624_1999_VQ213,124.8,-82.3,True,
13762_1998_SG130,151.5,70.0,True,
13763_1998_SO135,108.5,-52.5,True,
137653_1999_XY,209.9,27.3,True,
137662_1999_XJ16,128.4,65.9,True,
137688_1999_XF59,132.3,-48.4,True,
137699_1999_XE72,335.2,79.0,True,
137703_1999_XE78,10.6,84.9,True,
137715_1999_XA98,223.1,60.2,True,
137716_1999_XG98,120.0,72.3,True,
13771_1998_SG159,246.3,-36.5,True,
13772_Livius,58.0,78.9,True,
137736_1999_XX125,114.1,-82.3,True,
137741_1999_XA135,164.8,77.5,True,
137742_1999_XH136,306.6,50.0,True,
13775_Thebault,226.3,-11.2,True,
13776_1998_UK1,176.4,-16.8,True,
13780_1998_UZ8,92.4,6.5,True,
137826_2000_AX21,153.8,-77.2,True,
13782_1998_UM18,84.9,18.8,True,
13783_1998_UJ20,203.6,40.3,True,
137863_2000_AQ66,203.2,-49.6,True,
13787_Nagaishi,153.5,65.9,True,
137907_2000_AT231,179.7,-61.7,True,
137989_2000_CB62,111.7,61.5,True,
137999_2000_CM80,83.7,-66.3,True,
137_Meliboea,254.7,7.7,True,
138020_2000_CL118,97.9,-23.2,True,
138044_2000_DW24,149.8,78.5,True,
13804_Hrazany,216.8,43.2,True,
13805_1998_XN3,184.9,46.4,True,
13808_Davewilliams,218.0,60.7,True,
13819_1999_SX5,62.0,31.5,True,
1381_Danubia,216.5,69.1,True,
138205_2000_EZ148,163.0,-33.9,True,
138211_2000_EF167,264.6,52.3,True,
138240_2000_FP33,236.3,60.0,True,
138330_2000_GE91,143.7,-62.4,True,
13833_1999_XW13,257.1,37.9,True,
138356_2000_GW121,153.2,52.5,True,
13838_1999_XW26,62.1,-50.7,True,
1383_Limburgia,146.1,46.4,True,
13841_Blankenship,183.5,-59.7,True,
138442_2000_HN103,176.6,-33.7,True,
138452_2000_JO10,181.0,-52.5,True,
138497_2000_KS42,8.3,-87.1,True,
13851_1999_XB94,182.7,47.6,True,
13856_1999_XZ105,232.2,-59.7,True,
138618_2000_QZ209,96.5,-82.4,True,
13862_Elais,99.4,52.3,True,
1386_Storeria,228.7,-12.8,True,
138705_2000_SU90,302.6,7.1,True,
13872_2649_P_L,126.5,59.5,True,
138754_2000_SA272,330.9,11.9,True,
1387_Kama,241.6,51.4,True,
13889_4206_T_1,226.6,79.1,True,
1388_Aphrodite,267.5,-6.1,True,
138925_2001_AU43,291.6,48.1,True,
13899_5036_T_2,217.4,14.8,True,
139003_2001_DE34,122.8,-73.7,True,
139038_2001_ED2,235.1,33.6,True,
139087_2001_FW26,226.5,3.7,True,
139096_2001_FS34,347.8,-86.9,True,
13910_Iranolt,86.2,-66.7,True,
13913_1979_SO,189.3,77.3,True,
13915_Yalow,180.7,-59.1,True,
13918_Tsukinada,235.8,66.0,True,
139206_2001_FE176,233.6,19.2,True,
13924_1986_PE1,193.5,-42.3,True,
13925_1986_QS3,359.6,-66.4,True,
13933_Charleville,110.6,69.7,True,
13935_1989_EE,128.4,-80.5,True,
13936_1989_HC,338.4,79.9,True,
1393_Sofala,165.6,-81.8,True,
139405_2001_OG2,316.2,32.3,True,
139475_2001_OT102,222.6,-54.1,True,
13948_1990_QB6,219.1,-39.4,True,
1394_Algoa,160.8,71.3,True,
139521_2001_PA65,206.8,-64.3,True,
139556_2001_QT67,164.5,41.0,True,
13958_1991_DY,302.2,-57.3,True,
1395_Aribeda,28.0,20.1,True,
13960_1991_GF8,156.3,70.8,True,
139610_2001_QX132,204.2,-72.0,True,
139617_2001_QS137,83.2,-23.3,True,
13962_Delambre,224.4,-43.6,True,
139648_2001_QA172,284.7,-81.1,True,
13964_La_Billardiere,196.0,6.8,True,
139666_2001_QG192,355.9,-65.2,True,
1396_Outeniqua,114.7,-82.9,True,
1397_Umtata,193.4,35.4,True,
13981_1992_OT9,146.7,17.8,True,
139829_2001_RG34,138.9,-63.2,True,
139838_2001_RR39,140.1,64.5,True,
13985_1992_UH3,98.7,-8.2,True,
139860_2001_RC65,110.4,21.9,True,
13986_1992_WA4,182.7,31.0,True,
1398_Donnera,180.3,39.4,True,
140031_2001_SP64,79.7,-85.9,True,
140034_2001_SO66,153.7,59.6,True,
14005_Ferrinmoreiras,174.6,74.9,True,
140069_2001_SO111,96.7,-68.3,True,
140109_2001_SE135,281.4,37.7,True,
140149_2001_SZ162,141.0,44.1,True,
14014_Munchhausen,248.0,-39.0,True,
14016_Steller,218.2,15.0,True,
14021_1994_PL20,179.9,63.1,True,
140245_2001_SM252,40.4,-81.0,True,
140246_2001_SR252,164.5,-56.3,True,
140290_2001_SO290,183.9,1.7,True,
14030_1994_UP1,183.8,74.4,True,
14035_1995_CJ,208.4,-51.6,True,
14036_Yasuhirotoyama,138.0,-62.0,True,
14037_Takakikasahara,101.4,-23.0,True,
140402_2001_TB71,56.3,41.6,True,
14040_Andrejka,176.4,-16.0,True,
140416_2001_TF87,281.8,51.7,True,
140436_2001_TW104,88.9,21.0,True,
140461_2001_TS127,296.9,-20.6,True,
14047_Kohichiro,199.6,-38.7,True,
140544_2001_TH188,84.8,-8.4,True,
140548_2001_TB197,75.2,-68.0,True,
14056_Kainar,1.2,85.0,True,
14061_Nagincox,139.8,79.7,True,
14062_Cremaschini,147.2,-83.1,True,
140638_2001_UB22,303.9,-23.3,True,
14063_1996_DZ,183.4,-43.8,True,
14069_Krasheninnikov,102.2,-23.0,True,
1406_Komppa,232.4,46.5,True,
14073_1996_KO1,119.8,56.1,True,
14076_1996_OO1,127.0,79.1,True,
140799_2001_UG150,115.3,-51.8,True,
140862_2001_VB3,333.2,-31.6,True,
140898_2001_VV37,161.2,-8.0,True,
140923_2001_VX66,78.3,-83.2,True,
140937_2001_VS86,209.0,67.6,True,
140939_2001_VZ89,176.0,59.5,True,
140988_2001_WU16,308.9,18.7,True,
14099_1997_RQ3,206.4,10.9,True,
1409_Isko,31.6,-60.6,True,
14113_1998_QD32,241.9,-55.6,True,
141163_2001_XY128,60.4,-50.2,True,
14119_Johnprince,241.1,66.4,True,
14120_Espenak,209.0,78.9,True,
14124_Kamil,310.3,18.3,True,
14125_1998_QT62,136.5,46.2,True,
14128_1998_QX92,118.7,70.5,True,
14133_1998_RJ17,116.5,39.8,True,
1413_Roucarie,245.0,-39.8,True,
14150_1998_SQ65,145.1,62.8,True,
141600_2002_JA2,279.9,-22.0,True,
141601_2002_JS4,75.3,-63.8,True,
14166_1998_UZ6,270.5,-6.3,True,
14169_1998_UZ24,197.0,77.1,True,
14170_1998_VF6,199.6,22.9,True,
14171_1998_VO6,157.6,19.0,True,
14172_Amanolivere,145.8,30.4,True,
141763_2002_ML1,106.5,22.5,True,
14176_1998_VB28,181.3,-68.0,True,
141804_2002_NJ36,318.0,-80.3,True,
141822_2002_NO53,94.4,66.7,True,
141837_2002_OT16,89.6,-68.1,True,
14186_Virgiliofos,219.7,-44.1,True,
141938_2002_PV95,71.5,-37.1,True,
14193_1998_XZ40,258.0,65.0,True,
14194_1998_XU50,75.1,7.4,True,
14198_1998_XZ73,266.2,79.2,True,
14199_1998_XV77,233.3,33.6,True,
14203_Hocking,209.1,79.0,True,
142042_2002_QS15,179.0,-86.5,True,
142069_2002_QH36,116.8,-6.8,True,
142082_2002_QQ46,103.4,67.1,True,
142115_2002_RC5,160.9,-88.4,True,
142143_2002_RM18,82.1,-23.2,True,
14216_1999_VW1,224.7,-45.7,True,
142170_2002_RP36,55.7,-5.2,True,
142172_2002_RK39,95.6,-68.1,True,
142189_2002_RO49,189.9,-76.7,True,
14218_1999_VS30,88.8,-79.6,True,
1421_Esperanto,294.5,82.3,True,
14220_Alexgibbs,182.2,70.4,True,
142226_2002_RE77,236.2,-83.2,True,
14223_Dolby,127.0,82.1,True,
14226_Hamura,127.9,56.1,True,
14227_1999_XW85,208.7,42.1,True,
14228_1999_XQ88,131.5,43.5,True,
1422_Stromgrenia,221.4,46.6,True,
14230_Mariahines,67.4,54.2,True,
14236_1999_XZ200,190.1,31.1,True,
14237_1999_YU9,245.4,35.9,True,
14241_2000_AO5,214.1,88.5,True,
14242_2000_AE25,83.0,-38.3,True,
142435_2002_SC47,111.5,8.0,True,
14245_2000_AS31,161.9,-7.7,True,
14249_2000_AW57,219.1,73.2,True,
1424_Sundmania,204.3,51.0,True,
142534_2002_TY48,148.4,18.2,True,
142556_2002_TK58,74.2,-37.2,True,
142608_2002_TE126,141.8,76.5,True,
14260_2000_AF119,261.7,-6.2,True,
142611_2002_TT135,293.9,-21.0,True,
142648_2002_TC191,209.5,40.1,True,
14269_2000_AH182,58.2,-20.2,True,
1426_Riviera,100.3,-37.7,True,
14277_Parsa,70.8,-52.5,True,
1427_Ruvuma,210.9,79.7,True,
142806_2002_UJ29,250.9,80.6,True,
14281_2000_CR92,62.2,-6.1,True,
14282_Cruijff,96.8,66.4,True,
14285_2566_P_L,100.3,-38.1,True,
143003_2002_VC102,175.1,-18.1,True,
14301_5205_T_2,227.0,-57.5,True,
14303_1144_T_3,294.4,-21.9,True,
143053_2002_WG3,92.4,-23.4,True,
1430_Somalia,83.8,81.8,True,
14315_Ogawamachi,323.1,80.4,True,
14317_Antonov,196.1,-7.3,True,
143183_2002_XE77,325.0,62.2,True,
14319_1978_US5,115.3,-67.2,True,
14322_Shakura,103.1,-80.3,True,
14329_Michellethompson,231.2,33.9,True,
143303_2003_AF40,25.9,-42.5,True,
14333_Alanfischer,119.7,38.4,True,
143340_2003_AC74,253.7,64.6,True,
14335_Alexosipov,268.5,-82.1,True,
143364_2003_BL6,149.4,82.2,True,
14342_Iglika,101.4,82.7,True,
14343_1984_SM5,67.9,-21.9,True,
143486_2003_CJ15,312.7,58.9,True,
14349_Nikitamikhalkov,201.1,39.2,True,
14354_Kolesnikov,123.7,-82.4,True,
143753_2003_VN8,89.1,21.5,True,
143784_2003_WU74,238.3,-23.3,True,
14380_1989_UC6,306.9,46.8,True,
143913_2003_YF74,122.6,-20.1,True,
14394_1990_SP15,157.4,-25.6,True,
14397_1990_VS4,259.2,-6.9,True,
143_Adria,270.2,82.7,True,
144052_2004_BO30,137.8,28.1,True,
1440_Rostia,131.0,72.6,True,
144135_2004_BE90,239.0,-78.9,True,
14419_1991_RK23,190.6,-71.5,True,
1441_Bolyai,322.1,-27.3,True,
144225_2004_CL37,213.6,74.4,True,
14425_Fujimimachi,260.4,52.4,True,
144265_2004_CH95,272.6,51.2,True,
14429_Coyne,79.6,21.1,True,
144313_2004_DW15,23.2,-25.7,True,
144407_2004_EV8,325.7,62.1,True,
14440_1992_RF5,139.9,-77.7,True,
144419_2004_ER14,167.3,71.9,True,
144420_2004_ET14,325.2,13.9,True,
14442_1992_SR25,262.7,76.8,True,
14443_Sekinenomatsu,72.0,37.8,True,
144473_2004_ED56,159.8,-56.2,True,
1444_Pannonia,202.8,9.5,True,
144561_2004_FK12,199.6,23.4,True,
144658_2004_FF116,63.6,66.3,True,
1446_Sillanpaa,336.4,81.1,True,
144704_2004_GA17,200.9,56.6,True,
14473_1993_TL17,157.3,39.1,True,
14474_1993_TL25,65.3,-50.9,True,
14479_Plekhanov,305.8,80.5,True,
144836_2004_JR28,266.6,-36.1,True,
144866_2004_LX16,123.9,22.8,True,
14488_1994_TF15,184.5,72.1,True,
1448_Lindbladia,199.4,-20.7,True,
14490_1994_US2,135.5,-80.8,True,
144918_2005_BV26,313.8,80.6,True,
14495_Kazuakiwatanabe,100.1,68.9,True,
144978_2005_EY131,126.3,-80.9,True,
14498_Bernini,202.1,-5.9,True,
14501_Tetsuokojima,106.8,-79.3,True,
1450_Raimonda,143.5,88.5,True,
145138_2005_GB163,327.8,61.6,True,
145293_2005_KE,304.0,-11.0,True,
14531_1997_PM2,81.6,6.8,True,
14534_1997_QE2,152.1,75.6,True,
145426_2005_QS48,107.3,-7.5,True,
14544_Ericjones,210.7,79.3,True,
14546_1997_TM18,334.9,-44.7,True,
14548_1997_TJ24,275.9,8.6,True,
14552_1997_UX20,214.2,28.5,True,
14555_Shinohara,262.7,68.0,True,
14561_1997_WC34,199.1,69.4,True,
145656_4788_P_L,97.1,-23.3,True,
14565_1998_EQ10,237.4,49.1,True,
145728_1994_RO,114.4,-6.6,True,
145771_1997_VD2,168.5,77.8,True,
14577_1998_QN93,107.7,69.9,True,
145797_1998_RB23,161.6,36.2,True,
14580_1998_QW101,148.2,66.3,True,
145831_1998_VB57,108.1,7.2,True,
145866_1999_RL55,76.2,66.6,True,
14588_Pharrams,117.7,74.3,True,
14590_1998_RL80,229.5,47.2,True,
1459_Magnya,167.5,65.1,True,
145_Adeona,145.9,33.5,True,
146000_2000_CZ40,221.3,0.3,True,
146058_2000_EA171,316.0,2.5,True,
14609_1998_SW145,259.0,-21.9,True,
146100_2000_PM26,165.1,7.5,True,
14610_1998_SE146,66.7,8.7,True,
146118_2000_RZ2,84.0,36.3,True,
146121_2000_RR18,296.8,-80.6,True,
14612_Irtish,83.0,65.7,True,
146133_2000_RD105,10.6,-74.7,True,
146134_2000_SE1,198.7,-20.1,True,
146192_2000_TK43,76.6,-37.5,True,
14620_1998_UP15,153.6,50.3,True,
14628_1998_VX18,218.8,30.5,True,
14629_1998_VT30,217.7,77.0,True,
1462_Zamenhof,222.2,-58.2,True,
14634_1998_VE37,346.7,-84.0,True,
14635_1998_VO38,207.1,58.9,True,
14645_1998_XR9,179.6,15.2,True,
14646_1998_XO28,140.5,-72.0,True,
14651_1998_YE5,264.0,-6.6,True,
146549_2001_SK287,276.1,-21.1,True,
14658_1999_AC10,325.0,14.0,True,
146597_2001_TA160,212.0,-71.3,True,
1465_Autonoma,236.9,-58.0,True,
146688_2001_VG48,300.1,-82.3,True,
14668_1999_CB67,309.6,32.5,True,
14669_Beletic,175.5,62.3,True,
14672_1999_RO94,202.1,69.8,True,
14673_1999_RK169,61.3,-82.4,True,
14677_1999_XZ,199.8,65.4,True,
1467_Mashona,209.9,24.7,True,
14681_Estellechurch,159.4,65.3,True,
14685_1999_XM172,232.7,81.7,True,
14686_1999_XA174,260.0,-51.1,True,
146870_2002_AT181,41.0,-80.6,True,
146894_2002_CX59,51.2,28.1,True,
14689_2000_AM2,261.2,52.4,True,
14690_2000_AR25,137.8,-45.3,True,
14691_2000_AK119,199.6,8.3,True,
1469_Linzia,82.6,36.8,True,
146_Lucina,225.8,-52.3,True,
14702_Benclark,252.7,67.7,True,
147037_2002_RZ51,77.2,50.8,True,
14707_2000_CC20,136.1,-32.4,True,
147144_2002_TS255,146.5,-71.3,True,
14717_2000_CJ82,204.4,-36.7,True,
1471_Tornio,274.5,-20.5,True,
14722_2000_CK92,335.7,82.4,True,
14723_2000_CB93,276.3,66.2,True,
14725_2000_DC3,149.4,2.6,True,
14728_Schuchardt,147.3,-79.1,True,
14735_2000_DV86,264.2,-82.3,True,
14737_2000_DU99,298.7,-36.7,True,
1473_Ounas,190.6,-11.3,True,
147427_2003_GN44,85.6,-76.2,True,
147449_2003_YQ154,66.3,-36.8,True,
14745_2154_P_L,133.6,13.3,True,
14764_Kilauea,133.5,-33.1,True,
14767_1137_T_1,236.1,34.9,True,
147696_2005_GB37,143.2,-14.5,True,
147703_Madras,78.7,50.9,True,
14776_1282_T_2,94.3,-68.2,True,
1477_Bonsdorffia,323.7,76.3,True,
147816_2005_SU125,116.4,-21.2,True,
147826_2005_SL208,83.1,36.0,True,
147842_2005_TU175,228.4,-86.4,True,
14785_3508_T_3,197.8,23.2,True,
147874_2006_QP39,165.4,-71.7,True,
147886_2006_RJ19,142.6,46.4,True,
14788_5172_T_3,85.1,81.5,True,
1478_Vihuri,72.5,22.9,True,
14791_Atreus,152.3,-26.6,True,
14792_Thyestes,107.3,-7.4,True,
14795_Syoyou,89.1,51.6,True,
147968_1994_TZ7,69.4,-36.8,True,
147_Protogeneia,166.7,69.1,True,
148046_1998_SF70,216.1,14.3,True,
14809_Zoewilbur,212.7,-57.1,True,
148107_1999_RR144,319.1,-79.0,True,
14812_Rosario,110.5,-37.3,True,
14813_1981_QW2,180.8,0.3,True,
14822_1984_SR5,250.8,65.3,True,
14823_1984_ST5,58.5,-65.1,True,
14824_1985_CF2,182.2,-67.6,True,
148280_2000_GG93,273.9,23.4,True,
148314_2000_OH52,94.2,36.6,True,
148321_2000_QV52,76.4,6.9,True,
148328_2000_QQ106,67.5,-36.6,True,
148331_2000_QO125,71.9,7.8,True,
14837_1988_RN2,196.9,82.8,True,
14841_1988_TU,250.7,52.5,True,
148442_2000_XN33,64.4,-21.4,True,
148460_2000_YA112,204.2,24.3,True,
148584_2001_QU333,322.3,-77.5,True,
14859_1989_WU1,123.2,66.3,True,
14860_1989_WD3,219.6,-62.1,True,
14861_1990_DA2,191.9,-10.8,True,
1487_Boda,141.1,-61.4,True,
14881_1991_PK,200.0,23.8,True,
14882_1991_PP11,146.6,34.0,True,
148905_2001_WA90,120.1,83.4,True,
148908_2001_XL1,27.9,4.3,True,
14892_1991_VE5,201.7,88.2,True,
148932_2001_XR92,67.0,-36.5,True,
148938_2001_XB117,141.1,-46.5,True,
14898_1992_JR3,95.6,-8.4,True,
14899_1992_LS,307.4,-84.0,True,
1489_Attila,98.2,-83.3,True,
14901_Hidatakayama,57.0,79.2,True,
14903_1993_DF2,61.3,-5.9,True,
149053_2002_CW12,237.2,-22.3,True,
149135_2002_EX70,23.2,69.6,True,
149166_2002_GL91,92.8,-23.4,True,
14927_Satoshi,108.9,71.4,True,
14934_1995_BP,270.2,-20.6,True,
14938_1995_DN,89.0,66.4,True,
149412_2003_AA74,278.1,-6.7,True,
14941_Tomswift,72.1,7.0,True,
149431_2003_BK52,296.8,-80.7,True,
149445_2003_CQ5,62.6,9.3,True,
149449_2003_CE10,66.9,36.3,True,
14952_1996_CQ,173.5,11.5,True,
149547_2003_JG7,160.1,71.6,True,
14956_1996_DB1,258.5,78.3,True,
149571_2003_YJ52,234.7,-42.5,True,
1495_Helsinki,211.3,-53.9,True,
1496_Turku,237.1,65.2,True,
14973_Rossirosina,175.9,26.9,True,
149772_2004_RN27,97.1,-52.7,True,
14985_1997_UU2,65.4,68.9,True,
1498_Lahti,211.4,44.2,True,
14991_1997_UV14,93.1,-68.0,True,
149922_2005_SF113,200.4,-79.8,True,
149957_2005_TJ72,91.3,-38.1,True,
149969_2005_TE154,76.4,-68.1,True,
14997_1997_VD4,145.7,46.5,True,
149992_2005_UC71,281.9,37.4,True,
149995_2005_UH75,47.6,-33.3,True,
1499_Pori,158.5,70.3,True,
15000_CCD,212.8,-49.8,True,
1500_Jyvaskyla,177.3,75.0,True,
15014_Annagekker,82.3,-53.3,True,
15016_1998_SO1,263.4,8.3,True,
15020_Brandonimber,181.1,-60.9,True,
15024_1998_TB,37.3,80.8,True,
15025_Uwontario,133.1,-47.1,True,
150266_1999_RZ137,47.5,-3.6,True,
150268_1999_RB162,94.1,36.6,True,
150285_1999_TV94,98.4,6.6,True,
15033_1998_VY29,121.1,-20.4,True,
15034_Decines,219.1,0.6,True,
150359_2000_AO229,146.0,1.2,True,
15035_1998_WS3,227.3,17.7,True,
15036_Giovannianselmi,96.2,-38.1,True,
15043_1998_XW9,102.7,37.1,True,
15047_1998_XG49,195.1,77.7,True,
15048_1998_XQ63,208.4,25.5,True,
150536_2000_SG77,99.7,-8.1,True,
15055_1998_YS9,209.4,-49.0,True,
150572_2000_TQ10,262.6,23.3,True,
15059_1998_YL27,220.3,-30.0,True,
15062_1999_AL2,239.2,77.6,True,
15066_1999_AX7,295.0,82.1,True,
15080_1999_CR20,241.4,20.8,True,
150895_2001_SU282,74.0,49.9,True,
1508_Kemi,116.8,-67.1,True,
15091_Howell,242.4,85.4,True,
151036_2001_UE182,201.4,-64.4,True,
15105_2000_BJ4,123.5,-50.7,True,
1510_Charlois,268.0,-36.6,True,
15118_Elizabethsears,231.2,-40.4,True,
1511_Dalera,223.2,74.0,True,
15123_2000_EP36,227.7,-41.6,True,
15127_2000_EN45,275.3,52.7,True,
1512_Oulu,157.7,47.6,True,
151323_2002_CF138,77.1,-8.0,True,
15133_Sullivan,127.8,-47.8,True,
151396_2002_EM86,98.9,-66.4,True,
15141_2000_EP106,279.1,8.5,True,
15146_Halpov,252.0,-81.0,True,
15147_Siegfried,164.4,-85.0,True,
151495_2002_JM69,235.8,-80.1,True,
1514_Ricouxa,211.2,75.8,True,
15159_2000_FN41,314.5,-45.0,True,
15161_2000_FQ48,210.4,-54.3,True,
15164_2000_GA89,233.1,-42.2,True,
151673_2003_AQ5,198.3,69.6,True,
1516_Henry,65.6,64.3,True,
151749_2003_DF18,120.6,-80.0,True,
151775_2003_EV34,64.2,-51.8,True,
1517_Beograd,169.8,-76.4,True,
151827_2003_FX106,51.9,-34.3,True,
15188_3044_T_2,31.9,79.4,True,
1518_Rovaniemi,130.8,-63.8,True,
15191_4234_T_2,289.2,81.2,True,
151958_2004_GR20,279.8,-35.2,True,
15197_4203_T_3,253.7,-53.8,True,
1519_Kajaani,84.5,-23.3,True,
151_Abundantia,137.8,-1.2,True,
15200_1975_SU,148.5,-61.2,True,
15201_1976_UY,283.9,65.1,True,
152052_2004_PC40,34.1,-61.9,True,
152057_2004_PX71,202.0,77.0,True,
15205_1978_VC4,96.6,-68.3,True,
15206_1978_VJ6,107.0,-22.5,True,
152094_2004_RO71,149.3,-28.4,True,
1520_Imatra,225.7,-29.5,True,
15212_Yaroslavl,71.9,86.2,True,
15214_Duart,205.8,-4.4,True,
1521_Seinajoki,274.6,23.4,True,
15224_Penttila,32.2,65.8,True,
15235_1988_DA5,99.3,62.8,True,
1523_Pieksamaki,86.3,-38.4,True,
152409_2005_US323,141.2,-57.2,True,
152434_2005_UV438,122.5,-50.9,True,
152455_2005_VN7,240.5,-79.3,True,
1524_Joensuu,72.8,-52.1,True,
152577_1994_PA10,31.0,-44.0,True,
1525_Savonlinna,75.7,69.1,True,
152646_1997_SM33,126.6,59.0,True,
152647_Rinako,94.9,51.6,True,
15267_Kolyma,306.2,-27.2,True,
152682_1998_KT21,275.6,52.3,True,
152708_1998_SU81,308.8,-82.1,True,
15270_1991_AE2,313.9,-79.4,True,
152762_1999_LS2,73.6,-83.1,True,
152779_1999_RL169,272.9,51.1,True,
15277_1991_PC7,234.0,-85.9,True,
15281_1991_PT16,108.3,-52.5,True,
152856_1999_WF12,130.4,-33.8,True,
152857_1999_XD27,148.0,-76.0,True,
152863_1999_XZ114,110.7,-67.6,True,
152876_2000_AZ82,135.1,58.8,True,
15288_1991_RN27,230.7,18.5,True,
152899_2000_DR17,288.8,-34.3,True,
15290_1991_TF1,283.1,-7.1,True,
15293_1991_VO3,244.2,50.5,True,
152_Atala,319.1,76.1,True,
15300_1992_RV2,236.1,-57.7,True,
15301_Marutesser,90.2,-68.3,True,
153029_2000_OT37,172.4,-69.0,True,
153043_2000_QN25,351.8,-66.1,True,
153044_2000_QG47,109.3,37.4,True,
153105_2000_SZ42,82.9,50.5,True,
15311_Vasterberg,131.3,-47.6,True,
15314_Stenbergwieser,73.1,36.1,True,
15315_Sundin,270.0,67.3,True,
153190_2000_UU89,135.3,-48.2,True,
153224_2000_YR48,146.9,15.7,True,
153225_2000_YH52,136.5,-61.1,True,
15329_Sabena,136.0,57.2,True,
15334_1993_UE,183.1,1.3,True,
153381_2001_QU24,188.4,-77.9,True,
15338_Dufault,63.8,-50.6,True,
1533_Saimaa,76.9,65.5,True,
153400_2001_QB116,130.9,77.4,True,
153409_2001_QG139,316.4,-14.7,True,
15343_Von_Wohlgemuth,254.7,-81.5,True,
15344_1994_PA2,177.3,13.3,True,
153462_2001_RE2,250.7,-38.5,True,
15351_Yamaguchimamoru,281.7,52.7,True,
15355_Maupassant,207.3,53.7,True,
15358_Kintner,228.1,2.7,True,
153590_2001_SY256,90.0,21.4,True,
153615_2001_TM11,69.9,-82.0,True,
153624_2001_TJ36,140.7,-43.6,True,
153637_2001_TS76,126.0,71.3,True,
15364_Kenglover,143.6,-14.4,True,
1536_Pielinen,152.1,82.1,True,
15379_Alefranz,162.8,54.1,True,
1537_Transylvania,218.5,61.6,True,
153885_2001_XN163,96.1,-8.3,True,
153943_2001_YH127,61.2,8.3,True,
154082_2002_CA227,71.8,-51.8,True,
1540_Kevola,341.3,75.6,True,
154123_2002_EA82,33.0,40.1,True,
154152_2002_GX3,100.5,-51.2,True,
154185_2002_GL121,138.8,-15.9,True,
154186_2002_GV121,135.3,-16.9,True,
1541_Estonia,269.0,68.2,True,
15423_1998_QR91,210.8,-62.4,True,
15425_Welzl,164.8,67.3,True,
15428_1998_SV128,75.0,-86.7,True,
154297_2002_TW288,60.3,25.0,True,
15430_1998_UR31,156.9,-74.9,True,
154339_2002_WM,252.7,7.8,True,
154387_2003_AQ11,188.8,72.5,True,
15446_1998_XQ4,68.8,-37.2,True,
154483_2003_EO28,115.8,-51.7,True,
15452_Ibramohammed,218.2,81.3,True,
15457_1998_YN6,227.8,47.6,True,
154591_2003_MF5,216.4,-76.4,True,
15462_Stumegan,105.8,-37.6,True,
15463_1999_AT2,179.0,-47.1,True,
154689_2004_HF2,123.1,-81.1,True,
154704_2004_JT19,117.4,-82.3,True,
154718_2004_LG18,275.2,-31.6,True,
154724_2004_NU,103.8,7.3,True,
15473_1999_BL9,61.8,-51.5,True,
15475_1999_BQ14,335.0,-81.2,True,
154843_2004_RK43,88.5,-38.1,True,
154884_2004_RN148,144.8,-78.2,True,
1548_Palomaa,21.1,68.7,True,
15493_1999_CS105,209.0,26.1,True,
15502_Hypeirochus,331.2,47.7,True,
15503_Estradioto,143.0,60.4,True,
15505_1999_RF56,240.0,81.3,True,
155080_2005_SC130,68.1,8.4,True,
155098_2005_SF214,86.9,-53.3,True,
15509_Annejing,141.6,67.1,True,
15511_1999_TD185,178.0,28.9,True,
15512_Snyder,70.6,6.4,True,
15518_1999_VY153,166.3,-75.3,True,
15520_1999_XK98,203.2,57.2,True,
15521_1999_XH133,105.7,-76.6,True,
15524_1999_XO175,179.6,-13.5,True,
15525_1999_XH176,225.9,-41.4,True,
155269_2005_WC113,31.3,-44.0,True,
15527_1999_YY2,110.9,-52.3,True,
155306_2005_YA75,98.2,-83.3,True,
155325_2006_AG86,150.0,60.5,True,
15532_2000_AP126,211.8,42.4,True,
15533_Saturnino,216.0,58.3,True,
15535_2000_AT177,97.0,-8.3,True,
15536_2000_AG191,253.9,-83.5,True,
155376_1992_RL5,102.8,-53.0,True,
15537_2000_AM199,87.1,-8.8,True,
155388_1994_AR10,105.2,37.1,True,
15539_2000_CN3,71.4,-35.0,True,
155408_1995_YF7,63.1,8.7,True,
15540_2000_CF18,64.6,61.6,True,
15541_2000_CN63,229.4,-10.2,True,
15542_2000_DN3,163.2,-35.5,True,
15545_2000_EK46,146.9,-57.0,True,
15546_Sunyufeng,189.9,76.3,True,
155475_1998_SP131,146.4,32.6,True,
15548_Kalinowski,123.3,-5.3,True,
15549_2000_FN,207.6,-72.1,True,
1554_Yugoslavia,159.1,55.7,True,
155523_1999_TJ36,22.3,-77.0,True,
155554_1999_VW57,111.1,-66.1,True,
155574_1999_XX73,200.4,-21.9,True,
1555_Dejan,203.7,38.2,True,
15560_2000_GR24,322.0,-83.4,True,
155619_2000_EF100,87.6,-23.4,True,
155624_2000_EO180,209.4,53.7,True,
15562_2000_GF48,258.0,-21.0,True,
15563_Remsberg,129.0,-76.6,True,
15565_Benjaminsteele,118.9,53.8,True,
155691_2000_OS22,105.6,-52.8,True,
155700_2000_QE67,127.6,42.1,True,
15570_von_Wolff,197.0,53.2,True,
155718_2000_QT210,60.3,-51.2,True,
155725_2000_RO8,131.1,74.2,True,
155809_2000_VE58,164.3,64.4,True,
155830_2000_XL23,199.9,8.4,True,
15584_Yumaokamoto,109.7,8.1,True,
155858_2001_BT51,139.1,29.8,True,
1558_Jarnefelt,61.8,22.1,True,
155931_2001_PV58,245.0,-80.2,True,
15593_2000_GR93,238.4,50.4,True,
15597_Piotrlazarek,125.4,55.8,True,
1559_Kustaanheimo,61.4,-82.0,True,
156031_2001_RX139,149.4,67.8,True,
15604_Fruits,64.2,-6.1,True,
156051_2001_SL46,318.4,57.5,True,
15607_2000_GA124,253.7,51.5,True,
15610_2000_GY126,76.4,-37.9,True,
156111_2001_SY253,88.4,21.6,True,
15611_Leejoonyoung,122.5,83.2,True,
156164_2001_TC116,145.6,-78.0,True,
15622_Westrich,59.2,54.3,True,
156266_2001_VL35,133.8,27.7,True,
156286_2001_WV13,91.2,-67.9,True,
156289_2001_WF17,131.0,-76.6,True,
156328_2001_XP108,54.2,69.9,True,
15636_2000_JD31,267.5,-21.5,True,
156381_2001_YT71,126.4,-34.3,True,
15638_2000_JA65,56.1,65.7,True,
15643_3540_P_L,226.2,-13.0,True,
1564_Srbija,240.4,-57.4,True,
156558_2002_EV50,60.1,23.2,True,
156600_2002_GK78,283.2,-34.9,True,
156631_Margitan,150.5,18.7,True,
156635_2002_JJ20,131.0,13.0,True,
156658_2002_JM71,247.8,-36.2,True,
15665_4094_T_3,128.3,-3.5,True,
156677_2002_JP127,172.9,-72.6,True,
156747_2002_XH84,229.3,-12.7,True,
15689_1981_UP25,81.9,-68.0,True,
156_Xanthippe,184.6,-29.6,True,
157000_2003_OL11,98.5,-23.2,True,
15700_1987_QD,220.3,-65.7,True,
15705_Hautot,273.3,-51.1,True,
1570_Brunonia,228.1,-58.0,True,
15710_Bocklin,105.0,81.4,True,
15713_1989_SM4,134.3,-32.5,True,
15714_1989_TL15,83.6,-38.3,True,
157180_2004_PH71,75.6,-7.7,True,
157185_2004_PX89,88.3,-68.1,True,
15718_Imokawa,69.8,38.7,True,
157197_2004_QN24,139.4,-15.8,True,
1571_Cesco,230.5,49.2,True,
15721_1990_OV,310.1,-80.4,True,
157253_2004_RD151,125.5,-34.8,True,
1572_Posnania,174.3,-2.5,True,
15730_1990_UA1,208.6,-51.8,True,
157325_2004_TF7,61.3,-20.8,True,
157331_2004_TY19,151.2,70.7,True,
15736_Hamanasu,126.5,82.7,True,
157407_2004_TM250,62.1,50.4,True,
157409_2004_TP262,159.2,-77.7,True,
157432_2004_TM344,136.6,-1.5,True,
1574_Meyer,208.4,-53.4,True,
15759_1992_GM4,254.0,7.5,True,
1575_Winifred,125.9,71.6,True,
15762_Ruhmann,186.2,61.5,True,
157682_2005_YH172,118.9,-36.1,True,
1576_Fabiola,212.4,28.2,True,
15779_Scottroberts,333.2,46.0,True,
15785_de_Villegas,141.4,-80.3,True,
157879_1999_NR53,140.1,-29.7,True,
157882_1999_RV1,59.2,10.2,True,
157884_1999_RV44,71.2,-37.1,True,
157902_1999_TL117,145.5,17.5,True,
157919_1999_UZ38,139.5,28.8,True,
157_Dejanira,314.8,17.1,True,
158039_2000_SP76,283.9,-81.2,True,
15808_Zelter,143.1,61.5,True,
1581_Abanderada,249.1,66.6,True,
158219_2001_SZ136,104.7,-37.7,True,
15826_1994_YO,203.7,-35.4,True,
15827_1995_AO1,331.2,43.3,True,
1582_Martir,322.7,77.7,True,
158320_2001_VW78,144.1,0.5,True,
158345_2001_XE67,205.7,40.9,True,
15834_McBride,181.3,14.3,True,
15835_1995_DY,116.7,68.9,True,
1583_Antilochus,218.6,-79.8,True,
158405_2001_YY130,156.3,4.5,True,
15840_Hiroshiendou,215.9,-60.4,True,
15845_Bambi,124.9,-19.6,True,
158479_2002_DJ8,353.8,59.9,True,
15848_1995_YJ4,320.5,-81.0,True,
15851_Chrisfleming,188.5,-24.5,True,
15852_1996_BR1,187.0,65.1,True,
158532_2002_GL66,49.1,-49.2,True,
158563_2002_JM88,75.5,64.5,True,
15857_Touji,80.0,-68.2,True,
1585_Union,55.6,42.0,True,
15866_1996_KG,135.9,-78.1,True,
1586_Thiele,103.4,84.9,True,
158713_2003_HC5,132.8,70.2,True,
158761_2003_QK102,123.4,-50.7,True,
15877_1996_WZ1,291.5,66.9,True,
1587_Kahrstedt,10.2,72.4,True,
158821_2003_UC202,103.4,70.4,True,
158832_2004_CQ51,248.5,-80.6,True,
1588_Descamisada,30.2,-26.5,True,
158945_2004_RO105,107.6,72.3,True,
158999_2004_SN40,121.5,-51.0,True,
158_Koronis,220.4,45.7,True,
15902_Dostal,162.6,-38.7,True,
15905_Berthier,87.3,66.4,True,
159074_2004_TX204,132.8,-81.7,True,
1590_Tsiolkovskaja,218.5,30.5,True,
15910_Shinkamigoto,137.8,-61.8,True,
15913_Telemachus,102.1,37.3,True,
159176_2005_SY213,145.2,65.9,True,
15917_Rosahavel,236.7,-26.1,True,
15926_1997_VP6,152.1,78.6,True,
159294_2006_BQ30,62.5,22.1,True,
159386_1998_KE58,69.2,64.5,True,
15938_Bohnenblust,221.8,-65.9,True,
159402_1999_AP10,86.7,-66.7,True,
159404_1999_FX34,182.9,16.5,True,
15940_1997_YU13,141.2,44.2,True,
15941_Stevegauthier,292.6,73.7,True,
159425_1999_TY151,116.0,24.3,True,
159441_1999_XZ88,157.9,45.7,True,
1594_Danjon,160.2,86.4,True,
15950_Dallago,278.7,-87.9,True,
159530_2001_FD189,182.1,15.8,True,
15956_1998_BY24,238.9,20.4,True,
159683_2002_JJ148,154.6,-39.8,True,
159710_2002_TQ285,213.7,-68.2,True,
159759_2003_GK,278.4,-81.4,True,
15976_Bhansali,298.5,-80.6,True,
159787_2003_OH19,36.0,-80.3,True,
159790_2003_PU11,102.7,52.9,True,
1597_Laugier,30.7,35.4,True,
15982_1998_VA4,184.6,29.0,True,
159837_2003_UG157,157.7,-40.8,True,
159848_2003_WS153,145.4,34.3,True,
159857_2004_LJ1,60.4,72.9,True,
15985_Bhatnagar,338.1,-84.2,True,
15987_1998_XV10,62.2,-35.7,True,
159889_2004_TR14,354.3,-27.9,True,
15994_1998_YO8,94.1,-68.2,True,
15995_1998_YQ9,97.0,-23.3,True,
15996_1998_YC12,59.1,10.0,True,
15998_1999_AG2,224.7,31.4,True,
160028_1998_ET5,279.2,66.3,True,
16002_Bertin,165.1,-6.3,True,
160057_1999_UZ60,215.7,28.8,True,
160071_2000_CD100,117.5,23.0,True,
160089_2000_OP7,43.1,-79.4,True,
1600_Vyssotsky,122.6,26.3,True,
16011_1999_CM16,263.6,-81.5,True,
160129_2000_XP23,102.2,65.3,True,
160130_2000_XU32,51.3,-65.5,True,
160136_2001_BV10,235.3,19.6,True,
160152_2001_OS54,265.7,51.7,True,
16019_Edwardsu,235.5,-57.7,True,
160204_2002_CT30,148.8,72.4,True,
16020_Tevelde,69.0,-52.3,True,
16021_Caseyvaughn,345.0,-35.7,True,
16024_1999_CT101,92.2,-52.6,True,
160272_2002_TW64,216.6,74.0,True,
16027_1999_DV1,181.4,-64.5,True,
16033_1999_FT32,82.0,87.4,True,
160343_2003_SP139,128.9,-65.5,True,
16034_Prechoudhary,246.4,-8.3,True,
16035_Sasandford,196.6,-24.2,True,
160360_2003_XU12,113.6,65.4,True,
160363_2003_YP107,104.3,-83.1,True,
16037_Sheehan,327.9,79.8,True,
160415_2004_XA78,109.4,-7.2,True,
16044_Kurtbachmann,121.1,39.8,True,
16047_1999_JG10,116.0,-36.5,True,
160480_2006_XE26,163.1,24.1,True,
160553_1998_QQ82,147.1,61.1,True,
160555_1998_RB1,270.1,-81.6,True,
160557_1998_RT18,85.1,-66.6,True,
160559_1998_RS55,91.9,-53.0,True,
160569_1998_VD1,158.4,37.1,True,
16057_1999_JO75,289.1,63.9,True,
16059_Marybuda,164.5,40.8,True,
160605_1999_TT12,153.7,-78.8,True,
16062_Buncher,202.8,83.4,True,
160663_1999_XK259,274.8,38.0,True,
160664_2000_AE3,226.3,58.4,True,
16066_Richardbressler,220.4,31.2,True,
160681_2000_DR23,86.0,67.0,True,
1606_Jekhovsky,143.1,48.1,True,
160713_2000_QQ96,78.2,-8.1,True,
16074_Georgekaplan,129.1,-18.6,True,
16076_Barryhaase,124.0,79.0,True,
160781_2000_SK277,85.7,66.1,True,
16080_Danielfeng,146.5,-80.0,True,
160817_2000_WK72,239.9,-40.3,True,
16081_1999_SR15,109.7,-64.1,True,
16085_Laffan,75.7,-37.8,True,
16093_1999_TQ180,72.9,53.0,True,
16095_Lorenball,238.4,-57.1,True,
160984_2002_CQ104,101.0,-68.1,True,
16103_Lorsolomon,101.0,-81.8,True,
161047_2002_JK1,349.9,-86.1,True,
16106_Carmagnola,240.2,-38.9,True,
16107_Chanmugam,74.2,-37.7,True,
161094_2002_PS45,269.0,-20.3,True,
16116_Balakrishnan,89.0,-53.4,True,
16117_Herbst,90.2,6.5,True,
1611_Beyer,117.0,8.4,True,
161280_2003_GP4,134.8,-77.6,True,
16128_Kirfrieda,97.9,-53.3,True,
16130_Giovine,207.1,26.1,True,
161332_2003_QX93,268.8,37.9,True,
161336_2003_RQ1,209.1,27.3,True,
161354_2003_SH149,58.4,-66.2,True,
161388_2003_UH62,155.1,-58.5,True,
16139_1999_XO120,123.6,-35.0,True,
161404_2003_UD190,108.2,22.7,True,
161406_2003_UJ202,162.7,40.0,True,
16141_1999_XT127,261.8,-36.8,True,
161423_2003_WE26,91.2,36.4,True,
161426_2003_WN42,148.3,-41.8,True,
161429_2003_WY72,83.5,-67.0,True,
16146_1999_XW170,292.0,-80.7,True,
1614_Goldschmidt,63.7,54.7,True,
16151_1999_XF230,130.4,-81.9,True,
16152_1999_YN12,142.0,-45.3,True,
161537_2004_VA24,91.9,-68.2,True,
161538_2004_VP26,86.2,-53.4,True,
16153_2000_AB,118.5,25.0,True,
161549_2004_XN49,260.3,-81.6,True,
161551_2004_XO72,161.8,-51.2,True,
16155_Buddy,224.2,-79.6,True,
16156_2000_AP39,185.4,55.5,True,
16157_Toastmasters,61.8,70.6,True,
16158_Monty,252.4,22.5,True,
16159_2000_AK62,207.8,25.5,True,
1615_Bardwell,82.5,81.7,True,
16163_Suhanli,113.7,67.8,True,
16169_Janapaty,133.2,88.4,True,
161746_2006_SF267,310.9,-39.4,True,
161768_2006_TA64,50.8,37.6,True,
16176_2000_AZ126,303.3,-78.4,True,
161791_2006_UM261,73.4,-8.0,True,
1617_Alschmitt,34.1,-29.4,True,
16186_Helenajiang,70.4,38.7,True,
16187_2000_AP164,238.6,82.6,True,
16191_Rubyroe,152.2,79.9,True,
16194_Roderick,118.1,-36.2,True,
16195_2000_AQ236,220.4,45.0,True,
16197_Bluepeter,198.0,37.8,True,
1619_Ueta,271.5,38.3,True,
161_Athor,311.5,80.4,True,
16204_2000_CT33,66.1,-6.7,True,
16206_2000_CL39,96.9,-78.0,True,
162073_1997_UK18,132.9,43.7,True,
162098_1998_QQ34,82.2,-80.5,True,
16209_Sterner,173.9,42.8,True,
1620_Geographos,43.3,78.2,True,
162113_1998_RE80,136.1,59.0,True,
162115_1998_SP10,124.6,-65.9,True,
162118_1998_SP19,43.0,26.1,True,
162129_1998_SZ91,88.3,-76.2,True,
162147_1998_XV56,172.6,-3.2,True,
162149_1998_YQ11,182.3,43.4,True,
162158_Merrillhess,79.8,-82.3,True,
16215_Venkatraman,104.0,-83.2,True,
16216_2000_DR4,266.2,52.8,True,
162172_1999_GQ58,261.5,23.2,True,
1622_Chacornac,250.0,51.1,True,
162300_1999_VY180,128.6,43.2,True,
162338_1999_XT129,112.9,-36.8,True,
162356_1999_YA6,22.0,73.6,True,
162357_1999_YA7,225.0,-38.9,True,
16235_2000_FF46,137.4,30.9,True,
162383_2000_BN2,233.5,-20.3,True,
1623_Vivian,138.6,29.8,True,
16240_2000_GJ115,222.2,-28.7,True,
162415_2000_EY2,119.4,-51.3,True,
162455_2000_HL28,252.7,-54.1,True,
162457_2000_HO35,298.1,51.5,True,
162499_2000_QZ33,117.8,-63.7,True,
1624_Rabe,63.3,-65.8,True,
162528_2000_QT134,55.0,-5.1,True,
16252_Franfrost,218.3,61.1,True,
162545_2000_QR205,85.7,-53.3,True,
162586_2000_SE31,119.4,40.5,True,
16258_Willhayes,200.2,-19.4,True,
162591_2000_SF40,155.0,-77.1,True,
162592_2000_SO43,70.7,66.7,True,
162607_2000_SV80,118.8,54.7,True,
162623_2000_SH119,95.8,36.6,True,
16266_Johconnell,136.8,-1.1,True,
162709_2000_UE71,76.9,21.3,True,
162753_2000_WO55,180.6,-67.5,True,
16277_Mallada,247.9,-36.5,True,
1627_Ivar,201.2,-55.6,True,
162824_2001_BK60,162.9,56.3,True,
162843_2001_DN13,273.1,52.3,True,
16285_3047_P_L,268.4,-6.6,True,
162861_2001_DY103,80.3,4.3,True,
162895_2001_HR4,195.7,-60.4,True,
1628_Strobel,7.8,-73.5,True,
1629_Pecker,170.1,11.8,True,
162_Laurentia,184.8,58.4,True,
16303_6639_P_L,199.5,-7.0,True,
163103_2002_AP126,79.0,65.9,True,
163269_2002_GX84,117.2,24.7,True,
16326_2052_T_2,103.6,-22.9,True,
1632_Siebohme,288.1,-86.6,True,
163367_2002_PP,100.3,37.1,True,
163380_2002_PN86,117.1,39.2,True,
163384_2002_PV125,132.0,-79.1,True,
163395_2002_QJ42,97.8,6.7,True,
163400_2002_QK74,76.8,-22.9,True,
16340_2110_T_3,48.4,68.0,True,
16343_2326_T_3,112.8,-51.2,True,
163472_2002_RB186,212.6,44.4,True,
163581_2002_TA183,213.8,27.6,True,
16358_Plesetsk,264.1,37.7,True,
16361_1979_MS1,270.6,-86.6,True,
16365_1979_MK5,67.2,23.6,True,
16367_Astronomiasvecia,84.0,-83.3,True,
163696_2003_EB50,231.5,76.8,True,
16369_1981_DJ,244.0,66.6,True,
163703_2003_FY82,81.5,-23.2,True,
16375_1981_EM10,293.0,7.3,True,
163814_2003_RB2,15.8,55.9,True,
16387_1981_EB37,160.3,80.8,True,
163942_2003_UN,192.1,37.2,True,
163967_2003_UV88,95.6,51.7,True,
16396_1981_UN22,175.9,60.2,True,
1639_Bower,80.6,-38.2,True,
164011_2003_UX194,184.7,-61.9,True,
16401_1984_SV5,90.6,-68.2,True,
16402_Olgapopova,285.8,37.7,True,
16408_1986_AB,10.1,63.8,True,
164093_2003_WF142,169.3,76.6,True,
1640_Nemo,260.9,77.4,True,
164106_2003_XQ10,79.3,64.4,True,
16412_1986_WZ,102.7,-66.8,True,
16413_Abulghazi,172.3,39.9,True,
16415_1987_QE7,81.2,6.8,True,
164185_2004_BD69,53.4,-32.8,True,
1641_Tana,225.6,-55.5,True,
1642_Hill,261.1,67.1,True,
16430_1988_VB1,120.7,-77.4,True,
16439_Yamehoshinokawa,76.5,-52.9,True,
16444_Godefroy,258.0,-21.7,True,
164451_2006_DW60,81.6,-23.2,True,
16445_Klimt,146.5,-13.5,True,
164466_2006_DS156,303.1,5.5,True,
16447_Vauban,236.0,-57.7,True,
1644_Rafita,274.7,-51.1,True,
16457_1989_VF,161.0,-50.2,True,
1645_Waterfield,267.4,38.4,True,
16460_1989_YF1,191.4,47.0,True,
16463_Nayoro,178.8,-65.9,True,
164686_1997_MW5,48.2,-80.4,True,
16471_1990_OR3,238.5,-54.1,True,
164724_1998_QM78,162.4,-7.5,True,
164726_1998_QE107,229.5,-44.8,True,
16473_1990_QF2,57.5,85.6,True,
164760_1998_WX2,163.1,-52.0,True,
164770_1999_BN18,100.0,21.9,True,
16479_Paulze,104.9,-67.9,True,
1647_Menelaus,98.7,-79.9,True,
16481_Thames,210.1,42.8,True,
16484_1990_QJ9,187.6,47.2,True,
164853_1999_TQ198,37.2,77.4,True,
16485_1990_RG2,239.4,51.1,True,
16490_1990_ST2,168.9,-19.6,True,
16496_1990_SS8,95.5,67.7,True,
16498_Passau,82.4,67.6,True,
16502_1990_SB14,153.4,62.6,True,
16504_1990_TR5,155.1,74.5,True,
165072_2000_FB27,83.4,67.8,True,
16508_1990_UB3,182.8,30.3,True,
16516_Efremlevitan,258.0,-81.6,True,
165187_2000_QY215,177.1,-15.9,True,
16518_Akihikoito,242.6,-9.0,True,
1651_Behrens,197.3,-83.2,True,
165221_2000_SP44,323.0,-81.8,True,
16528_Terakado,187.3,-25.8,True,
1652_Herge,116.7,-77.6,True,
16531_1991_GO8,79.1,67.2,True,
165373_2000_WV111,75.6,64.8,True,
165415_2000_YK35,157.4,21.0,True,
16542_1991_PK31,237.9,-38.2,True,
16544_Hochlehnert,195.4,53.7,True,
16545_1991_RN4,210.3,43.7,True,
16546_1991_RP5,119.6,9.8,True,
165473_2001_AX37,51.8,-32.9,True,
1654_Bojeva,261.6,78.1,True,
16552_Sawamura,71.6,-37.5,True,
16555_Nagaomasami,167.0,-72.9,True,
165662_2001_MS29,58.5,25.8,True,
16566_1992_CZ2,102.0,-8.2,True,
16567_1992_CQ3,160.0,20.9,True,
16578_Essjayess,55.7,52.3,True,
16579_1992_GO,198.9,57.1,True,
16580_1992_HA,83.2,65.8,True,
16587_Nagamori,222.1,-80.6,True,
16588_Johngee,19.7,70.7,True,
16590_Brunowalter,214.2,-77.2,True,
165928_2001_TS196,139.0,-15.9,True,
165929_2001_TC211,326.6,13.4,True,
16593_1992_UB3,175.1,75.8,True,
1659_Punkaharju,277.0,-35.8,True,
165_Loreley,50.0,-77.6,True,
16601_1993_FQ1,100.3,78.8,True,
16603_1993_FG6,135.3,-47.0,True,
16604_1993_FQ10,111.0,38.2,True,
166054_2002_CX48,160.3,52.0,True,
1661_Granule,198.7,68.8,True,
16624_Hoshizawa,186.4,65.3,True,
16626_Thumper,230.7,18.5,True,
16628_1993_KF,23.6,31.4,True,
166392_2002_ND13,46.6,53.4,True,
166418_2002_OP18,97.1,51.8,True,
166423_2002_PZ1,97.6,-37.9,True,
166446_2002_PF58,250.6,-38.6,True,
16644_Otemaedaigaku,121.4,-82.4,True,
166450_2002_PP72,139.4,64.8,True,
166451_2002_PT72,173.9,-70.0,True,
16645_Aldalara,268.4,-82.7,True,
1664_Felix,212.7,-30.2,True,
166502_2002_QO19,133.8,-17.4,True,
166509_2002_QO35,195.5,55.0,True,
16650_Sakushingakuin,106.2,-81.7,True,
16651_1993_TS11,173.6,-17.0,True,
166532_2002_RN11,34.0,-80.2,True,
166553_2002_RL86,84.8,-37.9,True,
166589_2002_RG165,132.9,-17.6,True,
16663_1993_VG4,219.8,-65.3,True,
166651_2002_TK16,148.9,17.5,True,
166665_2002_TB56,98.6,21.7,True,
166685_2002_TB119,137.5,-2.0,True,
1666_van_Gent,177.5,72.2,True,
16675_Torii,191.1,4.8,True,
16676_Tinne,63.8,-36.3,True,
16681_1994_EV7,70.9,-37.1,True,
166908_2003_AH82,271.5,-20.4,True,
16690_Fabritius,257.5,-22.2,True,
16691_1994_VS,235.6,-10.7,True,
16696_Villamayor,274.6,82.8,True,
16699_1995_DC,63.9,-35.9,True,
16700_Seiwa,187.6,-25.8,True,
167134_2003_SF167,239.5,48.5,True,
16714_Arndt,78.2,66.4,True,
16721_1995_WF3,159.3,67.0,True,
16722_1995_WG7,306.2,47.3,True,
16725_Toudono,246.6,7.8,True,
167333_2003_UM280,187.7,-43.1,True,
16735_1996_JJ,175.9,-68.6,True,
16740_Kipthorne,101.9,-23.0,True,
167414_2003_WA134,172.9,-31.7,True,
167453_2003_XB25,276.9,37.7,True,
16745_Zappa,224.8,78.0,True,
16749_Vospini,161.9,-76.3,True,
1674_Groeneveld,124.2,56.6,True,
167523_2003_YX147,123.3,41.7,True,
16756_Keuskamp,232.1,-82.1,True,
167655_2004_ED4,315.5,3.0,True,
16766_Righi,217.9,-48.5,True,
16767_1996_US,90.5,-53.2,True,
167691_2004_QG9,80.8,36.2,True,
167693_2004_QJ20,104.9,51.9,True,
1676_Kariba,219.1,-56.2,True,
16771_1996_UQ3,299.7,48.3,True,
167721_2004_TY344,131.9,69.0,True,
167734_2004_XR13,294.3,-83.8,True,
16773_1996_VO1,105.3,-83.5,True,
16774_1996_VP1,197.0,79.1,True,
16784_1996_YD2,197.3,-79.3,True,
16789_1997_AU3,74.6,22.1,True,
167951_2005_EK219,285.7,37.2,True,
16798_1997_EL50,263.0,77.6,True,
167_Urda,106.9,-83.1,True,
168045_2005_YX214,112.3,-67.4,True,
168049_2006_BH41,263.4,8.3,True,
16808_1997_TV26,255.4,67.2,True,
1680_Per_Brahe,169.4,56.3,True,
168168_2006_HD69,93.7,-23.4,True,
16818_1997_UL24,50.7,44.4,True,
16820_1997_VA3,162.9,51.2,True,
16828_1997_WR2,170.3,10.8,True,
168316_1982_WD,162.5,-39.0,True,
16832_1997_WR21,212.7,59.0,True,
168334_1994_PQ1,165.2,-39.1,True,
1683_Castafiore,270.5,37.9,True,
16840_1997_WT44,175.3,43.5,True,
16845_1997_XA9,209.3,-33.5,True,
16852_Nuredduna,236.8,-41.1,True,
16854_1997_YL3,143.9,65.6,True,
168565_1999_XL86,169.6,-36.5,True,
16858_1997_YG10,99.4,-53.2,True,
16863_1997_YJ16,83.0,-52.0,True,
16870_1998_BB,122.7,71.1,True,
16871_1998_BD,232.2,-10.2,True,
168794_2000_SV63,81.7,-82.7,True,
1687_Glarona,99.6,-68.2,True,
168815_2000_ST220,50.0,10.5,True,
16888_Michaelbarber,130.6,44.3,True,
1688_Wilkens,191.4,36.4,True,
168901_2000_WJ164,104.9,35.4,True,
168910_2000_XC52,0.8,-83.4,True,
168937_2000_YU95,23.5,60.0,True,
168941_2000_YO111,173.3,-18.4,True,
16894_1998_DP9,32.9,-26.9,True,
168967_2001_BB43,196.2,61.6,True,
16898_1998_DJ10,180.7,70.8,True,
16900_Lozere,64.8,-51.0,True,
169047_2001_FK59,99.6,37.0,True,
16907_1998_DS29,38.2,0.6,True,
16909_Miladejager,253.9,37.5,True,
169110_2001_OF34,179.7,28.5,True,
16924_1998_FL61,112.5,-51.1,True,
1692_Subbotina,177.5,80.2,True,
16935_1998_FX111,352.5,-77.6,True,
16944_Wangler,268.3,77.9,True,
16954_Annikamorgan,19.4,73.0,True,
1695_Walbeck,131.4,43.7,True,
16963_1998_RE2,64.7,67.8,True,
16965_1998_RX79,296.6,6.8,True,
16968_1998_TT5,162.8,68.2,True,
16969_Helamuda,126.1,-82.3,True,
16970_1998_VV2,331.7,-79.4,True,
16973_Gaspari,174.0,40.7,True,
169741_2002_OK6,75.5,-80.5,True,
16974_Iphthime,125.0,8.8,True,
169758_2002_PF34,27.1,45.3,True,
169777_2002_PU102,75.8,51.0,True,
169781_2002_PG121,207.9,11.5,True,
169851_2002_RL34,135.9,-16.8,True,
16986_Archivestef,61.6,-20.9,True,
169883_2002_RL151,187.3,70.6,True,
169892_2002_RL173,51.7,-18.8,True,
1698_Christophe,96.4,-83.3,True,
16993_1999_CC10,104.5,-52.6,True,
16995_1999_CX14,141.3,42.5,True,
16996_Dahir,139.6,-58.4,True,
169973_2002_TK172,139.4,-79.6,True,
169979_2002_TP192,324.4,-14.2,True,
1699_Honkasalo,239.7,65.9,True,
169_Zelia,105.0,-78.4,True,
170003_2002_TT286,76.9,-37.1,True,
17000_Medvedev,256.2,-51.5,True,
170044_2002_VA43,137.9,-47.4,True,
17009_Jasonping,102.4,-37.7,True,
1700_Zvezdara,264.3,-51.5,True,
17011_1999_CC80,291.7,80.5,True,
170178_2003_MR2,99.8,66.2,True,
17018_1999_DB1,172.4,-48.7,True,
170229_2003_QC20,141.5,-79.7,True,
17025_Pilachowski,128.3,-47.8,True,
170265_2003_QH66,66.1,-67.1,True,
17032_Edlu,232.9,-55.2,True,
17034_Vasylshev,100.1,-53.2,True,
17036_Krugly,127.6,-80.4,True,
17037_Danfleisch,134.8,-71.2,True,
170418_2003_UC56,122.2,-82.5,True,
170456_2003_UF184,102.4,-83.2,True,
170475_2003_UV252,156.7,22.4,True,
17051_Oflynn,134.7,-81.5,True,
17054_1999_GL2,199.5,38.6,True,
170582_2003_XN19,199.8,-38.5,True,
170627_2003_YV62,213.0,-15.5,True,
170640_2003_YO92,157.9,-74.8,True,
170659_2003_YL135,108.5,-7.2,True,
170665_2003_YU147,91.7,21.2,True,
170735_2004_BO92,183.3,72.0,True,
17073_Alexblank,149.8,-12.3,True,
17075_Pankonin,127.6,-81.0,True,
17081_Jaytee,57.1,10.1,True,
17083_1999_JB4,165.7,66.3,True,
170912_2004_XG102,139.9,-30.4,True,
17094_Sarahsyed,92.0,-81.6,True,
17099_Emilytianshi,238.8,-9.0,True,
1709_Ukraina,305.1,82.3,True,
170_Maria,322.9,60.9,True,
17105_1999_JC47,149.8,46.6,True,
17107_1999_JJ51,175.9,43.7,True,
171195_Richardgreen,74.5,-67.7,True,
17120_1999_JP60,202.8,-35.5,True,
17128_Stephyoshida,68.2,7.1,True,
17130_Alexzhang,254.2,-37.3,True,
171326_2006_JA1,324.8,14.0,True,
17133_1999_JC81,142.0,16.3,True,
171400_2006_QZ98,69.5,-83.0,True,
17141_Bhatia,168.8,27.2,True,
171458_Pepaprats,74.1,-52.7,True,
17146_1999_JB102,220.3,-77.6,True,
17147_Mariafields,183.2,47.6,True,
171492_1996_VK1,304.7,-81.0,True,
17151_Zanderhill,205.0,10.4,True,
171528_1999_JH28,131.5,77.1,True,
17152_1999_JA118,261.2,-6.8,True,
171535_1999_RZ11,72.6,-52.0,True,
171537_1999_RZ65,271.5,-82.2,True,
171549_1999_RE209,55.1,-66.1,True,
17157_1999_KP6,102.8,52.9,True,
1715_Salli,358.5,-88.8,True,
17163_Vasifedoseev,205.1,-63.3,True,
171641_2000_EE134,262.6,-35.2,True,
171642_2000_EK157,176.8,-1.4,True,
171669_2000_OM54,43.4,-64.1,True,
17169_Tatarinov,199.3,38.3,True,
171729_2000_WE31,159.0,-81.5,True,
17172_1999_NZ41,31.4,-44.1,True,
17174_Krivitsky,118.9,9.8,True,
17175_1999_SS3,77.9,36.2,True,
171790_2001_CP14,108.0,-22.4,True,
17179_Codina,298.7,80.7,True,
17180_Rupertli,249.8,52.2,True,
171811_2001_DE87,329.0,72.6,True,
17183_1999_VO2,238.7,-20.9,True,
171847_2001_KK45,223.6,2.7,True,
17184_Carlrogers,200.2,83.8,True,
17189_1999_WU3,182.7,-14.4,True,
171_Ophelia,286.4,83.1,True,
17205_McCreery,350.6,88.6,True,
17206_2000_AJ125,137.2,-32.1,True,
172071_2002_AP74,75.3,22.5,True,
17208_Pokrovska,175.8,-16.4,True,
1720_Niels,159.0,21.4,True,
17211_Brianfisher,99.1,67.5,True,
172178_2002_PU43,68.2,-63.8,True,
17219_Gianninoto,218.2,46.5,True,
1721_Wells,219.8,29.6,True,
17221_2000_CZ28,213.8,-17.7,True,
17227_2000_CW80,113.4,-83.0,True,
172359_2002_XE16,217.3,28.8,True,
172425_Taliajacobi,100.4,51.7,True,
172428_2003_PX9,100.4,21.2,True,
172429_2003_QN1,281.7,-81.3,True,
172450_2003_QR78,167.9,77.2,True,
172469_2003_SF45,125.9,-85.9,True,
172489_2003_SV138,183.1,46.9,True,
17248_Ellieyang,262.9,-51.8,True,
172498_2003_SB169,168.4,55.4,True,
1724_Vladimir,204.7,77.4,True,
17251_Vondracek,197.8,-81.8,True,
172528_2003_TL13,65.3,24.2,True,
172544_2003_UX52,132.4,10.8,True,
17255_2000_GS163,94.3,65.7,True,
17256_2000_HZ22,241.9,5.7,True,
17259_2000_JE1,284.0,-37.3,True,
1725_CrAO,267.9,8.4,True,
17260_Kusnirak,143.5,47.0,True,
172627_2003_XP10,206.1,-57.2,True,
17266_2000_KT6,64.1,67.9,True,
17272_2000_LU4,151.6,36.8,True,
17273_Karnik,61.7,39.5,True,
17282_2000_LS34,139.4,-44.3,True,
17288_2000_NZ10,100.3,-52.6,True,
17292_2656_P_L,104.9,-68.0,True,
17294_2787_P_L,60.7,55.2,True,
17296_3541_P_L,208.3,72.5,True,
1729_Beryl,266.8,-36.5,True,
17302_4610_P_L,159.7,-8.6,True,
173082_2006_UT265,64.9,-51.6,True,
17309_6528_P_L,177.1,-32.1,True,
173164_1996_XZ18,266.0,-83.8,True,
17319_3078_T_1,85.1,21.7,True,
17322_3274_T_1,32.5,-61.8,True,
173260_1999_RS141,1.1,-83.1,True,
17328_1176_T_2,164.6,65.1,True,
17330_1358_T_2,106.2,-67.7,True,
173321_1999_VQ95,123.4,-50.3,True,
173329_1999_VF186,78.2,-83.0,True,
1733_Silke,153.7,-58.1,True,
173409_2000_EV21,10.1,79.2,True,
17340_4096_T_2,68.5,-22.0,True,
173443_2000_KE81,276.0,9.3,True,
17344_1120_T_3,263.2,-51.9,True,
17348_4166_T_3,152.3,-59.0,True,
1734_Zhongolovich,179.6,31.6,True,
17352_1975_SG1,112.1,-67.5,True,
173540_2000_WG132,240.1,-37.6,True,
173581_2001_CB7,108.7,-7.5,True,
1735_ITA,47.2,-79.7,True,
1736_Floirac,261.8,-51.9,True,
17371_1981_DT,57.7,-35.1,True,
17377_1981_EF5,110.3,-64.6,True,
17379_1981_ED8,58.1,-81.6,True,
1737_Severny,273.5,23.4,True,
17382_1981_EH11,70.6,-52.0,True,
17387_1981_EV23,107.8,22.5,True,
1738_Oosterhoff,194.0,-65.1,True,
1739_Meyermann,140.5,45.3,True,
17404_1986_TZ3,148.3,-43.2,True,
1740_Paavo_Nurmi,225.1,47.1,True,
174177_2002_PH116,205.1,25.2,True,
1741_Giclas,68.1,-7.1,True,
17425_1989_AM3,69.6,8.2,True,
17427_Poe,189.4,-11.9,True,
17432_1989_SR,197.8,39.3,True,
17433_1989_SV2,153.2,-77.4,True,
17437_Stekene,43.7,-47.7,True,
174401_2002_VJ62,1.0,-50.6,True,
17444_1989_VQ1,188.9,52.0,True,
17449_1990_OD5,152.0,78.7,True,
17452_Amurreka,122.5,-62.7,True,
174574_2003_OW22,72.9,-65.2,True,
174580_2003_QR18,77.0,36.8,True,
174582_2003_QC25,72.9,-52.7,True,
17458_Dick,108.7,-82.3,True,
174603_2003_QN111,244.6,-48.1,True,
174613_2003_SH41,115.4,-82.8,True,
17461_Shigosenger,70.7,-82.6,True,
17462_Takahisa,169.4,-73.1,True,
174651_2003_SJ189,103.3,-67.5,True,
17465_Inawashiroko,162.2,-22.8,True,
174671_2003_SW251,184.7,60.5,True,
174675_2003_SB270,112.6,72.4,True,
17467_1990_VE6,111.1,7.8,True,
1746_Brouwer,258.3,-52.2,True,
174740_2003_UY228,157.4,61.6,True,
17477_1991_GN9,128.7,73.5,True,
174830_2003_YY79,79.9,-38.1,True,
17485_1991_RP9,54.0,77.3,True,
17487_1991_SY,330.9,11.9,True,
17495_1992_DY,159.3,54.6,True,
17499_1992_EJ5,142.0,-61.7,True,
1749_Telamon,121.1,52.9,True,
17504_1992_GB2,135.8,-62.2,True,
17512_1992_RN,167.4,70.7,True,
17513_1992_UM,180.6,55.4,True,
17515_1992_UT1,30.7,73.1,True,
17517_1992_WZ3,195.4,-58.2,True,
1751_Herget,167.7,71.6,True,
17527_1993_FC14,312.8,17.6,True,
175289_2005_LX20,149.9,3.6,True,
17528_1993_FX14,159.3,-77.4,True,
1752_van_Herk,179.6,30.1,True,
175351_2005_OR7,41.1,-81.1,True,
17535_1993_FF40,98.8,67.8,True,
17537_1993_FN40,203.5,53.3,True,
17539_1993_FR46,96.0,-8.3,True,
1753_Mieke,251.8,-6.3,True,
17540_1993_FX81,136.5,61.4,True,
17548_1993_SX6,122.8,68.9,True,
1754_Cunningham,238.6,-57.0,True,
17551_1993_TZ31,228.1,-77.1,True,
17555_Kenkennedy,34.9,-45.9,True,
17556_Pierofrancesca,71.3,-82.3,True,
17565_1994_CG2,113.1,-36.2,True,
17566_1994_CE11,147.0,-72.4,True,
1757_Porvoo,298.0,82.4,True,
175808_1999_RT175,127.7,-3.9,True,
17584_1994_XF1,178.1,14.3,True,
175867_1999_VW86,109.9,-37.3,True,
17589_1995_BR10,90.5,-66.5,True,
175934_2000_ES26,272.7,-49.5,True,
175943_2000_GE1,98.6,-37.4,True,
17595_1995_EO,142.6,59.4,True,
17596_1995_EP1,85.7,-53.4,True,
175996_2000_QK156,113.0,72.2,True,
1759_Kienle,262.4,-21.8,True,
175_Andromache,77.5,-67.0,True,
17600_Dobrichovice,265.0,-83.5,True,
17602_Dr_G,268.9,82.1,True,
176036_2000_SP200,231.7,-77.8,True,
17604_1995_SO26,117.1,54.2,True,
1760_Sandra,201.5,57.1,True,
17610_Riggsbee,136.0,29.6,True,
17617_Takimotoikuo,151.2,-71.6,True,
176188_2001_OQ36,55.5,-4.3,True,
17618_1995_VO,152.4,76.8,True,
176287_2001_SQ38,95.8,-52.6,True,
1762_Russell,77.0,-22.9,True,
176361_2001_TM104,109.8,21.4,True,
17640_Mount_Stromlo,197.9,-23.6,True,
17645_Inarimori,250.0,-21.9,True,
176563_2002_AT154,77.6,-66.1,True,
17657_Himawari,115.8,40.2,True,
176645_2002_NE19,255.4,-50.2,True,
17664_1996_VP30,161.1,62.5,True,
17666_1996_XR,71.5,-52.0,True,
1766_Slipher,65.5,24.0,True,
176742_2002_RG81,92.7,-23.4,True,
17676_1997_AG1,298.3,-79.6,True,
17677_1997_AW2,120.3,-82.6,True,
1767_Lampland,179.6,15.9,True,
17681_Tweedledum,189.0,-63.9,True,
17682_1997_AR12,84.9,-23.4,True,
17696_Bombelli,114.8,37.7,True,
176989_2003_AY4,23.3,-59.0,True,
17702_Krystofharant,93.9,-23.4,True,
177064_2003_FQ4,70.9,-65.4,True,
17712_Fatherwilliam,160.8,-52.2,True,
177131_2003_HN51,109.6,54.2,True,
177145_2003_QZ75,123.1,39.5,True,
177172_2003_SK147,156.6,6.0,True,
17717_1997_XL,127.9,-34.1,True,
17719_1997_XV1,111.2,-79.2,True,
17720_Manuboccuni,139.2,-46.7,True,
177292_2003_XA12,223.8,64.1,True,
177302_2003_YB7,92.6,-67.7,True,
17730_1998_AS4,22.7,-76.5,True,
17735_1998_BG7,161.2,-22.3,True,
17739_1998_BY15,199.6,75.6,True,
177529_2004_FK20,117.1,67.0,True,
177545_2004_FZ63,266.5,-35.9,True,
17759_Hatta,94.4,-23.4,True,
177644_2004_PN88,86.6,-23.4,True,
17764_Schatzman,287.7,-85.7,True,
17767_1998_EJ6,73.7,37.7,True,
17770_Baume,232.5,-26.4,True,
1777_Gehrels,79.1,81.8,True,
17780_1998_FY13,100.0,37.0,True,
17783_Scottbrunner,56.1,23.7,True,
17788_1998_FT41,86.2,-38.4,True,
1778_Alfven,67.6,-36.7,True,
17790_1998_FN49,136.3,-16.7,True,
177925_2005_SV252,286.2,-81.7,True,
17796_1998_FM62,272.6,38.2,True,
177994_2006_QP63,109.2,67.2,True,
17802_1998_FA71,282.6,70.7,True,
17804_1998_FH71,137.6,61.4,True,
17805_Svestka,85.6,21.6,True,
17813_Alisonhuenger,126.9,-19.1,True,
17814_1998_FH113,37.9,-83.2,True,
1781_Van_Biesbroeck,146.4,-58.9,True,
1782_Schneller,216.9,-0.5,True,
17832_Pitman,231.6,75.4,True,
17834_1998_HL43,126.6,-19.2,True,
178403_1998_QT3,260.9,-5.4,True,
178419_1998_RR78,114.6,-51.9,True,
17841_Karenlucci,143.5,-76.3,True,
17842_Jorgegarcia,103.2,-22.9,True,
178489_1999_TQ76,103.4,-22.9,True,
1784_Benguella,63.3,-65.4,True,
17853_Ronaldsayer,54.6,39.0,True,
178541_1999_UN46,113.9,22.9,True,
17854_1998_JC4,88.9,51.1,True,
178596_2000_BF6,101.9,69.9,True,
17859_Galinaryabova,124.7,-65.0,True,
178604_2000_CE139,131.9,-33.0,True,
17863_1998_KN30,145.3,-28.8,True,
17864_1998_KK38,190.8,52.2,True,
17869_Descamps,93.0,67.0,True,
17872_1998_SP22,134.6,12.0,True,
17873_Palaciosdeborao,94.6,-68.3,True,
17875_1999_AQ2,111.3,23.1,True,
17879_Robutel,118.0,-20.9,True,
17882_Thielemann,84.5,66.5,True,
17884_Jeffthompson,89.1,-38.4,True,
17895_1999_FZ2,64.9,-67.3,True,
17906_Shapovalov,259.6,-20.7,True,
17909_Nikhilshukla,235.0,34.8,True,
179126_2001_SC271,59.6,36.7,True,
17929_Sully,159.7,-70.2,True,
179347_2001_XV116,100.8,69.4,True,
17936_Nilus,209.8,27.2,True,
17945_Hawass,142.0,72.2,True,
17949_1999_JA18,309.6,4.4,True,
179531_2002_CD198,112.1,-52.3,True,
1795_Woltjer,140.9,47.0,True,
179635_2002_PY95,300.2,-79.6,True,
17964_1999_JY41,193.0,-84.5,True,
17965_Brodersen,310.4,-81.3,True,
179668_2002_QG35,139.7,-15.7,True,
17966_1999_JS43,201.2,52.3,True,
179695_2002_RL21,144.6,-77.1,True,
17969_Truong,269.6,-82.1,True,
17974_1999_JL52,225.7,63.3,True,
17975_1999_JB53,58.9,-81.6,True,
17986_1999_JF62,224.9,17.0,True,
17991_Joshuaegan,83.2,36.5,True,
17994_1999_JF70,139.4,-31.3,True,
179955_2002_WN16,221.9,-76.3,True,
17995_Jolinefan,130.7,27.7,True,
17996_1999_JQ75,163.3,23.0,True,
1799_Koussevitzky,222.2,-46.5,True,
17_Thetis,73.2,84.5,True,
18003_1999_JU84,124.8,58.0,True,
180044_2003_AJ88,164.8,-56.4,True,
180049_2003_BN14,25.6,-42.4,True,
18004_Krystosek,226.0,-27.8,True,
180078_2003_CG25,63.2,-6.3,True,
18007_1999_JK97,192.3,-10.5,True,
18008_1999_JV99,61.2,64.7,True,
180095_2003_EA46,72.3,66.1,True,
18009_Patrickgeer,76.8,65.8,True,
1801_Titicaca,156.9,69.3,True,
18020_Amend,201.0,-51.8,True,
18029_1999_KA16,147.6,73.9,True,
180347_2003_YK65,194.8,52.9,True,
18035_1999_NJ7,214.4,44.3,True,
180367_VonFeldt,206.9,26.8,True,
18042_1999_RF27,79.7,65.3,True,
18049_1999_RX195,213.4,-77.6,True,
1804_Chebotarev,134.5,-72.9,True,
18051_1999_RU196,174.5,13.3,True,
18058_1999_XY129,105.3,-22.7,True,
18059_Cavalieri,305.6,82.5,True,
18060_Zarex,126.8,-48.8,True,
18062_1999_XY187,96.0,51.8,True,
180650_2004_GK32,324.8,14.0,True,
18068_2000_AF184,227.1,-44.8,True,
18073_2000_CB82,177.3,58.3,True,
18074_2000_DW,331.7,-57.3,True,
18075_Donasharma,96.0,36.8,True,
180777_2004_QU25,209.6,-73.7,True,
18078_2000_FL31,215.9,-74.7,True,
180791_2004_SO18,84.6,66.0,True,
18079_Lion_Stoppato,248.6,6.8,True,
180832_2005_GP46,110.7,-66.7,True,
18083_2000_HD22,49.1,77.5,True,
18092_Reinhold,187.5,48.2,True,
1809_Prometheus,183.4,78.7,True,
180_Garumna,261.4,68.2,True,
18104_Mahalingam,228.9,-80.0,True,
181111_2005_QJ88,133.3,-47.3,True,
18113_Bibring,256.3,-81.3,True,
18114_Rosenbush,73.8,22.7,True,
18115_Rathbun,75.1,65.4,True,
18116_Prato,320.5,-85.7,True,
18119_Braude,131.1,-79.3,True,
1811_Bruwer,71.3,68.6,True,
18122_Forestamartin,151.5,-41.3,True,
18126_2000_OU3,180.5,16.0,True,
18127_Denversmith,78.7,-53.1,True,
181293_2006_PB12,121.7,69.8,True,
181313_2006_QX45,144.7,15.7,True,
18134_2000_OS14,256.3,-6.9,True,
18146_2000_OU49,228.7,-78.9,True,
18147_2000_OY50,238.5,-80.3,True,
1814_Bach,195.0,74.6,True,
181507_2006_UT41,108.2,-37.5,True,
18150_Lopez_Moreno,99.8,6.8,True,
18154_2000_PA,175.5,-1.9,True,
18156_Kamisaibara,191.4,-85.1,True,
1815_Beethoven,61.2,68.5,True,
18161_Koshiishi,126.8,10.4,True,
18168_2000_PN28,151.2,73.4,True,
1816_Liberia,263.2,53.3,True,
1817_Katanga,195.5,-56.6,True,
18181_2000_QD34,246.2,49.8,True,
181837_1998_SF160,32.9,53.1,True,
181846_1998_UG2,86.9,51.6,True,
18185_2000_QW49,72.3,-81.3,True,
18190_Michaelpizer,179.5,57.0,True,
18198_Benjaminbyron,189.3,-63.1,True,
182006_1999_XJ45,164.7,-37.9,True,
18203_Schorghofer,148.8,-58.7,True,
18206_3093_P_L,271.4,-21.2,True,
182090_2000_JH10,116.9,40.6,True,
182125_2000_RK26,150.6,18.2,True,
1821_Aconcagua,201.0,-35.9,True,
182215_2000_WP145,73.2,-52.7,True,
18226_1182_T_1,110.7,69.3,True,
1822_Waterman,151.3,48.3,True,
182315_2001_OF66,107.3,70.4,True,
182330_2001_PD18,119.3,55.6,True,
1823_Gliese,97.1,-80.1,True,
18243_Gunn,259.4,37.8,True,
1825_Klare,251.9,67.8,True,
18260_5056_T_2,285.2,-20.4,True,
182711_2001_WZ16,69.1,7.1,True,
1827_Atkinson,252.4,37.6,True,
18288_Nozdrachev,291.7,-23.6,True,
18290_Sumiyoshi,106.5,-65.2,True,
183017_2002_PV93,174.6,56.1,True,
183036_2002_QR17,79.2,22.0,True,
1830_Pogson,133.0,-81.6,True,
18310_1981_EJ16,84.0,-38.3,True,
18313_1981_EB23,198.8,51.3,True,
18315_1981_ED37,32.0,-88.3,True,
18316_1981_EJ38,81.1,37.0,True,
18317_1981_EM41,110.4,22.2,True,
18323_1983_RZ2,194.6,-40.8,True,
18330_1987_BW1,190.5,66.2,True,
18335_San_Cassiano,229.9,48.7,True,
183368_2002_XD7,280.0,51.1,True,
1833_Shmakova,145.9,33.6,True,
18349_Dafydd,240.8,-56.7,True,
18351_1990_QN5,287.5,-21.7,True,
183537_2003_GY54,129.6,27.8,True,
18353_1990_QF9,52.0,61.3,True,
183570_2003_QJ3,106.7,-37.5,True,
183590_2003_SH294,212.2,73.3,True,
183624_2003_UG260,185.7,2.5,True,
18363_1990_VW8,119.5,62.3,True,
183669_2003_WX135,83.3,-23.3,True,
1837_Osita,180.5,70.7,True,
18385_1992_EG31,106.8,53.8,True,
1838_Ursa,240.8,70.2,True,
18390_1992_JD3,217.7,78.3,True,
18399_Tentoumushi,149.3,-28.4,True,
18400_Muramatsushigeru,176.3,44.8,True,
18405_1993_FY12,310.3,49.4,True,
18406_1993_FT14,226.9,-43.5,True,
184081_2004_GR33,124.5,10.2,True,
1840_Hus,150.1,62.6,True,
18411_1993_FB82,262.5,-81.5,True,
18412_Kruszelnicki,78.1,7.0,True,
18414_1993_OY6,64.2,22.5,True,
184156_2004_KY14,313.0,-13.6,True,
18418_Ujibe,269.2,23.4,True,
1841_Masaryk,81.5,-53.0,True,
184226_2004_RR89,87.4,-83.4,True,
184293_2005_EB2,128.4,-3.3,True,
1842_Hynek,61.8,-20.9,True,
18433_1994_EQ,249.9,-80.7,True,
18436_1994_GY10,149.6,-78.1,True,
18437_1994_JR,185.9,-42.7,True,
18457_Syoheiyamamoto,162.5,-22.5,True,
1845_Helewalda,28.4,-27.2,True,
184698_2005_SJ114,91.0,-53.0,True,
18475_1995_WM7,189.7,-51.9,True,
18480_1995_YB,164.2,-20.5,True,
18481_1995_YH,195.6,37.7,True,
18484_1995_YB3,70.9,-7.4,True,
184867_2005_UD109,102.9,22.3,True,
1848_Delvaux,97.8,-82.3,True,
184951_2005_WH90,126.0,-76.8,True,
18498_Cesaro,194.0,68.8,True,
1849_Kresak,218.9,15.2,True,
185003_2006_PC9,74.8,-37.4,True,
18501_Luria,160.8,80.9,True,
185048_2006_RS4,95.3,6.7,True,
18506_1996_PY6,150.3,-39.4,True,
1850_Kohoutek,152.0,49.4,True,
185115_2006_SV50,134.2,29.1,True,
18515_1996_TL14,288.5,22.3,True,
1851_Lacroute,90.4,-53.4,True,
18523_1996_VA7,145.8,31.9,True,
18528_1996_VX30,90.0,36.0,True,
1852_Carpenter,210.9,70.8,True,
18539_1996_XX30,174.2,42.8,True,
18542_Broglio,129.0,77.6,True,
18544_1997_AA2,99.0,-82.5,True,
185463_2007_BQ4,130.5,-57.0,True,
18547_1997_AU5,156.8,-36.5,True,
18549_1997_AD13,215.7,42.5,True,
18550_Maoyisheng,133.9,-17.3,True,
18565_Selg,291.4,-81.3,True,
18571_1997_WQ21,226.2,64.7,True,
185758_1999_TE18,94.5,66.0,True,
18578_1997_XP,138.3,-63.7,True,
185854_2000_EU106,292.1,-8.4,True,
18588_1997_YO9,228.3,-12.9,True,
1858_Lobachevskij,104.5,22.0,True,
185940_2000_WU142,99.4,21.1,True,
18599_1998_BK8,214.4,-30.5,True,
18600_1998_BK10,156.7,82.8,True,
18609_Shinobuyama,160.9,80.0,True,
186153_2001_UN66,284.2,22.8,True,
18615_1998_DJ5,197.2,-61.9,True,
18620_1998_DS10,204.8,40.7,True,
18628_Taniasagrati,238.7,5.6,True,
186378_2002_GW170,128.1,-18.8,True,
18637_Liverdun,305.9,-77.5,True,
18638_Nouet,129.4,-32.9,True,
18640_1998_EF9,184.0,34.2,True,
186428_2002_RE86,109.2,-52.1,True,
1864_Daedalus,320.1,75.1,True,
18654_1998_FR22,85.4,36.6,True,
186559_2002_YD1,204.5,77.8,True,
186575_2003_AA46,98.6,36.9,True,
18665_Sheenahayes,122.1,-80.4,True,
18666_1998_FT53,92.1,-66.5,True,
18672_Ashleyamini,179.4,59.0,True,
18674_1998_FG69,142.4,67.3,True,
18675_Amiamini,85.9,-53.2,True,
18682_1998_FH107,156.6,63.6,True,
18683_1998_FB111,55.4,-50.5,True,
18684_1998_FW116,176.1,-63.8,True,
186873_2004_HS47,71.3,66.5,True,
1868_Thersites,131.4,-18.0,True,
18696_1998_HB34,124.8,55.9,True,
186971_2004_RW176,118.6,69.8,True,
186983_2004_RW340,44.1,-63.5,True,
186992_2004_TZ8,157.7,60.2,True,
1869_Philoctetes,126.5,-81.6,True,
186_Celuta,121.3,-75.5,True,
18700_1998_HK54,173.3,-18.5,True,
18702_Sadowski,8.7,84.7,True,
18707_Annchi,219.4,-41.9,True,
187121_2005_QQ82,91.2,-38.4,True,
18731_Vil_bakirov,114.7,-21.5,True,
18733_1998_KV31,50.7,75.3,True,
187406_2005_VJ49,137.1,45.0,True,
18743_1998_YD5,222.9,16.4,True,
18744_1999_AU,246.7,21.7,True,
187490_2006_SJ212,272.9,-4.9,True,
18759_1999_HO2,69.8,66.2,True,
187649_2007_DG77,84.9,5.8,True,
18769_1999_JS24,122.3,-66.2,True,
187729_2008_FO61,93.6,-23.4,True,
18783_Sychamberlin,143.3,30.2,True,
18785_Betsywelsh,208.3,75.8,True,
187860_2000_JM10,137.9,66.2,True,
187885_2000_RS53,123.8,-34.5,True,
1878_Hughes,216.8,45.0,True,
187974_2001_QV118,123.0,-20.0,True,
187_Lamberta,4.8,70.7,True,
188051_2001_VF68,309.9,18.4,True,
18813_1999_KH15,139.1,62.6,True,
18817_1999_LF32,56.4,39.4,True,
188181_2002_JH108,203.9,-76.9,True,
18818_Yasuhiko,188.3,-27.8,True,
18822_1999_NL19,43.0,65.1,True,
1882_Rauma,257.5,53.0,True,
188339_2003_RQ8,300.5,-41.6,True,
188372_2004_BQ103,114.2,56.7,True,
18837_1999_NY62,327.1,13.2,True,
1883_Rimito,203.9,-31.3,True,
18845_Cichocki,149.0,67.5,True,
18846_1999_RB28,86.6,-53.3,True,
18848_1999_RH41,51.5,-18.8,True,
1884_Skip,146.4,-68.7,True,
188517_2004_RP57,100.0,37.0,True,
188541_2004_RV337,106.0,-67.7,True,
18856_1999_RT116,206.3,26.2,True,
18858_Tecleveland,208.7,-50.4,True,
18863_1999_RC191,47.4,-80.8,True,
18865_1999_RQ204,153.9,-10.8,True,
18871_Grauer,94.2,80.6,True,
18872_Tammann,158.7,-24.7,True,
188730_2005_UK52,290.3,22.1,True,
1887_Virton,276.5,65.8,True,
188805_2005_WT88,61.4,-66.3,True,
188806_Scottbednar,94.9,67.2,True,
18882_1999_YN4,205.7,35.7,True,
18888_2000_AV246,141.1,-45.3,True,
1888_Zu_Chong_Zhi,180.4,83.2,True,
18890_2000_EV26,319.3,-67.6,True,
18898_2000_JX,296.3,57.9,True,
1889_Pakhmutova,164.7,52.8,True,
189019_1998_VR26,190.1,20.5,True,
189115_2001_UE167,119.5,-48.5,True,
189137_2002_CT43,281.9,-34.8,True,
189237_2004_PB56,89.5,-8.4,True,
18925_2000_PY25,230.5,-28.2,True,
18928_Pontremoli,275.8,-83.7,True,
18936_2000_QA42,95.4,6.4,True,
18937_2000_QF42,63.5,-6.2,True,
1893_Jakoba,190.4,-38.8,True,
189470_1999_TB8,159.2,61.9,True,
18949_Tumaneng,79.8,22.0,True,
1894_Haffner,221.6,46.2,True,
189515_2000_GJ130,165.9,-75.7,True,
18954_Sarahbounds,199.0,-7.0,True,
18955_2000_QY122,117.8,8.8,True,
189588_2000_WY7,135.0,-63.5,True,
189607_2000_XR36,343.5,79.0,True,
189637_2001_OT20,65.9,77.7,True,
18977_2000_QK217,153.5,-66.5,True,
189785_2002_DG3,323.5,-50.6,True,
18979_Henryfong,100.9,67.1,True,
18981_2000_RT3,258.6,78.2,True,
189827_2002_TE53,107.4,68.3,True,
18984_Olathe,274.8,-20.5,True,
189852_2003_FB81,348.8,18.7,True,
189885_2003_RO17,352.8,79.9,True,
18989_2000_RV26,148.3,17.0,True,
1898_Cowell,185.5,63.4,True,
18990_2000_RW31,75.6,-7.7,True,
189969_2003_UP276,143.4,49.1,True,
18997_Mizrahi,210.0,27.5,True,
189988_2004_FR28,322.0,29.1,True,
1899_Crommelin,343.2,48.9,True,
189_Phthia,243.7,-24.3,True,
18_Melpomene,116.2,83.4,True,
19006_2000_RY65,75.3,-7.7,True,
190117_2004_VB57,199.4,8.2,True,
19013_2000_RN76,148.0,-66.0,True,
190141_2005_SU63,111.1,-82.3,True,
190159_2005_TD173,253.2,-82.3,True,
190162_2005_UM45,72.1,-67.1,True,
190258_2007_HC67,57.2,78.8,True,
19027_2000_SZ149,117.2,-21.1,True,
19030_2000_SJ276,274.7,52.0,True,
19031_2000_SU295,134.1,-64.2,True,
190357_1999_CG11,96.2,19.7,True,
190412_1999_TN267,64.1,55.9,True,
190413_1999_TN284,27.4,-59.8,True,
190466_2000_CH102,129.0,77.7,True,
190472_2000_DF44,258.2,-50.5,True,
190516_2000_JT73,300.8,78.0,True,
19054_1058_T_2,99.7,6.8,True,
190555_2000_SY67,148.8,-70.4,True,
19055_1066_T_2,154.0,-26.1,True,
190572_2000_SK209,184.4,-27.5,True,
190573_2000_SN211,173.3,-48.5,True,
190574_2000_SR227,81.9,-68.3,True,
190615_2000_VN59,163.0,-46.2,True,
19062_2289_T_2,59.3,-66.6,True,
190636_2000_WE151,200.0,8.4,True,
190640_2000_WO172,85.6,66.1,True,
190644_2000_XS9,54.3,-5.5,True,
190649_2000_XF26,189.4,-37.0,True,
190650_2000_XN40,110.8,7.0,True,
190670_2001_AU19,85.9,-53.4,True,
190676_2001_BO34,240.6,50.3,True,
1907_Rudneva,243.0,-86.0,True,
19084_Eilestam,71.2,66.6,True,
190867_2001_TT48,333.4,-46.6,True,
19087_1978_VT4,64.1,-65.6,True,
1908_Pobeda,101.0,-68.2,True,
19096_Leonfridman,308.5,82.4,True,
19097_1981_EY2,127.1,66.6,True,
190_Ismene,185.3,2.3,True,
19102_1981_EH8,206.2,10.8,True,
19104_1981_EY13,129.4,72.6,True,
191095_2002_ER5,78.2,22.2,True,
1910_Mikhailov,197.5,7.4,True,
19110_1981_EF29,65.4,-66.9,True,
191148_2002_GW140,128.2,58.0,True,
191169_2002_LJ36,182.4,68.4,True,
1911_Schubart,142.7,-84.1,True,
19120_Doronina,212.7,13.2,True,
19125_1987_CH,243.7,-80.6,True,
19129_Loos,228.6,-83.0,True,
191344_2003_QK33,86.2,67.4,True,
19139_Apian,262.3,23.3,True,
1913_Sekanina,130.2,56.1,True,
191415_2003_SA110,206.5,-65.2,True,
19144_1989_UP1,122.6,79.0,True,
19146_1989_YY,80.4,-52.8,True,
19150_1990_HY,138.8,66.3,True,
191589_2004_FQ5,220.4,-77.5,True,
19165_Nariyuki,49.3,25.2,True,
19169_1991_FD,86.7,-83.2,True,
19171_1991_FS,139.2,-45.5,True,
191743_2004_SZ13,276.9,-84.2,True,
191746_2004_SQ22,168.5,55.9,True,
191783_2004_TX115,80.1,37.1,True,
191800_2004_TW211,96.7,-23.3,True,
19181_1991_SD1,133.9,83.4,True,
19182_Pitz,87.0,-68.1,True,
19184_1991_TB6,80.6,34.1,True,
191850_2004_VV54,117.1,-81.7,True,
191935_2005_UY2,121.3,10.2,True,
191945_2005_UC72,199.5,-82.5,True,
19195_1992_DM7,231.8,79.2,True,
19197_Akasaki,121.2,-34.9,True,
191_Kolga,81.6,65.7,True,
19206_1992_PH4,66.3,-82.8,True,
19209_1992_UW2,285.8,22.6,True,
19210_Higayoshihiro,49.7,77.6,True,
1921_Pala,69.3,-22.1,True,
192259_2008_GR107,270.9,23.4,True,
192354_1995_TV2,106.8,-52.1,True,
19235_van_Schurman,158.3,-40.8,True,
19237_1994_AP,171.7,11.9,True,
19244_1994_CX12,93.5,-53.2,True,
19246_Megumisasaki,100.6,22.0,True,
192485_1998_HM5,113.3,-6.5,True,
1924_Horus,121.5,-20.3,True,
192539_1998_SC119,120.7,-81.5,True,
1925_Franklin_Adams,223.7,-28.5,True,
192634_1999_NF60,155.5,4.4,True,
19264_1995_SE10,213.0,-48.9,True,
192659_1999_RJ134,124.9,57.6,True,
19266_1995_TF1,90.8,-74.7,True,
192677_1999_RR252,149.4,2.9,True,
192678_1999_SM10,153.6,45.5,True,
192683_1999_SO27,150.9,81.6,True,
192692_1999_TH41,137.0,-16.5,True,
192710_1999_TF107,205.6,-67.5,True,
192712_1999_TC112,120.1,54.2,True,
192714_1999_TN125,114.0,-36.7,True,
192755_1999_TL265,170.5,58.9,True,
19275_1995_XF1,133.6,28.7,True,
19276_1995_XS4,123.8,51.1,True,
19277_1995_YD,210.5,-78.4,True,
19278_1995_YN,19.2,63.2,True,
1927_Suvanto,215.2,-75.8,True,
192805_1999_VX44,87.7,-75.4,True,
192806_1999_VR45,311.9,-83.3,True,
19288_Egami,278.1,66.6,True,
1928_Summa,232.0,-26.9,True,
192903_1999_XX177,107.4,69.0,True,
19290_Schroeder,163.2,-7.2,True,
1929_Kollaa,126.5,75.6,True,
192_Nausikaa,269.3,67.4,True,
193087_2000_GW73,268.2,23.4,True,
1930_Lucifer,252.2,-38.2,True,
19313_Shibatakazunari,153.5,-78.7,True,
19315_Aizunisshinkan,148.2,48.6,True,
19316_1996_WB,1.4,-27.9,True,
193216_2000_RC,85.6,6.6,True,
193234_2000_SY,249.6,7.3,True,
193243_2000_SS42,119.1,-66.7,True,
19327_1996_XH19,21.0,62.3,True,
193304_2000_SQ279,21.1,46.3,True,
193314_2000_SK309,119.7,-65.0,True,
19331_Stefanovitale,162.4,-74.6,True,
19332_1996_YQ1,180.6,65.3,True,
193378_2000_VY16,141.1,0.1,True,
193383_2000_VT27,288.9,84.0,True,
19338_1997_AB2,261.2,37.5,True,
1933_Tinchen,248.3,-82.1,True,
193404_2000_WS29,130.1,52.5,True,
193405_2000_WW30,120.9,-20.4,True,
193412_2000_WV59,184.9,67.8,True,
193413_2000_WH61,42.0,-81.5,True,
193438_2000_WF123,121.9,25.8,True,
193441_2000_WO127,202.0,-35.0,True,
193454_2000_WX174,103.3,69.7,True,
193455_2000_WH181,146.4,0.4,True,
193475_2000_XO27,146.4,-62.0,True,
193478_2000_XN37,303.0,64.3,True,
193495_2000_YK10,204.8,41.5,True,
1934_Jeffers,137.5,48.0,True,
19350_1997_CU28,58.1,10.0,True,
19352_1997_EL,83.4,65.2,True,
193566_2001_AR30,158.4,6.4,True,
193568_2001_AO33,173.9,-72.4,True,
1935_Lucerna,274.1,-51.0,True,
193603_2001_BU71,159.9,-8.5,True,
193643_2001_DK18,38.2,74.1,True,
193649_2001_DA38,130.3,-32.9,True,
193684_2001_EP15,135.5,52.6,True,
193711_2001_FC83,309.4,18.5,True,
19373_1997_YC14,236.7,19.9,True,
193749_2001_KG,346.2,-8.1,True,
19376_1998_BE1,195.1,-38.7,True,
193772_2001_NK4,183.9,49.9,True,
1937_Locarno,215.2,41.3,True,
19386_Axelcronstedt,76.3,81.4,True,
19392_Oyamada,216.4,42.9,True,
19398_Creedence,172.8,12.4,True,
194021_2001_SG36,60.1,-35.4,True,
194061_2001_SS125,28.2,-78.6,True,
19407_Standing_Bear,89.3,20.8,True,
19409_1998_FA12,162.9,35.4,True,
19412_1998_FC24,103.6,-68.1,True,
19420_Vivekbuch,85.2,-53.4,True,
19427_1998_FJ66,261.0,-21.3,True,
19431_1998_FS70,329.5,-28.3,True,
19435_1998_FN75,120.5,-73.1,True,
19438_Khaki,205.8,-19.8,True,
19439_Allisontjong,145.6,62.2,True,
19443_Yanzhong,146.3,45.4,True,
19447_Jessicapearl,252.7,22.5,True,
19448_Jenniferling,186.0,-42.8,True,
19451_1998_FP125,99.0,6.2,True,
1945_Wesselink,206.6,41.7,True,
19460_1998_HW13,86.9,-73.3,True,
19461_Feingold,229.7,48.1,True,
1946_Walraven,339.4,-46.5,True,
19472_1998_HL52,150.1,-43.8,True,
194781_2001_YA82,247.9,-39.1,True,
19484_Vanessaspini,144.9,-29.9,True,
19489_1998_HL149,256.8,22.9,True,
1948_Kampala,120.1,-82.4,True,
19490_1998_HC150,238.4,-79.1,True,
19494_Gerbs,156.0,-10.0,True,
19503_1998_KE65,60.8,-68.7,True,
1950_Wempe,212.4,70.1,True,
19513_1998_QN7,246.3,36.9,True,
19515_1998_QM76,86.0,67.4,True,
19517_Robertocarlos,264.0,-21.3,True,
19522_1998_XQ83,306.5,-43.1,True,
19525_1999_CO,233.1,-10.8,True,
19535_Rowanatkinson,353.9,-84.5,True,
19536_1999_JM4,192.4,-60.2,True,
195456_2002_GR93,108.8,7.5,True,
19545_1999_JY33,249.6,67.6,True,
195467_2002_GT114,109.0,38.3,True,
195517_2002_JX1,355.3,-52.3,True,
1955_McMath,124.3,-34.6,True,
19560_1999_JH81,161.8,52.3,True,
19562_1999_JM81,218.5,-0.1,True,
195640_2002_NT27,229.9,-45.3,True,
19569_1999_KM15,151.0,-11.9,True,
1956_Artek,133.4,27.9,True,
1957_Angara,273.6,-51.4,True,
1958_Chandra,208.7,38.2,True,
19594_1999_NL31,333.2,80.7,True,
19599_Brycemelton,330.3,60.0,True,
196035_Haraldbill,238.7,63.5,True,
19608_1999_NC57,182.7,70.7,True,
196096_2002_TK120,203.7,-21.8,True,
1960_Guisan,289.3,-84.1,True,
19611_1999_NP64,77.9,6.0,True,
19613_1999_OX,29.8,-12.2,True,
196145_2002_TU279,69.6,38.5,True,
19621_1999_RE1,194.7,6.3,True,
19622_1999_RY2,75.4,53.1,True,
196255_2003_EZ,292.2,36.4,True,
19626_1999_RJ16,110.2,88.2,True,
19628_1999_RD22,154.9,66.5,True,
196346_2003_FU88,105.2,6.4,True,
19644_1999_RD102,168.1,76.6,True,
19645_1999_RE102,44.3,-79.5,True,
19647_1999_RZ103,274.2,87.7,True,
19649_1999_RQ104,64.4,-51.8,True,
19654_1999_RW119,75.8,-37.8,True,
19655_1999_RC121,166.0,42.0,True,
196564_2003_QJ20,99.3,-38.2,True,
19656_Simpkins,55.5,-50.1,True,
196606_2003_QX75,97.5,6.7,True,
196608_2003_QE77,85.9,51.7,True,
196616_2003_QE108,211.1,-23.2,True,
19661_1999_RR130,278.1,-21.2,True,
196627_2003_RR14,110.7,-67.6,True,
19662_Stunzi,222.6,1.3,True,
19665_1999_RT137,190.2,-36.4,True,
1966_Tristan,68.3,37.7,True,
19670_1999_RH151,100.6,-38.0,True,
19671_1999_RX151,181.2,-63.5,True,
19674_1999_RN160,297.7,63.0,True,
196768_2003_ST164,204.7,-33.7,True,
19684_1999_RL196,174.3,-68.0,True,
19686_1999_RL197,129.0,-72.9,True,
1968_Mehltretter,179.8,44.8,True,
196929_2003_UF10,243.9,-35.7,True,
19693_1999_RU230,203.6,9.8,True,
19695_Billnye,233.8,-82.8,True,
196973_2003_UP62,237.2,80.7,True,
196985_2003_UY79,110.9,39.0,True,
1969_Alain,220.3,62.1,True,
196_Philomela,302.4,66.4,True,
19700_Teitelbaum,191.5,60.9,True,
19701_Aomori,161.1,33.4,True,
19702_1999_SK23,153.0,80.4,True,
19705_1999_TR10,150.7,73.6,True,
19709_1999_TT105,218.1,-32.1,True,
1970_Sumeria,93.3,6.3,True,
197108_2003_UP202,138.4,14.9,True,
19712_1999_TL220,91.2,66.4,True,
19713_Ibaraki,76.5,22.1,True,
19715_Basodino,148.5,72.6,True,
19718_Albertjarvis,90.9,82.3,True,
1971_Hagihara,15.0,37.6,True,
19724_1999_VR114,262.7,-52.0,True,
19725_1999_WT4,100.0,-38.1,True,
197278_2003_WB101,168.8,26.9,True,
19728_1999_XQ14,298.8,43.5,True,
1972_Yi_Xing,274.3,68.0,True,
19730_Machiavelli,126.8,-3.9,True,
19732_1999_XF165,188.6,-11.6,True,
19735_1999_XN212,176.9,-45.2,True,
19736_2000_AM51,55.3,88.8,True,
19737_2000_AQ51,144.4,-75.3,True,
197389_2003_YD12,243.9,-57.3,True,
1973_Colocolo,172.0,-52.9,True,
19742_2000_AS162,98.6,-53.2,True,
197433_2003_YA80,232.0,34.3,True,
19744_2000_AC176,206.8,-79.0,True,
19745_2000_AP199,174.3,-2.5,True,
19746_2000_AE200,91.7,21.4,True,
197496_2004_BJ83,263.8,-51.6,True,
19752_2000_CH67,215.2,-69.1,True,
19753_2000_CL94,99.2,-38.2,True,
19755_2000_EH34,352.0,73.3,True,
197560_2004_FH128,94.4,6.6,True,
19759_2000_GU146,13.2,-21.7,True,
1975_Pikelner,115.8,24.2,True,
197614_2004_JP24,83.3,-81.8,True,
19761_2000_JP10,327.9,13.0,True,
19762_Lacrowder,291.2,-81.3,True,
19767_2000_ON5,259.8,-52.4,True,
19779_2000_QU53,216.5,83.4,True,
1977_Shura,91.5,-52.9,True,
19782_2000_QT68,302.1,-83.1,True,
19786_2000_QR104,130.5,-65.2,True,
19788_Hunker,91.7,-52.7,True,
19789_Susanjohnson,72.5,69.9,True,
1978_Patrice,241.5,76.6,True,
19798_2000_RP51,265.7,-81.6,True,
197_Arete,46.4,-17.4,True,
198013_2004_RJ201,129.0,-18.6,True,
198064_2004_RG325,107.4,-67.8,True,
19809_Nancyowen,124.9,-81.7,True,
198102_2004_SX47,38.6,62.7,True,
19811_Kimperkins,219.0,0.6,True,
198216_2004_TY168,259.3,-81.6,True,
198218_2004_TZ173,79.7,-23.1,True,
198252_2004_TD222,93.2,6.5,True,
1982_Cline,291.3,85.0,True,
19830_2000_SC218,188.8,81.0,True,
19831_2000_SV225,171.9,-71.7,True,
198338_2004_UB5,145.7,-44.0,True,
19840_2000_SB280,219.6,-83.9,True,
19842_2000_SU298,237.1,-25.9,True,
198435_2004_WN2,88.1,51.2,True,
19848_Yeungchuchiu,183.7,71.1,True,
198490_2004_XS59,21.8,-77.7,True,
1984_Fedynskij,183.9,48.7,True,
198525_2004_XJ103,253.0,-7.7,True,
198542_2004_XB124,204.5,-37.0,True,
198575_2004_YM,133.9,-2.2,True,
19857_Amandajane,134.6,-80.5,True,
198677_2005_CE5,270.5,-6.1,True,
19878_1030_T_1,201.5,23.4,True,
198837_2005_GT47,278.0,67.4,True,
198865_2005_QT157,99.3,66.6,True,
19888_2048_T_2,116.3,-36.3,True,
198900_2005_UH30,114.9,-66.9,True,
19895_5161_T_2,68.4,68.1,True,
198964_2005_UC439,100.9,22.1,True,
199028_2005_WT117,126.1,69.0,True,
199042_2005_WB157,91.2,36.6,True,
199049_2005_WN178,5.7,47.7,True,
19910_5078_T_3,165.6,-74.6,True,
19911_Rigaux,282.7,-89.3,True,
19913_Aigyptios,103.6,53.0,True,
199193_2006_AM,120.3,79.4,True,
19919_Pogorelov,171.0,83.3,True,
19921_1978_VV3,184.7,2.1,True,
19922_1978_VV4,271.5,-81.7,True,
199261_Cassandralejoly,216.0,-78.0,True,
19926_1979_YQ,246.2,-7.4,True,
199275_2006_BU32,82.1,6.5,True,
19928_1981_DB3,175.5,29.1,True,
1992_Galvarino,138.5,47.2,True,
199307_2006_BR93,71.1,-52.6,True,
19932_1981_EU4,248.7,37.1,True,
19933_1981_EW5,155.7,37.9,True,
199349_2006_BB163,33.1,-27.4,True,
199358_2006_BZ182,80.3,-67.3,True,
199509_2006_DV122,339.8,-46.9,True,
19953_Takeo,182.9,29.4,True,
199541_2006_DV206,132.0,25.6,True,
19954_Shigeyoshi,242.2,35.5,True,
19956_1985_QW1,134.2,55.1,True,
19957_1985_QG4,107.4,-50.8,True,
19960_1986_CN1,80.4,6.9,True,
19966_1987_SL3,113.1,64.7,True,
19969_Davidfreedman,121.1,40.9,True,
1996_Adams,135.6,65.7,True,
19971_1988_RZ5,273.6,-84.5,True,
199809_2007_CE61,115.3,-35.8,True,
19987_1990_QJ3,40.1,67.5,True,
199937_2007_GU49,260.7,37.7,True,
1999_Hirayama,91.0,50.7,True,
19_Fortuna,244.0,66.8,True,
20008_Adacarrera,228.5,-60.1,True,
20012_Ranke,159.2,36.3,True,
20014_Annalisa,250.5,-38.6,True,
200184_1999_RY8,49.7,-33.7,True,
200204_1999_TX4,70.1,7.2,True,
200205_1999_TC28,142.8,-79.4,True,
200208_1999_TJ99,246.9,-81.5,True,
20020_Mipach,223.9,16.7,True,
20021_Kevinkell,197.0,-22.2,True,
20023_Jackmegas,232.2,73.6,True,
200286_2000_AY49,191.5,-76.6,True,
200396_2000_RJ64,165.0,71.1,True,
20041_Gainor,178.1,-68.5,True,
200446_2000_VG39,181.9,45.5,True,
200452_2000_WE59,159.2,-40.3,True,
200458_2000_WY106,209.6,-50.5,True,
200474_2000_XD46,80.4,-51.5,True,
200491_2000_YA64,218.5,-61.0,True,
2004_Lexell,107.2,-52.5,True,
200505_2001_AB36,213.7,54.0,True,
20053_Cavefish,162.3,-23.4,True,
20054_Lagrimarios,122.5,40.3,True,
20057_Fabiorubeo,103.4,-37.7,True,
200594_2001_RG69,145.9,-58.6,True,
20059_Debswoboda,243.3,-54.5,True,
2005_Hencke,131.6,77.6,True,
20060_Johannforster,208.0,62.3,True,
200614_2001_SV28,108.6,-80.9,True,
200643_2001_SH283,104.1,-37.5,True,
200647_2001_SF327,51.1,-81.8,True,
200669_2001_TL114,87.0,-52.9,True,
20076_1994_BH1,99.6,36.5,True,
20077_Borispodolsky,203.2,40.2,True,
20080_Maeharatorakichi,160.9,48.8,True,
2008_Konstitutsiya,275.9,51.7,True,
2008_SJ159,310.2,-81.3,True,
200911_2002_AP78,253.2,67.5,True,
20096_Shiraishiakihiko,123.2,41.7,True,
20110_1995_SS2,81.1,-52.3,True,
20115_Niheihajime,154.6,-77.5,True,
20117_Tannoakira,120.9,41.6,True,
20120_Ryugatake,202.0,9.2,True,
20121_1995_WT7,172.6,-69.9,True,
201247_2002_RD94,217.6,46.2,True,
20124_Marilynfogel,171.0,-69.1,True,
20125_1995_YK,264.0,75.3,True,
20131_1996_BP3,267.7,77.7,True,
20133_1996_CO2,48.9,68.0,True,
201386_2002_VN9,311.1,32.4,True,
20143_Julianegross,123.3,77.7,True,
2014_Vasilevskis,281.7,-47.9,True,
201526_2003_QZ17,254.4,-81.7,True,
201531_2003_QE39,81.3,-67.2,True,
201556_2003_RZ18,103.2,67.7,True,
20156_Herbwindolf,120.3,40.9,True,
201583_2003_SJ87,145.1,-79.5,True,
20160_Annalosiak,193.2,-23.9,True,
20162_1996_UD,160.1,-81.4,True,
201658_2003_TN20,226.3,17.4,True,
20170_1996_VM30,107.7,7.8,True,
201719_2003_UD189,148.2,-27.4,True,
201730_2003_US224,72.0,-52.5,True,
201735_2003_UY251,138.8,-46.5,True,
20173_1996_XO19,237.0,-55.4,True,
20179_1996_XX31,114.6,-48.8,True,
2017_QM16,57.5,-66.2,True,
201838_2003_YM66,215.5,30.0,True,
201850_2003_YJ92,292.6,66.3,True,
20186_1997_AD8,153.0,76.1,True,
20187_Janapittichova,208.3,38.5,True,
201_Penelope,82.8,82.5,True,
202080_2004_SR40,113.7,-51.9,True,
20208_Philiphe,162.7,-56.7,True,
20217_Kathyclemmer,158.1,54.9,True,
2021_JH2,110.5,-66.5,True,
2021_RY11,139.5,-1.2,True,
20220_Beebe,64.8,-51.9,True,
202210_2004_XA105,111.0,39.0,True,
202217_2004_XR125,130.4,-32.8,True,
2022_West,329.3,81.2,True,
20241_1998_DV23,87.2,66.4,True,
20243_Den_Bosch,176.2,11.8,True,
20266_Danielchoi,213.7,44.4,True,
202726_2007_HN79,325.1,-81.6,True,
20277_Clementlee,90.0,-77.2,True,
202811_2008_SO43,75.1,22.6,True,
202865_2008_UQ6,94.5,67.6,True,
202883_4723_P_L,290.8,-81.2,True,
20292_Eduardreznik,139.6,-62.0,True,
20294_1998_FA73,162.7,-21.6,True,
20295_Corgne,105.4,-52.8,True,
20296_Shayestorm,213.0,-15.3,True,
20297_Cristianomat,213.0,54.7,True,
202981_1999_TR238,131.1,12.9,True,
20299_Danielkelley,97.8,52.1,True,
202_Chryseis,52.5,80.4,True,
203007_1999_XB30,136.9,27.1,True,
20300_Arjunsuri,90.0,66.6,True,
20308_Daohaili,42.9,82.5,True,
20314_Johnharrison,128.4,10.7,True,
203215_2001_EU24,209.2,26.9,True,
203234_2001_HP18,245.7,76.1,True,
20326_Erard,317.7,-11.6,True,
203272_2001_RL6,248.9,-82.1,True,
203301_2001_SZ235,57.3,-66.2,True,
20336_Gretamills,157.2,36.2,True,
2033_Basilea,303.8,-79.2,True,
20349_Gabrielpinto,205.2,59.2,True,
20356_Giopoggiali,23.7,73.1,True,
20358_Dalem,211.1,12.6,True,
20361_Romanishin,167.3,-52.7,True,
20365_1998_KD5,173.2,-16.9,True,
203689_2002_NN49,82.4,-37.8,True,
2036_Sheragul,222.7,45.4,True,
203776_2002_SG34,126.9,-65.1,True,
20377_Jakubisin,177.3,-46.6,True,
20378_Graykowski,249.3,-54.7,True,
20381_Hikaruyabuta,121.9,57.7,True,
20382_Hiroshinaraoka,64.2,63.7,True,
20383_Hirotakasawada,60.4,63.8,True,
20389_Imkedepater,198.1,23.4,True,
203948_2003_RF11,105.9,-79.8,True,
20402_1998_OH6,76.3,-67.8,True,
20403_Attenborough,190.6,-57.1,True,
20404_Javiersuarez,87.8,36.1,True,
20407_Jessicaagarwal,123.3,80.0,True,
2040_Chalonge,151.2,-78.6,True,
204124_2003_XY10,55.5,-66.2,True,
20412_Josemariamadiedo,271.6,-36.0,True,
204130_2003_XH40,51.1,53.6,True,
20416_Mansour,62.0,23.7,True,
20419_Josephlazio,61.8,74.2,True,
204202_2004_CA,224.7,66.0,True,
20422_1998_UE8,127.3,-3.9,True,
204239_2004_DS39,116.0,22.4,True,
204260_2004_FA1,86.1,66.0,True,
204344_2004_RF324,195.4,-79.9,True,
20435_Juliendewit,170.4,61.5,True,
20441_Elijahmena,37.9,79.1,True,
20445_Kanakosakamoto,189.3,-43.8,True,
204517_2005_EL21,85.0,-52.5,True,
204535_2005_EC136,142.2,-72.9,True,
20459_Krzysztoflangner,228.2,17.9,True,
20460_Robwhiteley,214.9,73.3,True,
20473_Lainey,205.3,26.6,True,
20483_Sinay,31.0,-26.3,True,
20489_Lissauer,239.6,5.2,True,
20490_Longobardo,252.6,-37.8,True,
20492_Luanaliberato,249.8,50.9,True,
204963_1981_EW29,276.6,-4.7,True,
20496_Jenik,67.9,-36.2,True,
20497_Marenka,64.1,23.9,True,
20498_1999_RT1,352.9,77.3,True,
20502_Madeira,26.4,-10.9,True,
205102_1999_TC223,145.8,-29.0,True,
20510_Marjoriegalinier,121.1,57.7,True,
20512_Rothenberg,221.2,75.6,True,
20514_1999_RD34,183.8,80.8,True,
205152_1999_XK156,189.5,-51.1,True,
20515_1999_RO34,219.6,-80.5,True,
205163_2000_AK133,280.6,38.0,True,
20521_1999_RM38,299.9,-79.7,True,
205271_2000_SM70,137.5,-1.1,True,
20537_Sandraderosa,206.1,-45.8,True,
205421_2001_FX176,146.9,70.0,True,
20546_Michaelfruhauf,96.2,-67.8,True,
20547_Michimani,66.4,-51.9,True,
20549_Mirelatrelia,197.9,75.3,True,
2054_Gawain,66.7,-67.4,True,
20553_Donaldhowk,187.9,-25.9,True,
20556_Midgekimble,102.5,-22.9,True,
205638_2001_WV88,265.4,-82.2,True,
205642_2001_XU23,114.6,-52.0,True,
20564_Michaellane,257.6,-81.9,True,
20570_Molchan,197.8,-7.3,True,
2057_Rosemary,177.3,-16.0,True,
20582_Reichenbach,140.5,14.8,True,
20593_Freilich,94.3,-52.9,True,
205966_2002_LV29,27.8,29.7,True,
20597_Pickersgill,215.4,27.6,True,
205982_2002_NN45,212.0,-15.6,True,
206016_2002_PR153,96.1,-66.3,True,
20602_Qichengzhang,60.6,-50.4,True,
20604_Vrishikpatil,123.0,37.5,True,
20606_Widemann,158.9,48.3,True,
20623_Davidyoung,21.9,44.9,True,
20631_Stefuller,195.5,86.6,True,
206362_2003_QF56,86.3,-23.4,True,
20636_Romanhirsch,104.5,-83.3,True,
20637_Rosemarydorsey,104.5,-52.4,True,
206389_2003_SD7,114.6,-6.6,True,
20642_Laurajohnson,126.3,-4.0,True,
20647_Ryujiokazaki,88.1,-8.5,True,
206509_2003_UX124,215.9,-70.5,True,
20650_Saillenfest,146.3,17.3,True,
20653_1999_TN245,190.3,66.4,True,
20655_1999_TT248,136.9,-16.5,True,
206568_2003_UX279,104.4,-68.0,True,
206580_2003_WU3,231.8,-78.9,True,
20659_1999_UE,70.7,-52.2,True,
206605_2003_WY64,146.9,-60.7,True,
20662_1999_UC1,247.4,-35.2,True,
20664_Senec,222.7,-46.6,True,
20665_1999_UQ8,75.1,-79.8,True,
20666_1999_UX8,184.0,-64.1,True,
20667_1999_UM11,74.3,-52.4,True,
20668_1999_UN11,174.4,45.6,True,
20669_1999_UO13,166.8,41.4,True,
2066_Palala,204.4,40.5,True,
20674_1999_VT1,198.8,-24.3,True,
20677_1999_VT7,138.8,30.5,True,
206790_2004_DD13,305.8,-79.4,True,
20680_1999_VX9,179.2,15.7,True,
20682_1999_VP23,108.7,74.6,True,
2068_Dangreen,235.0,33.7,True,
206946_2004_RO173,106.2,-22.6,True,
20695_Santiagoiglesias,39.8,-80.6,True,
206970_2004_TL15,72.5,-7.4,True,
2069_Hubble,139.3,-31.0,True,
206_Hersilia,255.1,-22.3,True,
20701_Sebastiencharnoz,48.6,-79.3,True,
207039_2004_XW8,203.9,-49.7,True,
20703_1999_VC203,244.5,49.9,True,
207065_2004_XX103,218.5,42.5,True,
20713_Sheward,208.5,41.5,True,
20714_1999_XS36,113.2,-51.4,True,
207152_2005_CT21,230.1,46.6,True,
20721_1999_XA105,253.1,-7.7,True,
20722_Aaronclevenson,181.7,30.0,True,
20723_Siltala,231.6,47.2,True,
20724_1999_XO116,101.1,-79.0,True,
20725_Juliuscsotonyi,268.2,52.1,True,
20727_1999_XV123,235.6,4.6,True,
20730_Jorgecarvano,262.2,23.2,True,
20731_Mothediniz,219.5,30.7,True,
20732_Snedeker,268.5,-50.7,True,
20733_Sophiejacquinod,115.4,55.7,True,
20734_Sriramsaran,140.5,0.4,True,
207355_2005_JU118,235.6,33.6,True,
20736_Sultana,140.1,15.2,True,
20737_Sungkicho,245.0,-35.8,True,
20738_1999_XG191,93.0,6.5,True,
20747_Tanialepivert,68.0,-7.7,True,
20748_Thamirissantana,218.9,-60.8,True,
2074_Shoemaker,153.6,-26.9,True,
20750_Tomaspaulech,186.2,68.7,True,
20751_Tomnordheim,92.1,67.5,True,
207524_2006_JV79,234.3,-80.1,True,
20752_Topputo,275.9,53.2,True,
20762_Wargnier,341.3,80.9,True,
20766_Yoonsoobach,183.0,-48.9,True,
20769_Yucelkilic,20.4,-8.6,True,
20771_Yurimoto,145.3,53.1,True,
20774_Zender,216.0,-29.8,True,
20777_Zhouwenhan,133.3,-2.4,True,
20780_Chanyikhei,144.4,-61.8,True,
20782_Markcroce,141.8,60.1,True,
20789_Hughgrant,124.9,58.2,True,
207920_2008_WC2,104.3,-37.9,True,
207956_1995_DU8,92.9,51.5,True,
20797_2000_SD172,241.2,69.7,True,
20798_Verlinden,145.5,16.4,True,
20799_Ashishbakshi,103.9,-52.9,True,
2079_Jacchia,253.9,50.7,True,
207_Hedda,200.4,65.2,True,
208012_1998_SX87,79.3,-37.9,True,
208048_1999_TL149,77.7,-66.2,True,
208058_1999_TC284,250.8,-81.8,True,
20806_2000_SW220,223.9,-81.1,True,
20807_2000_SY220,106.3,-22.6,True,
208080_1999_VV180,125.9,-19.3,True,
208158_2000_HC7,85.5,49.8,True,
20821_Balasridhar,88.9,-8.5,True,
20826_2000_UV13,98.7,-56.6,True,
2082_Galahad,166.7,-20.9,True,
20834_Allihewlett,200.7,-34.7,True,
20838_2000_UY53,279.2,52.8,True,
208408_2001_SD234,115.0,-67.1,True,
20845_2000_UY102,152.5,47.4,True,
20846_Liyulin,78.7,51.0,True,
20855_Arifawan,233.3,-10.9,True,
20856_Hamzabari,135.8,-1.5,True,
208588_2002_CJ115,14.3,28.0,True,
20858_Cuirongfeng,131.2,-79.4,True,
20861_Lesliebeh,125.0,74.3,True,
208631_2002_ED88,83.5,-8.5,True,
208662_2002_GD6,137.8,-63.3,True,
2086_Newell,77.9,85.2,True,
208709_2002_JD61,96.4,21.7,True,
208752_2002_PC4,131.2,-80.0,True,
2087_Kochera,200.4,-21.5,True,
2088_Sahlia,271.6,68.1,True,
20896_Tiphene,64.0,64.6,True,
20898_Fountainhills,31.4,49.1,True,
208_Lacrimosa,63.6,-65.8,True,
20901_Mattmuehler,60.6,-20.7,True,
20903_2000_XH9,169.7,-73.9,True,
20906_2727_P_L,153.3,61.1,True,
209104_2003_SP76,134.7,-32.3,True,
20911_4083_P_L,220.5,-42.6,True,
209164_2003_UR82,199.6,8.3,True,
209174_2003_UA123,162.3,8.4,True,
20922_6769_P_L,128.4,-81.5,True,
20928_2024_T_1,118.7,-20.8,True,
20937_1005_T_2,149.2,2.6,True,
2093_Genichesk,85.1,66.0,True,
209459_2004_GF28,297.7,71.6,True,
20945_2248_T_2,154.3,-77.5,True,
20952_Tydeus,113.4,-35.8,True,
209589_2004_XV120,141.4,77.1,True,
2095_Parsifal,183.1,-69.0,True,
20960_1971_UR,105.4,-37.8,True,
20962_Michizane,115.8,40.0,True,
20963_Pisarenko,239.2,48.5,True,
20969_Samo,70.2,-22.2,True,
2097_Galle,228.5,47.7,True,
209811_2005_GW77,260.9,-36.8,True,
209927_2005_YQ8,113.1,82.2,True,
20_Massalia,47.1,73.2,True,
21003_1987_YV1,228.8,-61.3,True,
21004_Theresemarjou,228.4,-27.7,True,
21005_1988_BF5,172.8,12.2,True,
210084_2006_QD45,59.2,35.5,True,
210086_2006_QA51,55.8,9.3,True,
210114_2006_RN1,123.1,-81.6,True,
21011_Johannaterlinden,103.3,-52.1,True,
21012_1988_RU9,80.3,6.8,True,
21014_Daishi,96.6,21.7,True,
21017_1988_VP,222.4,56.9,True,
21018_1988_VV1,248.0,-8.5,True,
210204_2007_PQ33,236.4,-42.2,True,
21022_Ike,249.0,62.1,True,
21024_1989_GD3,169.8,-53.3,True,
210276_2007_TU12,112.4,-83.0,True,
21028_1989_TO,99.4,35.8,True,
21036_Nakamurayoshi,255.0,22.7,True,
21038_Bazzano,75.6,-80.7,True,
21040_Guntherreitz,87.5,51.5,True,
21041_Wangjinsong,226.3,-84.4,True,
2104_Toronto,173.5,42.7,True,
210525_1998_UP26,161.5,-37.5,True,
21055_1990_YR,356.3,1.6,True,
210597_1999_XQ240,126.7,-19.2,True,
2105_Gudy,14.8,-61.8,True,
21062_Iasky,248.0,-52.0,True,
210633_2000_FK41,87.2,66.2,True,
210667_2000_QG100,95.3,-38.3,True,
2106_Hugo,202.2,9.3,True,
21071_1991_PE7,214.4,27.0,True,
210741_2000_UW65,119.6,69.3,True,
210783_2001_DK22,20.5,73.2,True,
21086_1992_AO1,232.3,18.9,True,
21087_Petsimpallas,169.4,58.9,True,
21088_Chelyabinsk,213.3,-33.7,True,
21089_Mochizuki,196.4,22.9,True,
2108_Otto_Schmidt,229.4,32.5,True,
21096_1992_EZ11,203.3,-80.1,True,
21100_1992_OB,123.6,41.3,True,
21101_1992_OJ1,217.0,-40.0,True,
211053_2002_CF64,151.5,-11.7,True,
21109_Sunkel,242.9,35.0,True,
2110_Moore_Sitterly,170.4,57.0,True,
21116_1992_SO,204.8,57.9,True,
21122_1992_YK,123.8,-79.8,True,
211246_2002_QK58,128.1,-65.3,True,
21126_Katsuyoshi,143.0,16.5,True,
211312_2002_SD36,237.8,-81.4,True,
21147_1993_FV80,136.7,-46.6,True,
211492_2003_NE7,113.5,23.2,True,
21151_1993_LO1,209.1,-31.4,True,
21152_1993_MB1,21.1,-8.9,True,
21160_Saveriolombardi,255.8,-53.2,True,
211611_2003_UY5,19.6,33.8,True,
21161_Yamashitaharuo,109.3,-22.2,True,
2116_Mtskheta,237.5,-81.1,True,
211707_2003_XZ6,195.4,-34.2,True,
21177_1994_CC17,102.3,37.3,True,
21180_1994_DC,96.8,-23.3,True,
21205_1994_PV27,228.4,-58.3,True,
212078_2005_EL79,64.5,62.6,True,
2120_Tyumenia,134.4,40.7,True,
21215_1994_UQ,131.7,-2.5,True,
212175_2005_GB60,298.3,-24.0,True,
21219_Mascagni,150.2,49.3,True,
2121_Sevastopol,261.0,-6.8,True,
21223_1995_DL,157.2,19.3,True,
21231_1995_SC17,99.7,37.0,True,
21233_1995_UU3,68.2,37.1,True,
21243_1995_XG1,232.8,-27.5,True,
212460_2006_QD28,98.0,-23.2,True,
2124_Nissen,348.5,-22.9,True,
21253_1996_AX3,38.9,71.3,True,
21257_Jizni_Cechy,223.6,-62.9,True,
21259_1996_ED4,250.6,63.7,True,
2125_Karl_Ontjes,169.2,67.9,True,
21263_1996_HJ11,246.7,36.9,True,
21266_1996_HL25,93.3,-82.7,True,
212684_2006_WF60,110.0,-37.3,True,
21269_Bechini,207.6,-34.8,True,
21274_1996_SG4,186.4,32.4,True,
21284_Pandion,125.3,10.9,True,
21285_1996_UZ,266.5,-36.6,True,
212932_2008_CS204,106.9,-82.3,True,
212_Medea,146.1,-78.0,True,
21304_1996_XL1,219.6,0.9,True,
21308_1996_XG5,110.9,53.8,True,
213118_2000_AL183,183.7,43.9,True,
213133_2000_ES66,282.1,-7.1,True,
213134_2000_EE108,69.2,65.2,True,
213183_2000_ST217,77.8,36.0,True,
21320_1996_XF31,202.6,53.5,True,
213231_2000_WM94,139.2,14.9,True,
21323_1997_AZ3,204.7,41.9,True,
2133_Franceswright,132.6,85.1,True,
21342_1997_CS28,260.9,86.5,True,
21345_1997_ED3,216.0,-65.6,True,
21351_Bhagwat,257.3,37.8,True,
213559_2002_LD27,139.6,-30.6,True,
21356_Karlplank,153.7,-26.3,True,
21367_Edwardpleva,169.4,-54.2,True,
213688_2002_TU221,150.6,-12.0,True,
21368_Shiodayama,234.1,-57.4,True,
2136_Jugta,19.5,-56.4,True,
21370_1997_TB28,121.6,41.0,True,
213726_2002_VJ80,149.9,-60.9,True,
213745_2002_XD46,4.9,50.0,True,
2137_Priscilla,40.3,-79.5,True,
213814_2003_QY18,118.2,-82.8,True,
213825_2003_QW63,84.8,66.1,True,
213863_2003_SZ148,95.6,67.0,True,
213898_2003_UU16,64.4,-21.3,True,
21393_Kalygeringer,95.5,-53.2,True,
21397_Leontovich,218.8,1.0,True,
213984_2004_AC15,111.2,-67.5,True,
21406_Jimyang,171.3,-18.0,True,
21411_Abifraeman,45.9,-1.9,True,
2142_Landau,218.4,60.3,True,
21437_Georgechen,143.5,65.7,True,
214450_2005_SU47,67.8,-50.4,True,
21446_Tedflint,250.5,37.4,True,
21447_Yungchieh,81.7,-68.3,True,
214507_2006_AF19,80.5,-8.2,True,
21453_Victorlevine,76.4,-52.9,True,
21457_Fevig,102.7,-7.9,True,
21466_Franpelrine,111.9,-37.0,True,
21468_Saylor,250.4,-80.8,True,
2146_Stentor,62.0,16.1,True,
21479_Marymartha,116.2,9.1,True,
2147_Kharadze,156.0,6.0,True,
21483_Abdulrasool,41.3,79.8,True,
21485_Ash,169.2,37.2,True,
2148_Epeios,161.9,-75.2,True,
21496_Lijianyang,142.4,-62.6,True,
21498_Keenanferar,185.6,2.4,True,
214_Aschera,86.4,-38.4,True,
21506_Betsill,228.8,64.2,True,
215133_1999_TU33,80.9,-23.2,True,
21516_Mariagodinez,283.3,-52.9,True,
21518_Maysunhasan,146.8,76.1,True,
215195_2000_SA22,71.1,-82.2,True,
21520_Dianaeheart,229.3,-61.4,True,
215242_2001_DD70,64.1,-36.3,True,
21526_Mirano,207.3,59.5,True,
21528_Chrisfaust,90.9,66.5,True,
21535_1998_OX13,212.4,-2.2,True,
2153_Akiyama,131.1,-63.3,True,
21545_Koirala,138.6,15.0,True,
2154_Underhill,269.4,67.3,True,
21550_Laviolette,81.5,52.0,True,
21554_Leechaohsi,99.0,-77.5,True,
21556_Christineli,150.5,-27.2,True,
21557_Daniellitt,219.6,80.9,True,
215684_2003_WR158,72.7,-37.4,True,
21568_Evanmorikawa,262.6,49.2,True,
21569_1998_RX12,137.4,-1.3,True,
21582_Arunvenkataraman,220.0,72.4,True,
21584_Polepeddi,203.2,-6.2,True,
21586_Pourkaviani,196.5,-23.2,True,
21589_Rafes,103.7,-22.8,True,
2158_Tietjen,196.3,52.9,True,
21590_1998_TK,274.3,-35.8,True,
21591_1998_TA6,298.8,-9.8,True,
21592_1998_VJ5,280.1,76.7,True,
21593_1998_VL27,141.0,-44.4,True,
21594_1998_VP31,148.8,-12.7,True,
21595_1998_WJ5,206.8,-70.7,True,
215990_2005_SN119,94.2,-68.4,True,
21599_1998_WA15,116.9,-50.6,True,
215_Oenone,43.0,84.0,True,
21601_Aias,171.9,38.9,True,
21604_1999_BS3,115.5,39.0,True,
216053_2006_PD10,74.3,51.4,True,
21612_Chelsagloria,231.2,-12.0,True,
2163_Korczak,103.5,-68.1,True,
21652_Vasishtha,236.8,-40.9,True,
216537_2001_QL292,39.6,-31.0,True,
21653_Davidwang,303.8,33.7,True,
21655_Niklauswirth,200.6,8.7,True,
21657_Alinecarter,251.4,-38.0,True,
21661_Olgagermani,109.1,53.6,True,
21666_1999_RW1,75.1,-67.4,True,
216696_2004_QB7,59.6,-6.3,True,
21669_1999_RF8,294.3,86.3,True,
21678_Lindner,277.7,-52.1,True,
21688_1999_RK37,211.9,12.9,True,
2168_Swope,202.2,38.2,True,
21693_1999_RT44,258.5,67.7,True,
216956_1999_XN72,141.5,-1.1,True,
216975_2000_NS3,57.9,-35.5,True,
2171_Kiev,208.3,-79.2,True,
217231_2003_BY46,101.0,-52.9,True,
21727_Rhines,218.9,15.2,True,
21731_Zhuruochen,111.5,-51.9,True,
21734_1999_RM146,153.9,-10.8,True,
217379_2004_UK4,63.5,-66.4,True,
2173_Maresjev,242.5,-57.6,True,
21740_1999_RR159,124.2,23.7,True,
21749_1999_RM172,196.2,38.3,True,
21757_1999_RQ194,269.5,68.0,True,
21761_1999_RB201,161.1,39.4,True,
21763_1999_RR201,69.6,23.4,True,
217661_1998_SK54,76.3,-74.3,True,
217666_1998_SJ116,132.8,13.3,True,
21768_1999_RL210,310.5,3.8,True,
2176_Donar,170.9,-34.3,True,
217703_1999_TH130,261.2,74.8,True,
21770_Wangyiran,157.2,-64.0,True,
21772_1999_RU211,287.3,-81.0,True,
217735_2000_AG40,201.7,23.0,True,
217736_2000_AE197,184.5,31.8,True,
21786_1999_SB4,74.2,-37.4,True,
217887_2001_RV92,99.1,66.8,True,
217905_2001_SG109,185.1,31.5,True,
217923_2001_SR345,47.1,-64.9,True,
217935_2001_TZ78,141.6,-62.8,True,
21795_Masi,95.5,-38.3,True,
21797_1999_SW11,203.6,66.1,True,
21802_Svoren,238.9,-81.0,True,
21803_1999_TC7,224.1,-78.2,True,
21805_1999_TQ9,163.5,-85.2,True,
218074_2002_GR70,167.1,-74.2,True,
21807_1999_TH14,66.6,-36.6,True,
218083_2002_GQ134,245.4,-80.3,True,
21809_1999_TG19,97.8,-52.7,True,
21811_Burroughs,59.0,9.0,True,
21817_Yingling,153.0,-26.4,True,
21818_Yurkanin,213.5,13.5,True,
21819_1999_TX32,64.4,-66.8,True,
2181_Fogelin,149.9,-62.2,True,
218212_2002_TK278,160.5,-24.0,True,
218258_2003_AE55,97.3,-23.3,True,
21828_1999_TN92,63.8,-51.0,True,
218295_2003_QG12,228.3,17.9,True,
218296_2003_QN54,220.5,0.5,True,
218299_2003_RK12,82.3,-50.8,True,
21829_Kaylacornale,51.2,79.0,True,
21830_1999_TW93,203.8,86.2,True,
218352_2004_FB110,273.5,-5.7,True,
21840_Ghoshchoudhury,250.5,-36.6,True,
218413_2004_RU87,94.4,6.4,True,
21841_1999_TE102,163.4,83.0,True,
218500_2004_TT77,129.4,-76.1,True,
218531_2004_TA358,137.4,76.4,True,
218538_2004_VV26,133.7,-2.8,True,
218541_2004_VW74,90.8,48.0,True,
218609_2005_OZ3,214.8,-16.7,True,
21867_1999_TQ251,47.0,29.6,True,
2186_Keldysh,94.3,66.4,True,
21878_1999_UF13,202.1,41.3,True,
2187_La_Silla,265.3,8.7,True,
21885_1999_UY27,105.0,22.1,True,
21889_1999_UJ47,187.6,-53.2,True,
21893_1999_VL4,140.6,82.9,True,
21895_1999_VA5,85.4,-8.5,True,
21896_1999_VM6,129.7,-80.8,True,
218988_2008_HH9,181.1,-81.4,True,
21899_1999_VU8,13.0,-37.7,True,
2189_Zaragoza,20.0,82.9,True,
21901_1999_VZ11,226.7,46.9,True,
21903_Wallace,338.2,75.7,True,
219072_1997_YW9,16.7,-83.0,True,
219086_1998_QZ83,175.8,-68.2,True,
219094_1998_RN79,142.3,29.5,True,
2190_Coubertin,223.8,-58.5,True,
21912_1999_VL24,64.5,-62.9,True,
21916_1999_VU37,215.3,-28.9,True,
2191_Uppsala,255.3,-22.5,True,
21923_1999_VT52,338.6,75.4,True,
21928_Prabakaran,86.8,51.6,True,
2192_Pyatigoriya,95.0,65.9,True,
21934_1999_VY71,260.9,-6.7,True,
2193_Jackson,130.9,-76.2,True,
21943_Diannacowern,67.8,23.8,True,
219458_2000_XU2,65.0,24.2,True,
219497_2001_FC88,158.7,-76.1,True,
219525_2001_QG97,340.9,-77.9,True,
219526_2001_QE117,48.4,-64.6,True,
21954_1999_VU178,149.7,-79.5,True,
219593_2001_TN34,302.3,-20.4,True,
219595_2001_TR39,141.8,-0.8,True,
219597_2001_TJ44,94.2,-23.4,True,
2195_Tengstrom,215.4,59.1,True,
219638_2001_UB65,110.3,53.8,True,
219663_2001_VZ13,236.6,-78.2,True,
21967_1999_WS9,197.3,36.8,True,
21969_1999_WJ17,55.8,79.4,True,
2196_Ellicott,178.4,31.2,True,
219701_2001_XA30,256.8,-84.2,True,
219706_2001_XN43,69.9,21.8,True,
21971_1999_XG,153.8,34.3,True,
219744_2001_XW238,86.5,-83.0,True,
21974_1999_XV1,201.2,38.8,True,
219773_2001_YD138,164.3,60.3,True,
21977_1999_XW2,324.9,-77.9,True,
219781_2002_AA25,68.6,38.6,True,
21978_1999_XW3,151.3,18.8,True,
2197_Shanghai,202.0,80.7,True,
219803_2002_AX151,58.7,-5.2,True,
21983_1999_XB12,193.9,65.5,True,
21984_1999_XC12,225.0,-11.8,True,
219859_2002_CX245,65.2,8.9,True,
21986_Alexanduribe,98.3,52.1,True,
21989_Werntz,281.1,-85.7,True,
2198_Ceplecha,137.7,-16.3,True,
219917_2002_GP26,105.4,22.6,True,
21992_1999_XZ23,110.8,-7.0,True,
21998_1999_XH37,354.0,72.6,True,
21999_Disora,182.8,-66.5,True,
219_Thusnelda,139.3,46.4,True,
220061_2002_RA141,115.3,72.8,True,
22008_1999_XM71,121.6,-5.0,True,
22009_1999_XK77,126.6,-50.1,True,
2200_Pasadena,241.1,50.1,True,
22011_1999_XR81,170.8,11.7,True,
22016_1999_XU101,185.4,55.4,True,
22018_1999_XK105,240.4,-25.1,True,
22019_Leviticusalewis,275.0,38.1,True,
22027_Romanakofler,237.6,66.1,True,
220364_2003_NT12,120.2,-80.0,True,
22036_1999_XL181,228.5,58.4,True,
22037_1999_XQ181,119.3,87.2,True,
220391_2003_QM72,203.2,40.3,True,
22056_2000_AU31,155.4,-65.9,True,
2205_Glinka,218.1,-16.3,True,
220622_2004_PH91,97.3,-9.2,True,
22062_2000_AL99,133.5,-32.7,True,
22063_Dansealey,262.8,-36.3,True,
22064_Angelalewis,47.8,-64.9,True,
22066_2000_AX100,71.2,-36.9,True,
220679_2004_RR220,83.6,-62.4,True,
22068_2000_AG103,0.5,80.6,True,
2206_Gabrova,248.9,79.1,True,
220705_2004_RU325,119.2,-78.9,True,
22072_2000_AT112,227.8,32.9,True,
220734_2004_TM15,158.7,34.4,True,
220736_Niihama,27.7,-11.4,True,
22075_2000_AL138,176.9,59.2,True,
220777_2004_TU137,133.5,-17.5,True,
220815_2004_TZ273,209.5,41.6,True,
22082_Rountree,158.8,-24.3,True,
220842_2004_VD2,205.6,-65.6,True,
22085_2000_AA169,152.0,-59.2,True,
22086_2000_AG170,64.7,-35.8,True,
22091_2000_AY186,313.6,79.2,True,
22092_2000_AQ199,143.1,82.3,True,
22095_2000_AY204,235.6,-77.9,True,
22098_2000_BJ16,206.9,-3.3,True,
2209_Tianjin,267.0,-82.0,True,
22102_Karenlamb,221.9,70.0,True,
22108_2000_PD,216.2,71.9,True,
22117_2000_SX39,149.9,-65.8,True,
221189_2005_UN41,297.3,-80.4,True,
22120_Gaylefarrar,100.1,-81.5,True,
22123_2000_SG172,170.7,-72.1,True,
221240_2005_UT214,245.9,52.0,True,
22125_2000_SH186,181.9,16.6,True,
22128_2000_SH242,96.1,51.8,True,
221372_2005_XN6,94.3,6.5,True,
22156_Richoffman,186.7,74.8,True,
22164_2000_WE135,117.5,-62.3,True,
2216_Kerch,215.0,79.2,True,
221701_2007_DZ75,48.2,66.2,True,
22171_Choi,197.7,-40.5,True,
22173_Myersdavis,80.2,66.5,True,
2218_Wotho,24.5,31.7,True,
22190_Stellakwee,279.1,-50.9,True,
22191_Achucarro,127.4,-33.9,True,
22195_Nevadodelruiz,275.4,50.2,True,
2219_Mannucci,67.7,63.6,True,
22201_4584_P_L,104.3,52.8,True,
222067_1999_AJ10,283.9,-6.4,True,
22206_6735_P_L,113.3,-66.3,True,
22208_7605_P_L,160.4,-77.1,True,
2220_Hicks,241.0,5.9,True,
222163_2000_AB55,154.7,80.7,True,
222164_2000_AM65,165.5,-55.0,True,
222176_2000_BR24,26.9,77.0,True,
22217_1260_T_2,218.9,-81.6,True,
2221_Chilton,219.1,83.3,True,
222244_2000_LT21,142.5,56.9,True,
222269_2000_RL13,40.4,-63.6,True,
222306_2000_SU290,280.2,51.2,True,
222353_2000_WX128,260.0,76.5,True,
222369_2000_YZ12,277.1,-49.3,True,
22239_4030_T_3,99.8,37.1,True,
22244_4235_T_3,158.3,51.9,True,
222458_2001_RL25,140.9,14.1,True,
22247_4611_T_3,129.7,-65.4,True,
22248_5029_T_3,80.6,20.9,True,
222496_2001_SC276,205.5,26.2,True,
222501_2001_ST315,100.6,6.3,True,
222503_2001_TE9,76.2,-22.8,True,
222509_2001_TR44,106.5,-65.0,True,
222524_2001_TW198,308.1,46.7,True,
222546_2001_VS2,301.2,-32.8,True,
22255_1978_VX4,195.4,-51.1,True,
222597_2001_XE7,319.6,-79.9,True,
222645_2001_XE160,75.0,37.2,True,
22270_1981_EQ30,212.4,-40.5,True,
222740_2002_BK4,98.2,68.4,True,
22274_1981_RN,358.3,-27.3,True,
222833_2002_EL13,347.9,46.4,True,
22286_1988_BO3,306.7,-58.7,True,
22288_1988_TR2,279.2,52.1,True,
222951_2002_PM98,145.3,49.2,True,
22298_1990_EJ,184.4,1.9,True,
22299_Georgesteiner,228.6,-38.2,True,
22304_1990_RU9,248.9,-7.7,True,
22305_1990_SD2,220.2,-84.0,True,
2230_Yunnan,98.6,-83.3,True,
22312_Kelly,173.6,-52.9,True,
223139_2002_VD120,178.6,15.2,True,
22324_1991_RQ9,55.6,-65.1,True,
22325_1991_RE19,139.0,-30.1,True,
22326_1991_SZ,137.6,-47.2,True,
22335_1992_ED18,130.2,28.3,True,
22339_1992_OL3,248.1,-82.6,True,
22346_Katsumatatakashi,238.9,-22.6,True,
22347_Mishinatakashi,61.8,-35.8,True,
2234_Schmadel,283.7,36.6,True,
22354_Sposetti,90.0,-38.3,True,
22357_1992_YJ,200.6,51.2,True,
223688_2004_QQ17,23.9,64.5,True,
2236_Austrasia,70.7,-22.3,True,
223738_2004_RA153,128.1,-4.2,True,
223827_2004_TC122,159.8,-76.6,True,
22388_1994_PC15,207.4,27.2,True,
2238_Steshenko,171.3,-3.7,True,
223914_2004_VH82,191.9,37.0,True,
223936_2004_XT7,237.6,-80.2,True,
22393_1994_QV,228.3,-52.7,True,
223944_2004_XE27,145.6,-44.9,True,
223984_2005_AE17,123.5,-34.5,True,
223990_2005_CH24,163.6,-69.3,True,
22400_1995_CC,144.9,47.5,True,
22411_1995_TR,169.8,-19.8,True,
2241_Alcathous,24.9,21.2,True,
22421_Jamesedgar,133.0,77.8,True,
22426_Mikehanes,62.3,-82.7,True,
22428_1996_DT,266.7,8.5,True,
2242_Balaton,66.4,68.2,True,
22432_Pamgriffin,224.9,3.3,True,
224488_2005_WQ1,229.0,-77.7,True,
22449_Ottijeff,100.2,-53.1,True,
224553_2005_WE151,80.2,-53.1,True,
224658_2005_YM287,99.7,-37.2,True,
22467_Koharumi,47.2,-17.6,True,
224722_2006_BD181,119.1,-77.9,True,
22476_1997_EM23,160.9,24.5,True,
22479_1997_FY1,165.7,70.4,True,
22487_Megphillips,250.2,-80.9,True,
22491_1997_GX32,89.8,-53.4,True,
22498_Willman,101.3,21.7,True,
22499_Wunibaldkamm,213.0,59.4,True,
224_Oceana,85.6,-53.4,True,
22500_Grazianoventre,157.9,-54.2,True,
22511_1997_YC10,82.8,-23.3,True,
225148_2008_GC23,118.3,-66.7,True,
22514_1998_DN5,189.1,-11.7,True,
22515_1998_DJ15,54.8,-4.9,True,
22516_1998_DN28,246.9,-80.5,True,
22519_Gerardklein,142.7,-29.5,True,
22523_1998_EZ10,177.6,77.0,True,
22525_1998_FB12,288.6,-81.6,True,
2252_CERGA,225.0,-12.3,True,
225496_2000_KX2,154.9,-59.7,True,
225518_2000_QJ179,75.7,-66.3,True,
22555_Joevellone,202.5,-37.1,True,
2255_Qinghai,127.4,-81.5,True,
225628_2001_CS14,17.6,68.0,True,
22568_1998_HR34,163.4,39.2,True,
2256_Wisniewski,182.8,31.3,True,
225774_2001_TB21,170.9,62.3,True,
225790_2001_UY111,91.9,51.3,True,
225835_2001_XT80,129.9,-18.4,True,
22585_1998_HM92,170.4,-52.9,True,
225870_2001_XU239,53.7,-86.9,True,
225878_2001_YB62,136.7,44.8,True,
225898_2002_AA1,98.3,-38.2,True,
225972_2002_CB141,179.4,-30.6,True,
2259_Sofievka,223.9,-28.6,True,
22601_1998_HD124,262.4,37.9,True,
226043_2002_GD57,144.0,-76.1,True,
22624_1998_KS34,5.0,81.2,True,
22629_1998_KF40,163.1,39.1,True,
2262_Mitidika,53.2,65.3,True,
22632_DiNovis,182.1,85.6,True,
22634_1998_MN7,100.2,-68.2,True,
226414_2003_QE106,102.1,69.1,True,
226444_2003_SN65,126.3,-3.9,True,
22644_Matejbel,122.5,73.5,True,
226576_2003_YT34,150.9,-27.9,True,
2265_Verbaandert,260.4,67.4,True,
22660_1998_QB16,111.7,83.7,True,
22662_1998_QL18,103.8,-66.7,True,
226644_2004_FO69,305.6,-79.3,True,
22665_1998_QL23,172.9,75.9,True,
22668_1998_QF26,208.7,-18.8,True,
226738_2004_RY1,213.4,50.0,True,
22678_1998_QB42,92.5,-80.3,True,
2267_Agassiz,25.3,76.4,True,
22683_1998_QB48,223.2,47.9,True,
226858_Ivanpuluj,110.8,-37.2,True,
22689_1998_QQ84,207.9,-52.7,True,
226905_2004_TN185,323.5,0.5,True,
22701_Cyannaskye,83.9,-53.2,True,
22703_1998_RO44,356.3,76.4,True,
22710_1998_RF75,96.3,66.5,True,
22719_Nakadori,140.2,61.9,True,
227207_2005_QK145,127.0,-3.8,True,
22721_1998_ST50,191.9,72.7,True,
22722_Timothycooper,140.8,15.9,True,
22724_Byatt,95.6,-23.3,True,
22728_1998_SH106,126.8,-48.7,True,
22731_1998_SD122,184.2,-63.9,True,
22732_Jakpor,145.9,-72.4,True,
227330_2005_UM,208.3,-53.4,True,
22733_1998_SN132,144.0,86.6,True,
22734_Theojones,257.6,67.3,True,
22737_1998_SY139,220.7,-31.2,True,
22741_1998_SQ154,232.9,86.9,True,
22744_Esterantonucci,121.3,40.6,True,
22745_Rikuzentakata,140.1,29.8,True,
22749_1998_UF19,74.1,-67.6,True,
22750_1998_US20,107.8,-22.4,True,
22754_Olympus,195.0,20.4,True,
2276_Warck,90.9,-23.4,True,
22781_1999_GN4,201.2,-50.6,True,
22782_Kushalnaik,53.0,79.1,True,
22784_Theresaoei,267.3,-36.5,True,
22787_1999_JL81,208.3,-52.9,True,
22796_1999_NH18,157.1,44.5,True,
2279_Barto,264.1,83.2,True,
228045_2008_HW12,358.9,61.1,True,
22809_Kensiequade,159.1,20.6,True,
228124_2008_YC7,312.3,-82.8,True,
22822_1999_RT35,122.2,-34.8,True,
22828_Jaynethomp,261.2,-82.9,True,
2282_Andres_Bello,85.5,-23.4,True,
228316_2000_QE32,64.8,65.8,True,
22831_Trevanvoorth,117.4,40.4,True,
22835_Rickgardner,130.7,43.7,True,
2283_Bunke,105.6,66.7,True,
22849_1999_RZ125,258.8,53.1,True,
2284_San_Juan,79.5,83.9,True,
22852_Kinney,125.8,86.2,True,
228625_2002_CB126,149.5,16.9,True,
228640_2002_EU15,165.7,56.1,True,
22864_1999_RO161,64.6,-80.4,True,
22867_1999_RZ184,225.3,47.9,True,
22869_Brianmcfar,179.0,-57.3,True,
22870_Rosing,94.2,-23.4,True,
228765_2002_VH131,273.7,9.0,True,
22879_1999_RJ211,109.5,7.0,True,
22888_1999_SL4,93.3,36.5,True,
228977_2003_UH271,209.8,40.9,True,
22897_1999_TH7,166.2,-68.7,True,
228999_2003_WN141,152.1,-11.5,True,
229057_2004_FB137,312.4,2.3,True,
22913_Brockman,173.6,26.3,True,
229217_2004_VN73,80.2,-63.3,True,
2292_Seili,228.5,18.0,True,
229378_2005_SN8,79.1,-67.4,True,
22941_1999_TG194,104.1,-51.8,True,
22945_Schikowski,246.4,-8.7,True,
22946_1999_TH218,107.0,66.6,True,
2294_Andronikov,109.9,82.3,True,
22969_1999_VD6,179.0,76.6,True,
22972_1999_VR12,271.1,76.3,True,
22976_1999_VY23,250.0,50.8,True,
229775_2008_LM15,82.5,-53.1,True,
229782_2008_PZ3,61.0,-5.7,True,
22978_Nyrola,157.6,-24.4,True,
22979_1999_VG25,156.0,-77.8,True,
22984_1999_VP36,274.0,-83.6,True,
229_Adelinda,251.8,-81.4,True,
22_Kalliope,189.9,-24.5,True,
230088_2000_WJ140,122.7,57.3,True,
23009_1999_VL149,221.9,-65.2,True,
2300_Stebbins,224.8,60.7,True,
230177_2001_RU80,136.1,-1.1,True,
230190_2001_SZ85,85.5,67.3,True,
23021_1999_WR3,63.2,23.2,True,
23027_1999_WV17,133.3,73.1,True,
23032_Fossey,188.1,-79.3,True,
230342_2002_CO215,105.3,-52.8,True,
230351_2002_CN289,107.4,66.7,True,
230411_2002_LZ20,12.9,62.1,True,
23051_1999_XF37,206.6,78.4,True,
23058_1999_XP45,200.2,-38.7,True,
2306_Bauschinger,163.9,-67.1,True,
230743_2003_WM30,301.8,20.2,True,
230762_2003_WP192,170.2,-4.2,True,
23078_1999_XB95,188.9,3.8,True,
230795_2004_DW17,123.0,78.5,True,
2307_Garuda,301.1,20.4,True,
23080_1999_XH100,184.9,2.1,True,
2308_Schilt,145.5,15.5,True,
23094_1999_XF143,197.3,39.1,True,
23098_Huanghuang,90.0,51.5,True,
231008_2005_EP36,66.7,72.8,True,
23102_Dayanli,86.3,-38.4,True,
23103_1999_XK169,221.3,31.5,True,
23104_1999_XK182,197.2,-21.8,True,
23105_1999_XN184,68.5,-22.0,True,
23111_Fritzperls,261.6,-51.3,True,
23115_Valcourt,74.8,66.4,True,
23118_2000_AU27,118.4,-20.9,True,
23125_2000_AK94,205.7,39.6,True,
23129_2000_AO100,218.8,77.6,True,
2312_Duboshin,213.3,-58.4,True,
231311_2006_BN214,138.7,43.5,True,
23135_Pheidas,177.5,72.5,True,
23137_2000_AV148,151.9,75.0,True,
23143_2000_AZ177,226.2,-29.0,True,
23144_2000_AY182,146.8,46.8,True,
23146_2000_AM200,192.3,37.2,True,
23149_2000_AF244,84.8,51.1,True,
2314_Field,134.4,-80.6,True,
23150_2000_AG244,64.8,-47.3,True,
23152_2000_CS8,141.5,-78.3,True,
23166_Bilal,156.8,-80.5,True,
23168_Lauriefletch,231.0,-10.6,True,
23174_2000_HM40,239.7,35.7,True,
231763_1999_UH36,65.2,-35.6,True,
23179_Niedermeyer,357.7,-86.1,True,
2317_Galya,236.4,35.1,True,
231837_2000_QD117,91.4,-67.6,True,
231856_2000_SJ138,213.2,58.5,True,
23191_Sujaytyle,226.0,61.6,True,
231958_2001_PF28,243.4,36.4,True,
2319_Aristides,251.2,-7.6,True,
23200_2000_SH3,237.3,73.3,True,
23201_2000_SJ42,251.5,67.7,True,
23204_Arditkroni,166.5,-65.0,True,
23210_2000_SA293,117.7,-6.8,True,
232167_2002_DC10,168.8,67.8,True,
23216_Mikehagler,91.9,-53.4,True,
23217_Nayana,212.6,28.4,True,
23219_2000_VW23,227.2,-13.2,True,
23221_Delgado,211.3,-33.2,True,
23222_2000_VZ53,172.9,40.3,True,
23224_2000_WD10,149.8,72.7,True,
23228_Nandinisarma,144.1,59.4,True,
2323_Zverev,169.7,77.5,True,
23247_2000_WG174,205.1,69.7,True,
23248_Batchelor,231.9,47.1,True,
23253_2000_YY12,171.0,-3.9,True,
23255_2000_YD17,73.9,-22.6,True,
23258_Tsuihark,184.1,-70.1,True,
23263_2000_YE46,22.8,64.2,True,
23278_2000_YD105,69.2,50.7,True,
2327_Gershberg,266.0,-6.6,True,
232885_2004_XT3,134.6,-2.5,True,
23288_2000_YG123,82.4,36.7,True,
23289_Naruhirata,163.0,50.8,True,
2328_Robeson,283.6,67.9,True,
23294_Sunao,235.5,-82.3,True,
23302_2001_AB17,251.3,67.5,True,
233045_2005_GE37,63.9,73.8,True,
23304_2001_AN17,248.0,52.0,True,
23305_2001_AH18,64.1,67.1,True,
23306_Adamfields,112.3,-37.0,True,
23309_2001_AX22,28.1,76.1,True,
2330_Ontake,211.9,59.8,True,
23311_2001_AM29,212.2,80.0,True,
23318_Salvadorsanchez,125.9,-34.8,True,
23328_2001_BM34,274.1,79.5,True,
2333_Porthan,178.6,76.0,True,
233449_2006_HS110,205.5,79.8,True,
23344_4612_P_L,133.8,-77.7,True,
233456_2006_JS38,29.7,64.2,True,
23348_6046_P_L,79.5,36.5,True,
233495_2007_DF48,75.8,-7.8,True,
23356_1194_T_1,121.5,58.0,True,
233584_2007_RQ2,31.3,15.5,True,
23369_1295_T_2,302.7,-82.6,True,
2336_Xinjiang,186.4,-12.3,True,
23379_3159_T_2,121.9,-4.9,True,
23382_Epistrophos,128.7,-3.2,True,
23384_5163_T_2,157.7,-22.8,True,
23388_1168_T_3,115.2,-6.9,True,
2338_Bokhan,186.5,82.1,True,
23399_5132_T_3,131.3,44.1,True,
23409_Derzhavin,243.0,67.0,True,
234120_1999_XD23,193.0,-77.8,True,
234167_2000_KV69,73.2,-52.7,True,
234177_2000_QZ1,88.1,21.0,True,
23422_1981_DF1,245.4,36.7,True,
234271_2000_WP16,131.5,85.8,True,
2342_Lebedev,225.4,77.6,True,
234307_2001_AO37,168.9,-73.9,True,
23434_1981_UB23,100.6,-8.0,True,
23436_Alekfursenko,100.3,-37.9,True,
23446_1987_SJ2,178.7,-47.1,True,
23448_Yasudatakeshi,218.0,58.4,True,
2344_Xizang,199.0,38.1,True,
23452_Drew,128.5,-80.2,True,
23455_Fumi,308.3,18.8,True,
23456_1989_DB,272.6,68.1,True,
23458_1989_RY1,227.8,-82.5,True,
23459_1989_ST4,127.8,72.7,True,
23468_Kannabe,278.4,78.7,True,
234690_2002_GG110,131.1,-2.5,True,
23469_Neilpeart,192.5,48.6,True,
2346_Lilio,113.3,80.4,True,
23473_Voss,149.8,46.6,True,
23475_Nakazawa,215.0,-30.8,True,
23477_Wallenstadt,213.3,-73.8,True,
234_Barbara,263.8,-6.3,True,
235044_2003_FK59,110.7,-37.1,True,
23504_Haneda,139.0,83.0,True,
23505_1992_EB4,67.6,64.1,True,
2350_von_Lude,233.7,19.3,True,
23511_1992_PB2,155.5,4.6,True,
235121_2003_QK21,75.1,-22.7,True,
235150_2003_QT114,84.9,36.7,True,
23518_1992_SP1,55.4,-43.9,True,
2351_O_Higgins,230.0,47.8,True,
23522_1992_WC9,227.6,45.9,True,
235281_2003_UV17,49.0,56.3,True,
23536_1993_QS9,242.1,-9.0,True,
235374_2003_WE39,185.2,-81.3,True,
23544_1993_XW,191.5,-69.5,True,
23547_Tognelli,234.2,-56.4,True,
23552_1994_NB,65.3,4.7,True,
23554_1994_PJ11,138.1,57.6,True,
2355_Nei_Monggol,11.9,71.3,True,
23562_Hyodokenichi,316.5,1.2,True,
235661_2004_RB221,205.0,23.6,True,
23566_1994_WS1,104.7,65.3,True,
23567_1994_YG,203.7,-49.3,True,
23574_1995_BX,55.4,69.3,True,
23575_1995_BE2,182.2,16.9,True,
23576_1995_DZ3,229.6,46.5,True,
235788_2004_XP6,147.5,47.6,True,
23578_Baedeker,192.9,83.9,True,
23588_1995_UX3,122.1,-82.3,True,
23591_Yanagisawa,239.1,-56.4,True,
23592_1995_UB47,150.8,-27.4,True,
235_Carolina,215.0,-56.1,True,
23604_1996_AL,185.7,-29.4,True,
23609_1996_AU6,106.2,37.8,True,
23611_1996_BO3,205.9,-77.8,True,
23612_Ramzel,221.1,-50.9,True,
23617_Duna,104.6,-51.8,True,
23619_1996_JX7,22.4,81.0,True,
23622_1996_RW29,228.1,-75.6,True,
23631_1997_AG,250.6,82.3,True,
23633_1997_AF3,129.0,-77.6,True,
23640_1997_AY7,226.3,62.5,True,
23648_Kolar,78.0,49.5,True,
2364_Seillier,194.4,33.7,True,
2365_Interkosmos,114.1,80.6,True,
236710_2007_EC213,193.3,-58.7,True,
236718_2007_GO8,144.4,1.0,True,
23676_Tomitayoshihiro,170.2,-81.5,True,
23680_Kerryking,116.8,-36.3,True,
23692_Nandatianwenners,189.2,19.8,True,
23695_1997_MS4,76.6,87.4,True,
2369_Chekhov,251.6,-7.4,True,
237015_2008_SL2,137.8,-80.9,True,
23703_1997_RJ1,153.6,-78.6,True,
23705_1997_SQ14,215.8,-1.2,True,
23709_1997_TA28,116.6,9.0,True,
2372_Proskurin,125.2,41.5,True,
237403_1998_QS73,83.3,36.4,True,
237430_1999_JL4,324.0,-14.2,True,
23746_1998_KQ19,150.3,-59.4,True,
2374_Vladvysotskij,276.1,37.9,True,
23750_Stepciechan,138.2,-45.4,True,
237519_2000_SO47,349.0,74.7,True,
237583_2001_FO4,114.0,66.7,True,
23760_1998_KM61,67.0,-6.9,True,
237613_2001_QD249,120.3,55.4,True,
237665_2001_SV230,300.6,60.2,True,
2378_Pannekoek,73.1,-67.9,True,
237909_2002_PC58,179.7,-69.5,True,
23791_Kaysonconlin,211.6,-16.5,True,
23793_1998_QK26,148.4,62.4,True,
23794_1998_QG29,59.3,-82.0,True,
23795_1998_QW32,50.6,62.2,True,
237961_2002_RM140,100.4,-38.0,True,
23797_1998_QR36,56.4,78.2,True,
237986_2002_SZ25,94.1,67.1,True,
2379_Heiskanen,131.6,-2.9,True,
23802_1998_QA39,207.2,38.1,True,
23805_1998_QB40,165.2,-75.3,True,
23809_Haswell,34.8,-83.7,True,
2380_Heilongjiang,261.0,23.2,True,
23810_1998_QO45,114.5,-21.5,True,
23813_1998_QT46,178.1,46.1,True,
23816_Rohitkamat,68.4,66.0,True,
23818_Matthewlepow,80.2,-81.3,True,
23824_1998_QX72,113.6,-6.5,True,
238273_2003_WY71,73.3,50.7,True,
23827_1998_QG74,186.2,51.1,True,
2382_Nonie,205.1,-5.5,True,
23830_1998_QZ85,82.9,51.8,True,
23842_1998_QM106,116.6,-21.2,True,
238450_2004_PK100,80.2,36.5,True,
23848_1998_RJ1,85.6,66.6,True,
2384_Schulhof,128.4,-47.6,True,
23855_Brandonshih,347.4,-86.9,True,
23856_1998_RU47,317.5,47.6,True,
23857_1998_RT50,202.7,61.6,True,
23858_Ambrosesoehn,135.3,61.8,True,
23860_1998_RU56,187.5,-12.1,True,
23862_1998_RU59,85.4,-82.3,True,
23865_Karlsorensen,210.8,-31.5,True,
23866_1998_RC69,140.7,-45.3,True,
23870_1998_RW75,259.9,-21.7,True,
23879_Demura,157.8,-58.2,True,
2387_Xi_an,216.9,14.6,True,
23880_Tongil,185.0,18.5,True,
23886_Toshihamane,67.2,34.5,True,
238963_2006_BJ115,105.9,-22.6,True,
23896_Tatsuaki,280.1,68.2,True,
23898_Takir,128.6,-82.1,True,
23899_Kornos,171.9,44.7,True,
239044_2006_DX201,332.2,-28.6,True,
23908_1998_SL80,323.9,-79.1,True,
2391_Tomita,230.4,-11.8,True,
239211_2006_QY23,101.8,-23.0,True,
23922_Tawadros,213.6,43.1,True,
23923_1998_SA137,291.0,51.4,True,
23931_Ibuki,121.3,41.8,True,
23936_1998_TV6,212.9,-82.4,True,
23939_1998_TV33,118.5,72.6,True,
23941_1998_UW1,190.9,-42.2,True,
23944_Dusser,266.2,-36.4,True,
23945_1998_US4,90.3,-72.5,True,
239487_2007_UD105,144.0,-30.0,True,
23949_Dazapata,110.0,81.8,True,
239534_2008_SO12,140.3,-15.5,True,
23953_1998_UV30,81.9,-53.0,True,
23962_1998_WO1,204.3,40.7,True,
23963_1998_WY8,171.7,79.3,True,
23964_1998_WR15,168.8,26.5,True,
239677_2008_YM37,70.4,-64.3,True,
23973_1999_CA4,246.4,79.9,True,
239759_2010_BY2,80.9,14.7,True,
239795_1273_T_2,89.1,-38.4,True,
23983_1999_NS11,88.9,-8.6,True,
239852_1999_VR190,171.9,12.2,True,
2398_Jilin,294.5,82.5,True,
23993_1999_RS13,256.5,8.2,True,
23995_Oechsle,174.2,43.1,True,
23996_1999_RT27,102.9,37.3,True,
240036_2001_UU115,126.2,25.3,True,
2400_Derevskaya,214.3,-50.4,True,
24018_1999_RU134,31.1,-28.5,True,
2401_Aehlita,109.7,-67.7,True,
24026_Pusateri,156.2,-77.5,True,
240385_2003_TV3,134.2,-2.0,True,
24039_1999_SS8,171.3,60.2,True,
2403_Sumava,241.5,-39.4,True,
24043_1999_SD13,260.4,-6.2,True,
240446_2003_YT15,116.5,-6.0,True,
240447_2003_YV15,136.0,29.6,True,
24045_Unruh,193.4,-69.9,True,
24047_Latorredelsole,158.1,72.0,True,
2404_Antarctica,261.0,8.2,True,
24076_1999_TL223,80.7,65.2,True,
2407_Haug,232.2,86.2,True,
24080_1999_TU247,103.1,51.8,True,
24082_1999_TD248,218.7,-31.2,True,
24083_1999_TM283,146.8,-13.4,True,
240896_2006_DW87,75.0,22.4,True,
2408_Astapovich,79.7,65.3,True,
240969_2006_JH10,158.9,-77.7,True,
24099_1999_VF8,177.8,46.0,True,
241020_2006_QC30,312.0,-71.8,True,
24105_Broughton,307.7,85.8,True,
24107_1999_VS19,126.5,9.7,True,
241102_2007_HO,290.3,8.7,True,
241151_2007_RT37,73.1,-37.5,True,
24116_1999_VK24,183.4,-45.1,True,
24127_1999_VZ52,42.1,-40.0,True,
2415_Ganesa,91.8,-68.1,True,
241610_1999_SZ13,45.8,-81.4,True,
241618_1999_TY271,63.9,24.4,True,
241624_1999_VU52,168.9,75.2,True,
241638_1999_XO153,221.2,77.2,True,
241673_2000_QG70,267.7,23.4,True,
241676_2000_QW158,129.2,70.2,True,
241677_2000_QG161,48.3,60.6,True,
241700_2000_SV175,144.6,-28.5,True,
24170_1999_WB13,78.9,67.0,True,
24172_1999_XG1,214.0,43.7,True,
24177_1999_XJ7,244.3,36.0,True,
24179_1999_XS7,112.8,55.2,True,
24185_1999_XM14,108.9,-22.3,True,
24188_Matthewage,111.5,-36.7,True,
2418_Voskovec_Werich,194.8,78.7,True,
24196_1999_XG37,125.4,42.6,True,
24199_Tsarevsky,281.8,-85.8,True,
2419_Moldavia,123.4,83.0,True,
24200_Peterbrooks,284.0,-83.9,True,
24207_1999_XJ49,125.6,41.6,True,
24208_Stelguerrero,292.7,-83.1,True,
24210_Handsberry,160.7,21.9,True,
242159_2003_FK28,42.3,-30.1,True,
24215_Jongastel,103.8,7.2,True,
2421_Nininger,224.5,-39.9,True,
24220_1999_XJ72,147.2,2.0,True,
242251_2003_SU252,159.0,-63.4,True,
24225_1999_XV80,147.3,-61.7,True,
242312_2003_WU104,151.6,2.4,True,
24234_1999_XA95,167.8,59.3,True,
242359_2004_BV144,131.6,45.0,True,
24238_Adkerson,162.4,52.9,True,
2423_Ibarruri,193.9,78.1,True,
242419_2004_HJ19,231.6,-81.6,True,
24243_1999_XL101,244.2,21.3,True,
24247_1999_XD105,58.4,65.9,True,
24255_1999_XR124,218.8,0.1,True,
24258_1999_XH127,66.4,-51.9,True,
24259_Chriswalker,144.7,-61.5,True,
2425_Shenzhen,275.9,38.1,True,
242617_2005_JE141,152.2,62.4,True,
24261_Judilegault,156.8,59.8,True,
242656_2005_QC41,97.2,-67.7,True,
24272_1999_XE165,194.4,80.0,True,
24276_1999_XO169,197.0,-50.8,True,
24280_Rohenderson,254.8,52.7,True,
24283_1999_XE179,294.3,-39.8,True,
24285_1999_XC188,83.6,-53.1,True,
24295_1999_XX200,59.6,-78.4,True,
24298_1999_XC221,242.0,-56.8,True,
2429_Schurer,330.2,-41.2,True,
242_Kriemhild,218.4,-76.6,True,
24301_Gural,84.0,66.2,True,
24307_1999_YB7,135.5,-1.5,True,
243085_2007_OM4,142.2,-14.9,True,
24312_1999_YO22,132.7,-49.0,True,
24313_1999_YR27,108.4,7.9,True,
24314_2000_AQ2,87.8,-87.4,True,
24318_Vivianlee,88.3,-83.4,True,
2431_Skovoroda,56.7,-19.9,True,
24320_2000_AS17,71.5,71.0,True,
24324_2000_AT51,242.0,71.1,True,
2432_Soomana,323.0,-55.9,True,
24338_2000_AE80,114.3,8.7,True,
24339_2000_AK84,218.2,-68.2,True,
2433_Sootiyo,204.9,-54.6,True,
243472_2009_SD214,117.4,56.2,True,
24349_2000_AA103,108.6,69.1,True,
2434_Bateson,131.9,-2.9,True,
24360_2000_AG120,237.7,-24.3,True,
243628_1999_RG131,161.0,-76.7,True,
24362_2000_AR120,342.6,-7.4,True,
243648_1999_TX176,97.9,-8.2,True,
24368_2000_AQ127,75.1,67.8,True,
243710_2000_ED96,335.0,78.1,True,
24375_2000_AU144,211.4,-19.0,True,
24377_2000_AO154,139.2,-81.0,True,
24380_Dorippe,145.1,-28.2,True,
24381_2000_AA166,162.2,53.4,True,
243875_2000_XB40,346.5,69.3,True,
24391_2000_AU178,134.0,75.5,True,
243990_2001_RH119,124.9,-80.6,True,
24399_2000_AB188,276.9,-50.9,True,
2439_Ulugbek,65.2,-66.4,True,
243_Ida,267.0,68.4,True,
24400_2000_AF192,111.9,-21.9,True,
24402_2000_AT192,242.2,-9.5,True,
24404_2000_AB194,323.6,30.0,True,
244057_2001_TV80,145.4,58.1,True,
24407_2000_AJ200,98.6,-8.3,True,
24410_Juliewalker,75.0,66.4,True,
24413_Britneyschmidt,109.4,77.3,True,
24418_2000_BA7,108.1,-66.1,True,
24419_2000_BE16,174.7,-2.3,True,
2441_Hibbs,197.2,38.2,True,
24428_2000_CZ26,261.0,53.2,True,
24431_2000_CR45,134.6,29.6,True,
244369_2002_NF58,122.9,52.8,True,
24440_2000_FB1,132.8,-80.8,True,
24441_Jopek,64.5,-21.4,True,
244450_2002_RQ102,169.8,-53.5,True,
24446_2000_PR25,240.4,66.5,True,
244496_2002_TQ76,134.4,-17.2,True,
2444_Lederle,39.8,15.5,True,
24451_Molion,199.8,70.7,True,
2445_Blazhko,230.8,33.4,True,
244694_2003_QQ5,109.1,-7.2,True,
244701_2003_QL21,82.7,6.5,True,
24470_2000_SJ310,97.0,62.2,True,
24473_2000_UK98,222.5,-12.6,True,
244794_2003_SM233,73.4,66.4,True,
24485_2000_YL102,153.7,-78.0,True,
2448_Sholokhov,263.9,-21.2,True,
24490_2000_YK122,261.1,-52.2,True,
245331_2005_EO133,92.2,21.6,True,
24533_Kokhirova,255.6,8.3,True,
245357_2005_EN270,243.5,36.4,True,
24535_Neslusan,38.6,37.3,True,
245376_2005_GC79,287.4,78.8,True,
24537_2001_CB35,325.9,-86.8,True,
2453_Wabash,125.2,-48.5,True,
245525_2005_SD167,93.5,-8.5,True,
24553_2590_P_L,114.6,-79.7,True,
245551_2005_UU5,229.3,-79.7,True,
24561_4646_P_L,234.7,-61.7,True,
24562_4647_P_L,84.9,66.8,True,
24565_6577_P_L,118.7,-51.2,True,
24567_6790_P_L,145.5,-29.2,True,
24582_2085_T_2,240.2,35.3,True,
24587_Kapaneus,229.6,-77.0,True,
2458_Veniakaverin,56.8,9.9,True,
24591_2139_T_3,213.6,76.7,True,
24592_3039_T_3,197.7,-23.3,True,
245952_2006_SO27,42.0,15.2,True,
2459_Spellmann,270.9,8.6,True,
24603_Mekistheus,251.9,-80.9,True,
24604_Vasilermakov,225.3,2.9,True,
24605_Tsykalyuk,221.2,71.7,True,
24608_Alexveselkov,120.3,71.3,True,
246098_2007_EA82,103.6,66.4,True,
2460_Mitlincoln,134.8,78.4,True,
24619_Danielarsham,187.0,55.8,True,
2462_Nehalennia,257.8,-6.9,True,
24649_Balaklava,198.7,-40.8,True,
2464_Nordenskiold,63.9,53.6,True,
246529_2008_GW66,130.8,-63.7,True,
24656_1987_QT7,187.7,-83.6,True,
24662_Gryll,91.0,21.5,True,
2467_Kollontai,217.4,80.6,True,
24685_1990_FQ,158.8,55.2,True,
2468_Repin,95.6,66.0,True,
24691_1990_RH3,75.3,-52.9,True,
246971_1999_TB149,68.6,-36.7,True,
246979_1999_TA230,102.3,-65.5,True,
246981_1999_TG247,100.5,-23.1,True,
246997_1999_VG9,34.5,-77.3,True,
2469_Tadjikistan,92.8,67.2,True,
246_Asporina,237.7,50.9,True,
247041_2000_FJ1,202.3,-32.2,True,
2470_Agematsu,197.4,66.6,True,
24710_1991_PX14,200.8,39.5,True,
247160_2000_YF54,216.0,-15.6,True,
247165_2000_YN134,228.2,-51.4,True,
24719_1991_SE1,41.2,26.0,True,
2471_Ultrajectum,308.5,18.7,True,
24728_Scagell,159.3,-74.7,True,
24734_Kareness,179.1,-15.2,True,
24737_1992_ED14,36.6,-46.0,True,
2473_Heyerdahl,176.6,14.2,True,
24741_1992_EW17,228.0,49.1,True,
247434_2002_DG4,31.0,-12.6,True,
24743_1992_NF,236.1,19.8,True,
247470_2002_JP41,303.1,-84.6,True,
247485_2002_LO35,103.7,7.0,True,
2474_Ruby,241.9,36.2,True,
24759_1992_WQ1,172.1,42.9,True,
2475_Semenov,174.1,66.2,True,
247616_2002_TF300,107.3,-7.4,True,
24763_1993_DV2,65.4,-21.5,True,
247704_2003_CT9,234.2,50.2,True,
24770_1993_FG28,206.6,-66.3,True,
24775_1993_FT42,165.0,-35.9,True,
247777_2003_QR110,98.4,6.8,True,
24784_1993_TV12,152.7,-79.0,True,
247929_2003_WZ132,139.4,76.4,True,
24793_1993_UT,178.0,-70.3,True,
248008_2004_EF46,292.4,49.6,True,
24801_1994_PQ15,212.9,42.8,True,
248071_2004_PA45,98.5,-52.3,True,
248073_2004_PT48,74.7,53.2,True,
24809_1994_TW3,162.8,69.0,True,
248114_2004_RR178,42.2,-80.5,True,
24813_1994_VL1,174.5,-63.9,True,
248173_2004_XX68,168.0,-20.9,True,
24827_Maryphil,233.9,-25.7,True,
24828_1995_SE1,51.1,82.1,True,
248378_2005_RQ27,48.4,-79.3,True,
24843_1995_VZ,66.1,69.4,True,
24847_Polesny,113.0,-82.6,True,
24848_1995_WO41,72.2,70.2,True,
248495_2005_UK360,242.2,-9.5,True,
248517_2005_VA121,140.9,-78.9,True,
24860_1996_CK1,120.0,-65.9,True,
248615_2006_DB150,290.5,-81.6,True,
24864_1996_EB1,96.0,-23.3,True,
248706_2006_NC,99.0,-53.0,True,
24871_1996_GV17,327.8,28.6,True,
24882_1996_RK30,97.7,-66.6,True,
24891_1997_AT2,177.1,13.2,True,
24903_1997_AS22,177.2,-42.9,True,
249055_2007_TW146,107.2,7.6,True,
24905_1997_CO1,193.8,-23.7,True,
24925_1997_FW,120.2,57.4,True,
24927_Brianpalmer,223.9,31.4,True,
24930_Annajamison,109.6,7.6,True,
24934_Natecovert,271.6,-51.3,True,
24939_Chiminello,324.7,79.2,True,
2493_Elmer,270.8,-36.3,True,
249522_Johndailey,189.7,-36.6,True,
24958_1997_SS31,176.6,78.1,True,
249637_1999_TY137,76.2,6.3,True,
24963_1997_UB11,125.3,-78.5,True,
249657_1999_UF45,160.0,47.6,True,
249681_1999_XH117,150.1,-12.2,True,
2496_Fernandus,254.6,52.7,True,
24971_1998_FG77,133.0,44.4,True,
24975_1998_HO38,186.1,-27.6,True,
249782_2000_WU126,194.3,-65.8,True,
24979_1998_JB2,152.1,-78.8,True,
249803_2001_AV7,146.3,-60.1,True,
24982_1998_KB34,58.0,-5.1,True,
24987_1998_KA65,87.1,51.5,True,
249927_2001_SS353,228.8,-10.8,True,
24994_Prettyman,208.6,11.7,True,
2499_Brunk,122.3,-65.2,True,
249_Ilse,51.3,-80.2,True,
25000_Astrometria,149.1,-77.6,True,
250098_2002_GR104,68.4,-37.1,True,
2500_Alascattalo,238.7,-79.1,True,
25013_1998_QR,266.6,-6.6,True,
25017_1998_QG6,156.3,-41.8,True,
25024_Calebmcgraw,116.5,-6.1,True,
250262_2003_CQ2,47.1,-2.1,True,
25026_1998_QF23,5.6,81.3,True,
2502_Nummela,102.1,-52.8,True,
250315_2003_QZ107,39.0,27.7,True,
25031_1998_QM30,89.0,-68.4,True,
250348_2003_SE199,141.7,56.8,True,
250354_Lewicdeparis,135.0,-31.8,True,
25040_1998_QF40,116.6,67.8,True,
250510_2004_HC78,106.0,-52.1,True,
25056_1998_QP57,142.8,-45.3,True,
25059_1998_QA69,58.6,25.9,True,
2505_Hebei,197.5,79.5,True,
25062_Rasmussen,138.7,-30.8,True,
25064_1998_QN85,189.2,70.2,True,
25067_1998_QW86,222.6,47.9,True,
2506_Pirogov,135.7,44.1,True,
25076_1998_QM98,261.1,-21.2,True,
25077_1998_QJ99,224.8,75.3,True,
250785_2005_TP74,157.8,-76.8,True,
25079_1998_QU103,65.3,-21.5,True,
25081_1998_QR108,149.5,-78.6,True,
250828_2005_UH77,100.2,-8.1,True,
25082_Williamhodge,113.7,68.3,True,
250833_2005_UQ131,48.2,65.5,True,
25086_1998_RU8,86.9,-68.2,True,
250879_2005_UK481,294.8,-80.3,True,
250895_2005_VT75,91.1,66.6,True,
25090_1998_RA39,127.3,60.1,True,
250910_2005_WC4,109.5,50.0,True,
25091_Sanchez_Claudio,106.5,6.9,True,
25094_Zemtsov,239.6,20.5,True,
250_Bettina,279.6,52.7,True,
251003_2006_PB,95.0,-53.1,True,
251009_2006_PF29,80.7,-67.5,True,
25100_Zhaiweichao,128.1,25.5,True,
25101_1998_RJ48,82.0,36.8,True,
25105_Kimnayeon,118.8,55.5,True,
251165_2006_TB106,266.6,23.4,True,
25118_Kevlin,97.2,36.9,True,
251228_2006_UH241,19.3,-76.2,True,
25128_1998_SK1,203.2,-34.7,True,
25139_Roatsch,92.4,6.5,True,
25142_Hopf,347.8,-87.2,True,
25146_Xiada,181.9,29.9,True,
2514_Taiyuan,225.4,61.0,True,
25152_Toplis,90.5,-8.5,True,
25153_Tomhockey,109.7,66.9,True,
2515_Gansu,165.3,-81.7,True,
251642_Leonardodicaprio,68.7,52.1,True,
251765_1999_JS4,347.4,75.2,True,
2517_Orma,270.0,38.4,True,
25182_Siddhawan,200.9,-21.7,True,
251852_1999_UD10,210.5,74.4,True,
25186_1998_SY115,285.2,64.7,True,
2518_Rutllant,150.1,3.1,True,
25191_Rachelouise,124.0,80.6,True,
251943_1999_XY8,147.2,-13.2,True,
25194_1998_ST132,80.9,-53.2,True,
251952_1999_XM91,183.9,-48.7,True,
251962_1999_XT258,44.4,-16.9,True,
25196_1998_SH134,263.7,-81.6,True,
251977_2000_AG226,245.9,-55.2,True,
251_Sophia,86.9,-68.0,True,
25204_1998_SP144,191.0,-78.9,True,
25206_1998_SX145,134.4,-17.2,True,
25208_1998_SK146,227.4,64.5,True,
25209_1998_SO146,196.4,-66.4,True,
2520_Novorossijsk,199.8,62.7,True,
252117_2000_WA55,211.0,-16.4,True,
25216_Enricobernardi,138.3,74.3,True,
25218_1998_TZ1,33.8,-45.4,True,
252232_2001_PX2,296.7,-80.4,True,
25224_1998_TD27,137.4,-75.3,True,
2522_Triglav,9.7,41.3,True,
25231_Naylor,281.3,-50.0,True,
25233_Tallman,257.5,-37.4,True,
25234_Odell,108.4,70.8,True,
2523_Ryba,1.6,14.0,True,
25242_1998_UH15,261.4,38.1,True,
25245_1998_UW18,149.7,-12.3,True,
25248_1998_UX19,212.9,28.2,True,
2524_Budovicium,195.2,36.5,True,
25251_1998_UL25,60.5,25.1,True,
25253_1998_UV29,131.8,45.0,True,
2525_O_Steen,16.2,86.9,True,
25260_1998_VN5,109.8,-37.3,True,
25267_1998_VH21,159.5,5.9,True,
2526_Alisary,125.6,25.5,True,
25270_1998_VR27,189.4,67.0,True,
252781_2002_EW129,120.1,-20.6,True,
2527_Gregory,263.9,-21.7,True,
25282_1998_WR,349.4,74.1,True,
25286_1998_WC8,221.4,45.8,True,
2528_Mohler,199.0,85.8,True,
252909_2002_KV3,300.4,35.8,True,
252952_2002_PK89,76.7,-79.0,True,
25296_Minamisatsuma,74.1,81.4,True,
252_Clementina,190.0,20.3,True,
25306_1998_XQ73,156.6,35.5,True,
253107_2002_UK4,130.2,84.6,True,
25312_Asiapossenti,130.2,-78.6,True,
25328_1999_JK83,244.0,-9.2,True,
25329_1999_JO84,119.4,-36.0,True,
2532_Sutton,223.3,-42.0,True,
25336_1999_OR2,211.7,58.3,True,
25339_1999_RE27,81.1,52.2,True,
25342_1999_RQ42,90.0,66.6,True,
25344_1999_RN72,312.7,-73.9,True,
25346_1999_RS103,195.8,-43.2,True,
2534_Houzeau,204.8,40.5,True,
25351_1999_RK173,193.9,-59.0,True,
25356_1999_SK6,261.8,-20.6,True,
25360_1999_TK14,116.9,9.1,True,
25365_Bernreuter,230.0,3.0,True,
25368_Gailcolwell,231.9,-79.3,True,
25379_1999_TL210,19.7,44.0,True,
2537_Gilmore,24.5,29.6,True,
25384_Partizanske,244.8,-87.3,True,
253875_2004_BR19,289.3,22.3,True,
25388_1999_UG4,270.0,-81.6,True,
25389_1999_UJ9,183.2,-75.4,True,
2538_Vanderlinden,261.1,-86.3,True,
25390_1999_UU10,134.3,-31.9,True,
25393_1999_UK26,198.7,-71.5,True,
25398_1999_VM12,130.9,-48.8,True,
25407_1999_VM34,204.5,-55.2,True,
254132_2004_PW25,85.6,20.9,True,
254142_2004_PV60,107.8,7.8,True,
254152_2004_PL83,80.5,-82.9,True,
254172_2004_QC27,93.4,21.6,True,
254187_2004_RO36,94.8,-67.6,True,
2541_Edebono,113.3,8.6,True,
254238_2004_RG137,30.0,-79.5,True,
25429_1999_VM187,188.6,-44.8,True,
2542_Calpurnia,84.6,-68.0,True,
254300_2004_RN289,353.4,71.2,True,
25437_1999_WP4,148.7,34.1,True,
25442_1999_WQ9,58.5,-6.0,True,
25445_1999_XK1,174.2,29.5,True,
25447_1999_XE4,122.7,-65.9,True,
254536_2005_EJ146,86.4,-8.6,True,
25453_1999_XU11,204.8,25.8,True,
25454_1999_XN12,192.8,37.0,True,
25458_1999_XT13,226.9,32.8,True,
25472_Joanoro,197.1,-8.4,True,
254787_2005_QP65,204.1,-77.8,True,
25484_1999_XL75,172.5,57.6,True,
2548_Leloir,272.7,-50.7,True,
2549_Baker,66.0,-81.7,True,
254_Augusta,233.7,73.7,True,
25501_1999_XK91,209.8,83.6,True,
25505_1999_XQ95,210.0,78.7,True,
25510_Donvincent,218.7,42.9,True,
25525_1999_XM113,258.0,38.0,True,
255268_2005_VH49,153.8,19.4,True,
25536_1999_XG144,148.4,34.2,True,
25545_1999_XG164,168.8,80.7,True,
25549_Jonsauer,104.7,-7.7,True,
25551_Drewhall,36.4,43.4,True,
25558_1999_XT172,153.5,-11.0,True,
2555_Thomas,90.8,66.6,True,
25560_Chaihaoxi,231.6,60.3,True,
255612_2006_PW16,105.6,-82.9,True,
25561_Leehyunki,135.6,74.8,True,
25568_1999_XC179,48.6,75.1,True,
2556_Louise,156.3,68.7,True,
25570_Kesun,145.4,-80.0,True,
255715_2006_QK117,111.6,7.9,True,
2557_Putnam,180.6,15.9,True,
25581_1999_XD221,170.1,59.9,True,
25582_1999_XG221,248.4,-84.0,True,
25589_Danicamckellar,313.4,17.5,True,
2558_Viv,182.3,-13.6,True,
255934_2006_SU408,29.9,19.0,True,
25593_Camillejordan,259.4,80.1,True,
255_Oppavia,357.7,78.8,True,
25601_Francopacini,87.6,-68.0,True,
2560_Siegma,155.5,-77.3,True,
25616_Riinuots,153.6,-10.9,True,
25618_2000_AJ34,209.1,11.9,True,
25622_2000_AN46,181.4,62.0,True,
25623_2000_AY47,187.3,-28.7,True,
25635_2000_AW61,69.6,69.7,True,
25637_2000_AL63,143.3,-45.5,True,
2563_Boyarchuk,216.9,44.7,True,
25641_2000_AT65,254.1,36.6,True,
25649_2000_AC78,226.5,33.0,True,
25650_Shaubakshi,256.1,-6.7,True,
25651_2000_AG81,115.2,-51.8,True,
25652_Maddieball,187.1,-12.0,True,
2565_Grogler,240.1,78.7,True,
25662_Chonofsky,125.3,-34.4,True,
25688_Hritzo,190.5,51.3,True,
256890_2008_DT40,225.3,64.6,True,
2568_Maksutov,219.4,-13.7,True,
25699_2000_AD127,251.1,52.4,True,
25711_Lebovits,155.1,68.3,True,
25719_2000_AV171,222.5,62.8,True,
2571_Geisei,162.3,68.8,True,
25720_Mallidi,67.5,68.8,True,
25725_McCormick,343.1,73.6,True,
25727_Karsonmiller,101.3,22.1,True,
25730_2000_AY189,141.3,77.5,True,
25731_2000_AL193,189.5,52.9,True,
257334_2009_JM,61.7,82.8,True,
25734_2000_AO195,89.3,66.7,True,
25743_Serrato,201.8,76.7,True,
25748_2000_AP243,209.2,73.4,True,
25749_2000_BP3,207.2,-33.0,True,
2574_Ladoga,151.2,62.1,True,
25751_Mokshagundam,204.8,-19.3,True,
25766_Nosarzewski,210.5,12.4,True,
25774_2000_CA29,68.9,65.9,True,
25777_2000_CE34,108.3,75.4,True,
25778_Csere,135.4,58.7,True,
25783_Brandontyler,193.7,5.8,True,
25798_Reneeschaaf,108.5,-52.2,True,
257994_2001_DB109,203.4,24.7,True,
2579_Spartacus,95.3,82.5,True,
257_Silesia,184.5,31.2,True,
25804_2000_CC89,165.4,9.3,True,
25805_2000_CV91,135.2,-88.5,True,
258085_2001_QS6,52.3,-80.8,True,
2582_Harimaya_Bashi,159.3,-73.6,True,
25833_2000_ED15,209.9,27.0,True,
25837_2000_EG30,173.7,60.8,True,
25842_2000_EQ78,85.6,50.2,True,
25846_2000_EF93,164.4,58.9,True,
25848_2000_EL104,223.1,1.9,True,
25852_2000_EW147,159.2,-83.0,True,
25854_2000_EP166,173.6,76.1,True,
25862_2000_FC16,180.3,-68.3,True,
25865_2000_GX82,61.8,62.3,True,
25867_DeMuth,94.1,-38.4,True,
25869_Jacoby,160.3,6.3,True,
25871_2000_LZ26,359.2,-27.9,True,
25875_Wickramasekara,187.5,3.2,True,
25879_2000_QA105,140.4,-30.7,True,
2587_Gardner,178.7,29.6,True,
25880_2000_QG196,215.5,-48.8,True,
258849_2002_PE95,56.0,37.9,True,
258918_2002_RS29,154.8,64.7,True,
25895_2000_XN9,65.2,58.7,True,
25896_2000_XW14,37.0,67.7,True,
258991_2002_TP48,120.8,-5.4,True,
25907_Capodilupo,225.7,-29.0,True,
25908_2001_BJ,189.4,51.8,True,
2590_Mourao,221.5,-62.4,True,
25911_2001_BC76,108.6,73.4,True,
25917_2001_DT6,186.6,81.0,True,
2591_Dworetsky,192.0,63.6,True,
25922_2001_DY21,282.1,-52.7,True,
259252_2003_BW93,221.8,80.9,True,
259259_2003_CU6,213.5,77.8,True,
25925_Jamesfenska,223.7,58.1,True,
25934_2001_DC74,250.4,-49.5,True,
25935_2001_DG74,123.5,-50.7,True,
25943_Billahearn,228.3,-79.1,True,
25956_Spanierbeckage,127.7,12.0,True,
25958_Battams,132.2,-32.7,True,
259722_2003_YE87,200.4,8.6,True,
25976_2001_FE44,218.7,43.2,True,
25978_Katerudolph,53.3,-81.2,True,
25980_2001_FK53,165.7,37.0,True,
259846_2004_CL59,214.4,-48.9,True,
25991_2001_FN78,273.0,-20.4,True,
259942_2004_ER55,345.1,-35.1,True,
259977_2004_FH34,103.8,70.9,True,
25997_2001_FP90,260.3,-51.9,True,
259988_2004_FY67,274.1,-51.7,True,
25_Phocaea,120.4,-6.3,True,
26011_Cornelius,187.8,-62.3,True,
260230_2004_RU248,161.8,-7.7,True,
26024_4543_P_L,164.9,37.6,True,
260259_2004_SZ11,114.0,-63.4,True,
260276_2004_TQ7,138.1,47.2,True,
260278_2004_TV16,160.6,31.8,True,
26032_6556_P_L,90.9,36.6,True,
260362_2004_TG357,63.6,35.3,True,
2603_Taylor,65.6,37.6,True,
26042_4242_T_1,114.4,-36.8,True,
26043_4319_T_1,185.3,30.0,True,
260708_2005_JG143,112.8,-83.0,True,
26075_Levitsvet,124.8,56.1,True,
26076_1979_MM1,236.1,34.8,True,
26081_1980_PT1,208.5,79.3,True,
26084_1981_EK17,117.6,-21.0,True,
26085_1981_ED18,61.3,55.1,True,
26087_Zhuravleva,193.5,36.9,True,
26099_1989_WH,144.8,31.0,True,
2609_Kiril_Metodi,277.9,-83.8,True,
26109_1991_LJ3,109.3,-37.2,True,
26112_1991_PG18,168.5,80.0,True,
26117_1991_RX21,104.6,-22.8,True,
26119_Duden,125.8,-49.0,True,
2611_Boyce,207.6,-18.1,True,
261281_2005_UL142,219.6,1.5,True,
26133_1993_FS26,193.9,77.9,True,
26135_1993_GL1,233.2,-80.9,True,
26145_1994_PG18,84.4,-53.2,True,
2614_Torrence,280.5,81.1,True,
26157_1994_WA1,177.9,-15.6,True,
2615_Saito,244.7,36.4,True,
261669_2005_YR155,150.7,-43.9,True,
2616_Lesya,111.9,-83.0,True,
26176_1996_GD2,155.5,37.0,True,
261783_2006_BB147,45.0,-56.6,True,
261872_2006_GF2,53.8,-33.6,True,
26197_Bormio,260.3,-6.9,True,
26203_1997_KS,157.4,36.0,True,
26213_Ayani,47.6,-79.5,True,
26220_1997_WB37,2.2,74.2,True,
26226_1998_GJ1,102.8,-38.0,True,
2622_Bolzano,129.0,12.5,True,
26237_1998_QQ31,16.7,80.2,True,
26239_1998_QP33,115.3,-67.1,True,
2623_Zech,187.4,-53.5,True,
26244_1998_QB43,73.5,-81.0,True,
26257_1998_QL84,111.3,80.7,True,
26260_1998_RA2,226.7,33.1,True,
26272_1998_RV66,141.2,-72.6,True,
26274_1998_RH75,65.6,-52.0,True,
26277_Ianrees,181.2,81.0,True,
26278_1998_SK8,137.2,-16.4,True,
26280_1998_SW22,82.3,64.7,True,
26282_Noahbrosch,87.0,-23.4,True,
26286_1998_SV65,231.0,-80.1,True,
26289_1998_SL74,140.1,-70.6,True,
262_Valda,208.2,65.9,True,
26302_Zimolzak,128.9,70.4,True,
26304_1998_SZ145,324.7,14.0,True,
26312_Ciardi,71.6,70.3,True,
26325_1998_VD29,192.9,-80.5,True,
26327_1998_VQ38,298.8,-37.0,True,
26337_Matthewagam,143.0,-44.9,True,
2633_Bishop,201.5,-20.4,True,
26341_1998_XK9,147.9,-76.5,True,
26344_1998_XS76,241.1,5.6,True,
263453_2008_EZ6,206.7,11.0,True,
26348_1998_XO94,164.9,76.9,True,
26349_1998_XR94,192.4,36.9,True,
26352_1998_XJ95,203.7,78.3,True,
26356_Aventini,173.1,28.6,True,
2635_Huggins,265.3,-36.7,True,
26363_1999_AG6,220.3,-31.7,True,
26364_1999_AH8,214.3,-47.8,True,
2636_Lassell,148.7,-80.0,True,
26370_1999_CJ62,36.8,-62.6,True,
26371_1999_CT64,246.4,21.7,True,
26377_1999_FH4,309.6,49.5,True,
2637_Bobrovnikoff,170.4,-59.9,True,
26380_1999_JY65,281.9,-6.8,True,
2638_Gadolin,160.5,47.5,True,
26390_Rusin,200.1,59.2,True,
26404_1999_XF1,173.0,-18.8,True,
26408_1999_XO33,157.6,81.0,True,
26409_1999_XV33,224.3,32.0,True,
2640_Hallstrom,116.6,8.8,True,
2641_Lipschutz,235.7,60.1,True,
26443_2000_AT50,214.5,76.7,True,
26446_2000_AE64,232.9,4.3,True,
2644_Victor_Jara,91.5,66.6,True,
26452_2000_AU87,129.8,-63.7,True,
26453_2000_AH89,123.9,-82.4,True,
26460_2000_AZ120,236.0,81.6,True,
26465_2000_AF140,145.3,-61.6,True,
2646_Abetti,91.9,-83.4,True,
26472_2000_AC162,107.4,-78.8,True,
26474_Davidsimon,106.7,64.8,True,
26477_2000_AF197,169.7,-72.5,True,
26479_2000_AE198,152.6,4.3,True,
2647_Sova,234.4,49.5,True,
26481_2000_AS200,72.3,63.3,True,
2648_Owa,225.4,62.5,True,
264945_2002_VR127,348.2,77.7,True,
26499_Robertazabotti,252.1,81.0,True,
265077_2003_SE154,120.6,-49.4,True,
26511_2000_CB39,172.2,-3.4,True,
26512_2000_CL46,281.8,-52.7,True,
26515_2000_CJ53,72.9,71.6,True,
26520_2000_CQ75,192.1,21.0,True,
26521_2000_CS76,271.1,38.3,True,
26528_Genniferubin,226.2,62.8,True,
26530_Lucferreira,150.4,71.9,True,
265365_2004_RW151,161.5,-37.6,True,
26536_2000_DL3,241.3,51.3,True,
2653_Principia,290.7,-81.8,True,
26560_2000_EQ36,253.9,-81.0,True,
26563_2000_EG39,94.4,51.7,True,
26568_2000_ET49,169.3,-74.1,True,
26569_2000_EL77,61.6,7.8,True,
2656_Evenkia,223.4,-85.8,True,
26570_2000_EU77,208.4,57.8,True,
26573_2000_EG87,241.3,80.6,True,
26579_2000_EU96,275.6,52.9,True,
26581_2000_EP107,131.9,-69.9,True,
26586_Harshaw,144.3,32.3,True,
26587_Arthurstorbo,79.9,64.3,True,
2658_Gingerich,135.6,59.3,True,
26593_Perrypat,268.8,8.5,True,
26594_2000_EF151,19.7,-40.4,True,
26603_2000_FT17,18.6,-7.9,True,
26604_Ensign,45.7,-48.6,True,
26605_Hanley,99.5,-23.2,True,
26609_2000_FQ34,172.9,-33.6,True,
26613_Brettwhite,300.4,-52.2,True,
26619_2000_GP44,62.0,-36.0,True,
2661_Bydzovsky,77.2,68.2,True,
266207_2006_WY86,166.9,-55.5,True,
26625_2000_GY92,241.5,-24.5,True,
2662_Kandinsky,105.1,-67.0,True,
26636_Ericabroman,309.8,18.4,True,
2663_Miltiades,280.9,53.0,True,
266469_2007_VQ9,100.1,36.9,True,
26646_2000_KG67,212.8,51.7,True,
26647_Brabham,192.0,-42.2,True,
26649_2000_ML6,189.1,35.6,True,
26654_Ericjohnson,155.4,59.2,True,
26656_Samarenae,230.9,-82.1,True,
26657_2000_SX293,156.7,31.5,True,
2665_Schrutka,215.1,44.2,True,
266709_2009_QZ32,82.1,67.3,True,
26670_2001_BC74,238.0,6.2,True,
26676_2001_EZ10,122.9,-20.0,True,
26678_Garner,62.9,-5.9,True,
26679_Thomassilver,236.0,79.6,True,
26698_Maryschroeder,93.0,-23.4,True,
26702_Naber,155.1,68.2,True,
26705_2001_FL145,137.0,-63.2,True,
267062_1998_YH5,38.7,63.7,True,
2670_Chuvashia,84.6,67.7,True,
26714_2001_GL1,172.4,38.3,True,
26719_2001_HQ5,200.7,-66.8,True,
26722_2001_HK7,190.8,-11.6,True,
26725_2001_HH9,160.0,-40.7,True,
26729_2001_HE12,59.1,-81.6,True,
267330_2001_UU134,151.2,3.5,True,
26741_2001_HZ35,173.4,-57.1,True,
26749_2001_HT52,134.6,-17.1,True,
26754_2001_JL4,117.4,-51.6,True,
26779_2191_T_2,61.0,38.0,True,
2677_Joan,168.6,27.1,True,
26785_2496_T_3,265.1,-6.5,True,
26789_5092_T_3,12.2,-72.4,True,
26792_Pintado,65.0,55.5,True,
26793_Bolshoi,154.8,74.4,True,
26795_Basilashvili,200.1,83.5,True,
26799_1979_XL,181.5,63.4,True,
2679_Kittisvaara,177.7,-68.9,True,
26800_Gualtierotrucco,89.7,-79.9,True,
268015_2004_NR7,93.5,-23.4,True,
26803_1981_ES26,107.8,-7.5,True,
268049_2004_QK24,74.3,7.5,True,
26805_1981_EZ30,177.6,69.3,True,
268158_2004_TR355,223.5,-80.8,True,
26815_1986_QR1,179.8,-14.5,True,
268168_2004_VR61,130.4,-65.3,True,
26816_1986_TS,285.4,-81.1,True,
2681_Ostrovskij,170.6,-83.4,True,
268205_2005_AY81,198.9,-42.7,True,
2682_Soromundi,167.6,81.0,True,
26830_1990_BB,183.6,1.6,True,
26839_1991_RC10,280.5,52.0,True,
268481_2005_XW65,117.1,8.6,True,
268489_2005_YF3,109.8,53.4,True,
2684_Douglas,235.1,-78.4,True,
26851_Sarapul,260.8,-6.5,True,
26852_Miyamototakashi,236.7,-78.3,True,
26858_Misterrogers,336.6,42.2,True,
26875_1994_AF10,121.4,-50.7,True,
26878_1994_EY6,202.7,25.1,True,
2687_Tortali,294.2,-24.1,True,
26888_1994_XH,210.0,-46.9,True,
26892_1995_FZ3,249.6,82.7,True,
26895_1995_MC,257.4,-52.9,True,
2690_Ristiina,208.1,59.0,True,
26914_1996_KC1,295.5,66.2,True,
26919_Shoichimiyata,291.8,52.3,True,
26920_1996_TQ12,105.3,-7.8,True,
26925_1997_AK2,109.9,-7.1,True,
26928_1997_CC17,97.7,51.9,True,
2692_Chkalov,143.2,68.7,True,
2693_Yan_an,209.8,-58.1,True,
26945_Sushko,279.3,53.1,True,
26954_Skadiang,199.4,-77.9,True,
2695_Christabel,344.9,75.3,True,
26960_Liouville,219.7,30.4,True,
26970_Elias,93.6,-53.3,True,
26974_1997_TJ19,240.6,6.1,True,
26982_1997_UY21,326.0,-42.5,True,
26985_1997_VP3,172.8,-34.6,True,
26987_1997_WP1,99.0,-82.2,True,
269903_2000_HQ15,290.4,7.0,True,
269918_2000_JN64,194.6,74.8,True,
26991_1997_WZ30,204.1,54.2,True,
26999_1998_BQ41,68.0,52.0,True,
27000_1998_BO44,235.6,-53.6,True,
2700_Baikonur,221.7,46.5,True,
27012_1998_FZ46,60.3,9.1,True,
27015_1998_HS135,99.3,-82.5,True,
270242_2001_US13,268.7,-82.4,True,
27028_1998_QS98,238.0,-38.9,True,
270315_2001_XV12,91.3,66.2,True,
27034_1998_RL34,176.9,-15.6,True,
27036_1998_RZ54,237.5,-40.0,True,
27043_1998_RS71,142.3,14.6,True,
270467_2002_CZ289,3.5,51.2,True,
2704_Julian_Loewe,103.3,82.2,True,
27050_Beresheet,215.5,68.1,True,
27059_1998_SS37,97.4,-81.3,True,
27062_Brookeminer,184.0,-27.8,True,
27070_1998_SA101,124.3,-5.2,True,
27076_1998_ST146,153.8,81.3,True,
2707_Ueferji,92.5,-53.3,True,
27089_1998_UE15,140.0,-82.8,True,
27098_Bocarsly,129.6,72.9,True,
270_Anahita,181.7,45.8,True,
27105_Clarkben,91.1,66.7,True,
271087_2003_QL7,272.1,-81.8,True,
271099_2003_QB78,319.9,-83.6,True,
2710_Veverka,111.9,-83.0,True,
27111_1998_VV34,103.2,21.8,True,
27115_1998_WG3,205.2,-50.2,True,
27118_1998_WD8,191.9,78.2,True,
2711_Aleksandrov,136.8,69.1,True,
271349_2003_WY151,141.3,-46.0,True,
27134_1998_XO11,109.0,37.5,True,
27139_1998_XX46,308.0,-77.0,True,
27140_1998_XW49,161.9,47.3,True,
27146_1998_YL1,261.8,23.2,True,
27153_1998_YO5,8.3,-73.4,True,
27154_1998_YG7,276.8,-35.7,True,
271643_2004_PJ101,83.8,-67.9,True,
271646_2004_PZ103,261.9,-82.2,True,
27164_1999_AH7,187.9,66.8,True,
271701_2004_RU148,92.5,36.6,True,
271733_2004_RN288,123.9,71.2,True,
271746_2004_RT325,108.2,-22.4,True,
27174_1999_BB2,253.5,66.3,True,
27175_1999_BS2,277.0,66.6,True,
27177_1999_BU3,222.1,61.7,True,
271793_2004_TQ50,94.1,6.5,True,
271810_2004_TX102,105.2,-67.4,True,
27183_1999_CF4,72.7,72.3,True,
27186_1999_CA39,121.6,-35.4,True,
271882_2004_US9,112.3,49.7,True,
271992_2005_CV27,337.1,79.0,True,
27206_1999_CZ80,236.3,-26.4,True,
272106_2005_JJ75,309.8,61.6,True,
27212_1999_CW106,291.4,-39.0,True,
2721_Vsekhsvyatskij,228.3,-41.5,True,
27223_1999_GC5,188.4,-28.7,True,
27226_1999_GC17,237.6,-38.9,True,
27233_Mahajan,205.3,40.6,True,
27236_Millermatt,127.5,26.0,True,
27237_1999_RR102,208.7,11.8,True,
27252_1999_XK14,58.7,-34.8,True,
27259_1999_XS136,13.1,-74.5,True,
2725_David_Bender,112.4,55.1,True,
27260_1999_XF164,57.5,73.2,True,
27268_1999_YS9,347.7,19.4,True,
27290_2000_AM127,101.4,-23.0,True,
27293_2000_AX136,220.9,-84.3,True,
27294_2000_AT142,170.9,-3.9,True,
272_Antonia,274.9,84.6,True,
27304_2000_AS196,102.4,-8.2,True,
27308_2000_AW229,307.9,-80.5,True,
27314_Janemcdonald,143.6,-80.2,True,
27316_2000_BS3,206.4,-18.4,True,
27323_Julianewman,289.2,22.3,True,
2732_Witt,57.4,72.3,True,
27357_2000_DG99,256.9,-82.3,True,
27359_2000_DT106,64.4,-6.7,True,
27360_2000_DH107,291.2,36.7,True,
273704_2007_EA47,134.9,26.9,True,
273780_2007_EH211,172.0,-81.4,True,
27383_Braebenedict,289.2,67.4,True,
27387_Chhabra,236.4,-25.3,True,
27389_2000_EY86,88.8,-53.3,True,
273927_2007_JH3,145.1,-59.7,True,
2739_Taguacipa,94.3,-23.4,True,
273_Atropos,213.4,-18.6,True,
27402_2000_EZ108,357.7,-66.0,True,
27407_Haodo,295.2,6.2,True,
274092_2008_CZ71,51.0,63.6,True,
2740_Tsoj,132.3,60.3,True,
27412_Teague,259.4,57.5,True,
27427_2000_FE1,230.0,72.4,True,
27429_2000_FL8,330.2,83.2,True,
27448_2000_GQ6,115.6,-67.0,True,
27479_2000_GF88,57.4,80.2,True,
27482_2000_GA92,49.1,-18.2,True,
2748_Patrick_Gene,223.9,45.7,True,
27495_Heatherfennell,208.4,76.7,True,
27498_2000_GH125,255.4,-50.8,True,
275001_2009_TZ29,171.7,-19.5,True,
27502_Stephbecca,111.2,-82.4,True,
27514_Markov,94.8,51.8,True,
27523_2000_HC31,8.7,-36.2,True,
27527_Kirkkoehler,135.5,-47.4,True,
27532_Buchwald_Wright,178.2,63.0,True,
2753_Duncan,246.8,6.9,True,
27545_2000_JX16,172.2,-3.4,True,
275567_1999_TB25,121.4,-82.1,True,
27556_Williamprem,160.3,-74.3,True,
27557_2000_JP55,222.4,47.4,True,
275674_2000_QH168,63.3,39.7,True,
27568_2000_PT6,38.8,-30.9,True,
275716_2000_YY41,41.2,10.9,True,
27573_2000_RU2,126.5,42.5,True,
27582_Jackieterrel,54.7,-49.9,True,
275905_2001_TN115,120.6,-81.5,True,
275931_2001_UM21,280.7,-81.4,True,
27597_Varuniyer,176.0,56.3,True,
2759_Idomeneus,155.9,-78.0,True,
27623_2001_LE,96.1,65.5,True,
27625_2001_MX3,218.0,14.9,True,
27628_2041_P_L,119.6,66.9,True,
27639_3156_T_1,264.9,8.4,True,
276423_2003_BA3,250.3,22.2,True,
276508_2003_QY74,89.4,66.6,True,
27660_Waterwayuni,269.6,23.4,True,
276625_2003_UA146,142.0,81.8,True,
27669_1979_MQ4,354.9,-43.2,True,
2766_Leeuwenhoek,146.8,-13.3,True,
27676_1981_DH3,143.4,44.2,True,
276819_2004_PZ75,89.1,67.0,True,
276827_2004_PD103,88.5,51.5,True,
276880_2004_RV252,232.9,-27.7,True,
276943_2004_TK241,246.2,-80.3,True,
27713_1989_AA,1.9,-51.2,True,
27714_Dochu,81.7,52.0,True,
27737_1990_SA8,212.3,43.1,True,
27741_1990_UJ4,172.4,26.2,True,
27746_1990_WE3,197.0,38.2,True,
27750_1991_CW2,78.0,-52.0,True,
27759_1991_RE6,320.5,56.3,True,
27760_1991_RB7,85.3,-79.5,True,
27761_1991_RL13,170.8,25.3,True,
27764_von_Flue,108.6,-7.3,True,
27771_1991_VY2,313.0,-11.2,True,
27773_1991_VN8,108.8,-83.1,True,
27777_1992_DN3,103.8,22.4,True,
27783_1992_GV3,273.8,79.4,True,
27789_Astrakhan,50.0,59.8,True,
27791_Masaru,260.7,78.7,True,
2781_Kleczek,68.0,-51.8,True,
27827_Ukai,226.0,-54.6,True,
27828_1994_AY2,236.3,35.2,True,
27829_1994_BM4,197.3,38.1,True,
27857_1995_BZ,205.4,41.0,True,
278595_2008_OB2,83.1,-23.3,True,
27862_1995_BJ5,211.1,-83.3,True,
278687_2008_RG116,56.1,-5.3,True,
2786_Grinevia,248.1,35.7,True,
278830_2008_SB273,20.5,-77.6,True,
27887_Kiyoharu,290.5,-81.2,True,
2788_Andenne,253.3,-37.1,True,
27890_1996_GG18,158.2,-71.3,True,
27900_Cecconi,93.1,66.6,True,
27903_1996_RS11,273.7,68.1,True,
27908_1996_TX9,215.6,14.2,True,
27916_1996_VX1,65.9,-82.9,True,
27920_Noguchiujo,51.3,75.8,True,
27929_1997_FC1,257.5,-36.5,True,
27935_1997_JN,80.7,6.6,True,
27938_Guislain,117.5,75.7,True,
279394_2010_CX176,94.2,-53.0,True,
279448_2010_RK65,92.5,21.2,True,
27956_1997_RC,134.7,-17.1,True,
27957_1997_RV8,170.9,-70.9,True,
2795_Lepage,220.9,-15.0,True,
279712_2011_GY46,119.9,-66.6,True,
279821_2000_QQ103,109.7,-67.4,True,
27982_Atsushimiyazaki,131.1,27.9,True,
279834_2000_SZ181,6.5,44.6,True,
27985_Remanzacco,94.4,21.6,True,
279880_2001_PJ42,278.7,-6.1,True,
27999_1997_WV21,255.3,-81.6,True,
279_Thule,115.4,23.9,True,
280076_2002_CJ237,104.4,-74.7,True,
28009_1997_YY1,216.5,58.5,True,
28012_1997_YH4,207.6,-3.3,True,
28019_Warchal,209.3,-18.9,True,
2801_Huygens,271.3,52.6,True,
2802_Weisell,278.6,68.1,True,
280301_2003_QM23,229.2,-77.7,True,
280329_2003_SQ67,166.3,-75.4,True,
280500_2004_OZ3,143.0,-78.2,True,
28056_1998_MK5,255.4,-50.3,True,
2805_Kalle,184.8,31.0,True,
28065_1998_QZ10,156.2,76.9,True,
280674_2005_EB172,250.0,7.0,True,
2806_Graz,194.6,51.9,True,
28075_Emilyhoffman,120.5,-5.7,True,
2807_Karl_Marx,160.3,35.6,True,
28086_1998_QW100,167.3,-20.6,True,
2808_Belgrano,217.6,56.8,True,
2809_Vernadskij,259.6,-21.8,True,
28100_1998_RG69,149.1,65.3,True,
28105_Santallo,260.7,8.7,True,
28109_1998_SA29,203.5,-34.5,True,
28110_1998_SG30,95.8,-68.4,True,
28117_Mort,77.2,-66.2,True,
2811_Stremchovi,135.9,-46.5,True,
28121_1998_SY72,70.4,-52.4,True,
281249_2007_MO16,31.8,-12.9,True,
28133_Kylebardwell,130.8,55.5,True,
28134_1998_SB131,165.1,-21.2,True,
281368_2008_EA,203.0,57.9,True,
28138_1998_SD141,266.4,52.5,True,
28153_1998_UU20,105.3,69.1,True,
28156_McColl,219.1,63.2,True,
281613_2008_UV214,155.3,18.9,True,
28170_1998_VC30,203.3,24.5,True,
28177_1998_VO53,259.9,-52.4,True,
281780_2009_SO232,76.5,64.6,True,
28184_Vaishnavirao,105.1,-22.7,True,
28187_1998_WP19,328.7,12.7,True,
28196_Szeged,200.7,75.6,True,
28198_1998_XU16,38.4,76.4,True,
2819_Ensor,227.6,32.5,True,
281_Lucretia,185.5,-66.8,True,
28203_1998_XL48,266.2,79.8,True,
282043_1998_ST106,88.3,-53.4,True,
282052_1999_SO2,159.1,70.3,True,
282053_1999_TO18,125.7,66.2,True,
28213_1998_XS92,66.9,76.3,True,
28238_1999_AB18,108.0,-22.4,True,
282477_2004_HU56,99.1,64.4,True,
28249_1999_BX6,254.5,-37.4,True,
28253_1999_BA19,229.9,49.3,True,
282561_2004_XO61,238.2,80.2,True,
28258_1999_BM25,245.3,-24.1,True,
28267_1999_CH10,266.9,-6.5,True,
2826_Ahti,173.6,52.1,True,
28270_1999_CS14,147.2,47.0,True,
282725_2006_DF57,227.6,62.0,True,
28272_Mikejanner,61.7,87.7,True,
282745_2006_FL7,137.1,14.9,True,
28277_Chengherngyi,322.9,42.8,True,
282783_2006_KM26,130.2,-77.8,True,
282790_2006_ME12,110.4,67.7,True,
28279_1999_CD28,299.0,36.0,True,
2827_Vellamo,162.0,70.0,True,
28282_1999_CJ35,268.9,74.4,True,
28287_Osmanov,116.1,8.7,True,
2828_Iku_Turso,180.6,-84.4,True,
282919_2007_NW6,28.8,-39.7,True,
282928_2007_PD24,78.1,-37.8,True,
28293_1999_CN57,171.6,57.4,True,
28298_1999_CM64,252.1,52.6,True,
28299_Kanghaoyan,102.5,-37.9,True,
2829_Bobhope,238.9,20.4,True,
28300_1999_CS67,54.9,26.8,True,
28301_1999_CW67,193.1,64.2,True,
28313_1999_CU99,168.7,-62.7,True,
28314_1999_CG100,220.2,-83.1,True,
28316_1999_CK101,265.1,-86.1,True,
283360_2000_AK93,71.4,79.0,True,
28341_Bingaman,117.0,-6.0,True,
28342_Haverhals,60.0,53.0,True,
28349_1999_FB26,214.0,-27.8,True,
2834_Christy_Carol,134.7,81.9,True,
28354_1999_FV33,225.0,32.4,True,
28363_1999_GN6,131.0,-62.5,True,
28364_Bruceelmegreen,111.0,-22.0,True,
28368_1999_GW18,276.6,67.2,True,
2836_Sobolev,266.0,8.4,True,
28370_1999_GK34,89.2,21.6,True,
28378_1999_JN24,84.9,20.9,True,
2837_Griboedov,163.2,-84.2,True,
28380_1999_JO38,193.7,-10.2,True,
28384_1999_JT76,25.3,5.0,True,
28385_1999_JX76,288.5,-22.9,True,
28395_1999_RZ42,125.0,58.1,True,
28397_Forrestbetton,124.8,58.0,True,
283_Emma,246.7,-53.8,True,
28401_1999_RT165,127.1,-63.2,True,
28410_1999_TE246,137.8,-31.9,True,
28417_Leewei,198.1,7.7,True,
28420_1999_VC78,124.4,23.0,True,
28423_1999_WN3,82.9,-68.0,True,
28424_1999_XA,330.5,38.7,True,
284329_2006_RE12,66.3,24.0,True,
28432_1999_XY168,198.5,52.0,True,
28461_2000_AL164,135.4,-2.3,True,
28469_2000_BU8,265.7,8.6,True,
2846_Ylppo,98.0,-23.2,True,
2847_Parvati,129.7,69.3,True,
28490_2000_CQ58,210.7,-19.4,True,
284_Amalia,213.7,-33.2,True,
28502_2000_CV79,68.9,67.2,True,
2850_Mozhaiskij,30.4,82.5,True,
28518_2000_DE7,178.0,59.8,True,
2851_Harbin,154.4,49.9,True,
28520_2000_DH16,133.8,-60.2,True,
28525_Andrewabboud,64.9,-51.9,True,
2853_Harvill,170.2,78.2,True,
28546_2000_EE20,242.0,67.0,True,
2854_Rawson,175.8,75.6,True,
2856_Roser,329.5,79.5,True,
285788_2000_WE73,139.7,57.1,True,
28580_2000_EJ104,240.5,35.9,True,
285836_2001_ET18,244.0,49.6,True,
28594_Ronaldballouz,174.5,70.1,True,
28596_2000_EK137,61.0,-20.8,True,
285_Regina,238.0,73.4,True,
28601_Benton,136.6,-61.7,True,
286060_2001_SH294,58.7,-35.6,True,
286097_2001_TK68,276.8,-88.8,True,
28609_Tsirvoulis,197.1,74.1,True,
28626_Meghanshea,77.5,51.0,True,
286275_2001_VW81,283.2,36.2,True,
2863_Ben_Mayer,150.3,64.9,True,
28657_Briandempsey,96.8,-68.1,True,
28658_2000_GC30,172.5,26.0,True,
28676_Bethkoester,83.3,-8.5,True,
28679_2000_GY68,17.4,-76.7,True,
2867_Steins,233.0,-37.7,True,
28696_2000_GU87,161.0,7.5,True,
28698_Aakshi,184.4,-68.2,True,
28699_2000_GN89,203.1,51.1,True,
28702_2000_GH91,75.8,-82.9,True,
28712_Elizabethcorn,128.5,-82.1,True,
28720_Krystalrose,64.0,68.3,True,
28722_Dhruviyer,8.7,85.4,True,
2873_Binzel,214.6,58.5,True,
28741_2000_GJ136,359.0,63.8,True,
28743_Schuitemaker,225.1,60.5,True,
28744_Annikagustafsson,150.1,82.8,True,
28752_2000_GZ176,102.8,-52.8,True,
28753_2000_HA,35.4,50.6,True,
28764_2000_HS13,269.1,23.4,True,
28765_Katherinewu,115.7,-82.8,True,
287680_2003_QG14,97.3,66.0,True,
287691_2003_QD23,122.4,-50.9,True,
287702_2003_QE46,74.0,-67.4,True,
28774_2000_HO36,23.1,-9.7,True,
28775_2000_HE37,189.2,74.0,True,
28784_Deringer,109.0,-52.5,True,
2880_Nihondaira,220.0,43.9,True,
288110_2003_WT56,164.1,-48.0,True,
288179_2003_WR190,150.0,-44.4,True,
28819_Karinritchey,254.0,67.5,True,
28821_Harryanselmo,107.8,-7.5,True,
28829_Abelsky,161.1,76.1,True,
28834_2000_JD37,129.2,-64.3,True,
288393_2004_CN104,127.4,78.0,True,
28851_Londonbolsius,121.1,72.4,True,
288557_2004_HQ,137.4,62.7,True,
288565_2004_HB19,326.9,-35.1,True,
28866_Chakraborty,194.3,-25.3,True,
28871_2000_KA6,64.0,53.5,True,
28887_Sabina,218.0,-74.0,True,
28892_2000_LZ2,98.1,62.4,True,
28899_2000_LV11,72.8,81.2,True,
28900_2000_LH12,152.4,67.3,True,
28901_2000_LJ14,203.7,9.9,True,
28909_2000_NC10,51.9,11.8,True,
28920_2000_QC91,281.6,-83.0,True,
28931_2000_RU54,170.7,-71.0,True,
28954_Feiyiou,175.5,76.7,True,
289599_2005_GH9,161.9,23.9,True,
28959_2001_DL74,149.7,19.8,True,
28966_Yuyingshih,169.1,26.7,True,
2896_Preiss,188.1,3.5,True,
28970_2001_JJ4,128.3,78.5,True,
28991_2001_MU27,42.7,-32.0,True,
28_Bellona,9.7,-69.8,True,
290070_2005_QG71,114.0,-82.9,True,
29016_4591_P_L,96.5,36.8,True,
29030_1034_T_1,159.5,22.1,True,
29038_4030_T_1,81.8,51.1,True,
29048_3069_T_2,247.3,-80.5,True,
2906_Caltech,183.3,32.3,True,
29071_5048_T_3,142.4,-30.2,True,
290799_2005_VP79,102.8,-7.9,True,
29083_1979_MG3,279.9,75.4,True,
29107_1981_EO25,286.1,7.5,True,
29108_1981_EG26,46.5,67.3,True,
291101_2005_YP153,51.7,-81.7,True,
291133_2005_YD212,179.8,-70.4,True,
29122_Vasadze,259.1,-21.6,True,
2913_Horta,252.6,-19.8,True,
29142_1988_CR7,209.0,70.7,True,
291511_2006_DS195,62.4,-77.4,True,
29156_1989_CH,71.6,6.5,True,
2915_Moskvina,298.6,-22.0,True,
29175_1990_QP6,83.6,-82.0,True,
291810_2006_KN91,213.6,-75.7,True,
29184_1990_SL10,312.9,-54.2,True,
29191_1990_UQ5,199.9,-83.1,True,
291935_2006_QS30,69.7,-50.5,True,
29197_Gleim,248.2,-38.1,True,
29199_Himeji,61.8,36.4,True,
291_Alice,215.3,-46.9,True,
292033_2006_QO168,64.7,7.8,True,
2920_Automedon,132.7,-17.7,True,
292290_2006_SN134,72.3,65.8,True,
2922_Dikan_ka,82.5,-8.2,True,
29250_Helmutmoritz,265.4,-51.7,True,
2928_Epstein,207.4,39.4,True,
29296_1993_PY5,237.0,20.0,True,
292_Ludovica,91.5,50.9,True,
2930_Euripides,180.2,69.2,True,
29318_1994_PH14,63.7,-6.2,True,
29325_1994_PN39,101.1,52.2,True,
29344_1995_DX,310.6,-83.5,True,
29347_Natta,155.3,-77.4,True,
29355_Siratakayama,298.8,-81.7,True,
29360_1996_BR14,86.2,-38.4,True,
29385_1996_JT,117.5,-21.0,True,
2938_Hopi,205.0,-4.3,True,
29399_1996_RO5,72.6,-7.6,True,
293_Brasilia,11.6,-44.2,True,
2940_Bacon,203.4,24.9,True,
2941_Alden,74.5,-66.8,True,
29423_1997_AF22,278.8,23.2,True,
29428_Ettoremajorana,187.3,-65.8,True,
294349_2007_VC92,98.0,-67.2,True,
29435_Mordell,170.0,59.0,True,
29437_Marchais,317.0,-82.5,True,
29452_1997_RV2,184.0,72.1,True,
29467_Shandongdaxue,86.2,50.9,True,
29474_Toyoshima,118.4,67.6,True,
29484_Honzavesely,86.1,-38.4,True,
29486_1997_VG7,133.2,12.1,True,
29497_1997_WD15,260.3,37.8,True,
29498_1997_WK21,267.5,-51.6,True,
294_Felicia,64.2,81.6,True,
29505_1997_WV44,229.0,49.1,True,
29509_Kuangtingyun,40.1,-47.0,True,
2950_Rousseau,101.8,80.7,True,
29512_1997_YL5,179.6,15.5,True,
29517_1997_YQ10,21.5,-9.0,True,
2951_Perepadin,116.7,-66.7,True,
295240_2008_GO24,99.9,-53.2,True,
29524_1998_AE,177.8,-32.8,True,
295285_2008_GD95,317.1,-14.6,True,
29538_1998_BN16,181.9,-45.7,True,
29543_1998_BV29,300.8,82.9,True,
295443_2008_ML,126.7,-19.2,True,
29544_1998_BE30,99.4,-53.2,True,
2954_Delsemme,69.3,-52.2,True,
29551_1998_CH1,133.4,74.4,True,
29562_Danmacdonald,93.3,-38.4,True,
295678_2008_TV94,112.3,36.7,True,
29568_Gobbi_Belcredi,224.1,-27.6,True,
2956_Yeomans,169.6,41.5,True,
29572_1998_FH30,103.7,67.7,True,
29580_1998_FK55,213.9,80.1,True,
295812_2008_UW324,163.3,77.5,True,
29588_1998_FM71,305.9,46.0,True,
29606_1998_QN94,266.0,8.4,True,
296244_2009_DA12,99.7,6.8,True,
29628_Fedorets,104.0,-22.8,True,
29635_1998_VP5,250.0,-21.9,True,
29637_1998_VN11,261.4,-36.7,True,
2964_Jaschek,117.6,-78.1,True,
29662_1998_WD23,262.3,8.2,True,
29667_1998_XF,239.4,47.5,True,
2966_Korsunia,171.9,-62.0,True,
29677_1998_XL17,115.3,39.6,True,
29679_1998_XF23,202.4,69.3,True,
2967_Vladisvyat,190.3,72.8,True,
29680_1998_XM27,330.9,41.2,True,
296859_2009_WA215,226.1,33.0,True,
29688_1998_XM92,87.7,-67.3,True,
29696_Distasio,268.8,76.6,True,
29697_1998_YR1,77.3,64.2,True,
2969_Mikula,77.5,7.1,True,
29712_1999_AX6,216.5,59.3,True,
29723_1999_AD24,37.5,40.6,True,
297249_1995_DQ2,256.3,-35.3,True,
2972_Niilo,103.6,-67.6,True,
29732_1999_BZ2,177.1,-43.4,True,
297340_1999_XY39,150.8,51.0,True,
29743_1999_BM15,65.3,54.1,True,
29751_1999_CE4,113.4,38.8,True,
2975_Spahr,171.0,81.3,True,
297612_2001_SQ328,60.8,23.4,True,
29762_Panasiewicz,82.5,-52.7,True,
29767_1999_CO24,60.7,80.5,True,
297695_2001_VK34,141.1,15.4,True,
2976_Lautaro,217.3,14.7,True,
2977_Chivilikhin,105.8,78.3,True,
29788_Rachelrossi,103.1,37.2,True,
29792_1999_CG65,67.4,8.6,True,
29793_1999_CH65,233.5,-11.4,True,
29795_1999_CL71,88.8,82.3,True,
29798_1999_CP79,44.5,-16.9,True,
297_Caecilia,145.6,-74.4,True,
29801_1999_CX84,206.2,-33.7,True,
29809_1999_CQ103,139.4,-15.7,True,
29813_1999_CF111,88.8,83.5,True,
298201_2002_TN282,172.9,-69.8,True,
29822_1999_DS2,240.2,-52.4,True,
298238_2002_VP13,139.5,-30.5,True,
298269_2002_XY,205.9,10.7,True,
2982_Muriel,276.0,23.3,True,
2983_Poltava,213.8,60.1,True,
29840_1999_FV12,71.8,51.7,True,
298428_2003_TR51,255.3,63.1,True,
29842_Marilynsoper,95.7,51.7,True,
29843_Brucesoper,255.8,7.7,True,
29851_1999_FW25,172.5,-64.2,True,
29854_1999_FK27,325.9,-56.4,True,
298587_2003_YG47,172.6,-69.0,True,
2985_Shakespeare,73.4,-22.6,True,
298652_2004_BV118,234.5,-77.6,True,
29883_1999_GB31,53.0,-50.0,True,
298876_2004_SW23,227.7,-78.1,True,
29887_1999_GN34,180.0,75.1,True,
29889_1999_GN36,108.9,6.7,True,
2988_Korhonen,39.8,37.4,True,
29891_1999_GQ37,302.1,-26.1,True,
29892_1999_GS37,87.9,-82.2,True,
29903_1999_HP9,213.7,-17.8,True,
2990_Trimberger,275.6,-85.4,True,
299128_2005_ET214,29.4,15.5,True,
29912_1999_JQ10,36.5,-46.2,True,
29915_1999_JG18,277.4,53.1,True,
29932_1999_JB46,223.9,78.5,True,
29933_1999_JG46,42.2,-80.1,True,
29934_1999_JL46,297.9,-79.9,True,
2993_Wendy,235.5,62.7,True,
29942_1999_JJ77,290.0,-81.0,True,
29952_Varghese,71.3,-51.9,True,
29954_1999_JK89,81.2,67.8,True,
29959_Senevelling,210.0,78.1,True,
299670_2006_QU7,227.9,-76.7,True,
29968_1999_JE106,74.7,-52.8,True,
29970_1999_KQ,264.5,-51.7,True,
29977_1999_NH11,319.4,-75.1,True,
29983_Amyxu,141.4,-74.0,True,
29989_1999_XS204,303.6,50.6,True,
2998_Berendeya,229.1,18.1,True,
29993_2000_AD55,177.6,-61.7,True,
2999_Dante,347.0,84.6,True,
30019_2000_DD,332.3,-84.0,True,
3001_Michelangelo,267.8,-36.2,True,
300268_2007_JK5,127.7,-18.9,True,
3002_Delasalle,207.1,41.7,True,
300433_2007_TX21,170.0,-20.0,True,
3005_Pervictoralex,264.7,-51.7,True,
3006_Livadia,221.6,85.8,True,
30079_2000_EP104,248.2,-7.8,True,
30095_Tarabode,228.5,-25.8,True,
30102_2000_FC1,123.8,10.7,True,
30118_2000_FC37,121.5,72.7,True,
30127_2000_FY41,168.8,-71.4,True,
30139_2000_GG3,257.3,-5.3,True,
30141_Nelvenzon,120.3,78.0,True,
3017_Petrovic,42.9,64.9,True,
30182_2000_GC95,75.1,-8.3,True,
301910_1998_YM8,283.8,76.9,True,
30194_Liamyoung,185.9,50.4,True,
301964_2000_EJ37,136.8,14.6,True,
3019_Kulin,169.0,73.5,True,
301_Bavaria,165.6,78.1,True,
30204_Stevedoherty,197.6,38.4,True,
30212_2000_GP123,303.2,-58.3,True,
30213_2000_GW124,288.8,-8.0,True,
302178_2001_TD115,131.2,-32.6,True,
30220_2000_GP126,94.6,6.6,True,
302222_2001_VQ30,135.5,-16.9,True,
302264_2001_XE131,98.3,-53.0,True,
30228_Hushoucun,119.6,41.0,True,
3022_Dobermann,278.2,-36.3,True,
30246_2000_HC13,141.4,-70.7,True,
3024_Hainan,63.9,64.0,True,
30262_2000_HP41,334.9,42.8,True,
3026_Sarastro,263.9,8.4,True,
302744_2002_UK34,143.7,-45.7,True,
30281_Horstman,53.1,42.5,True,
30285_Ellsworth_Bowers,147.2,75.9,True,
3028_Zhangguoxi,198.4,-58.5,True,
302_Clarissa,178.8,69.9,True,
30302_Kritilall,211.6,-16.7,True,
30311_2000_JS10,189.0,3.9,True,
303174_2004_FH11,106.9,-8.0,True,
30329_2000_JR23,249.2,52.1,True,
3032_Evans,135.9,-32.1,True,
30342_2000_JX35,90.4,21.5,True,
30346_2000_JK37,212.8,-70.5,True,
3034_Climenhaga,242.7,-52.5,True,
30356_2000_JJ41,60.1,-81.7,True,
30367_2000_JS57,239.1,81.1,True,
30371_Johngorman,292.0,-81.2,True,
30379_Molaro,256.2,-5.9,True,
30380_2000_JE76,218.9,-62.8,True,
30389_Ledoux,156.4,35.4,True,
30398_2000_KM41,289.4,7.2,True,
303_Josephina,72.3,-37.4,True,
30405_Yunakwon,252.9,-7.2,True,
3040_Kozai,58.9,8.0,True,
304149_2006_KM143,137.1,-32.1,True,
304156_2006_OU19,88.2,50.7,True,
30415_2000_KT74,219.0,-15.7,True,
30419_2000_LU,116.8,71.0,True,
30428_2000_LP11,281.1,23.0,True,
30445_Stirling,229.1,-28.2,True,
30447_2000_NO3,93.1,-53.4,True,
30448_Yoshiomoriyama,305.6,-79.2,True,
30449_Caldas,196.3,87.9,True,
30452_Callegari,59.9,71.7,True,
3045_Alois,7.6,-89.4,True,
3046_Moliere,101.2,21.9,True,
30476_2000_OY34,103.9,-82.4,True,
30483_Harringtonpinto,240.8,5.5,True,
30484_2000_PD6,65.2,36.5,True,
3049_Kuzbass,209.8,41.9,True,
304_Olga,215.6,62.0,True,
30534_Holler,242.0,74.9,True,
30541_Delgadillo,273.3,-35.3,True,
30542_2001_OG23,308.1,-36.6,True,
30558_Jamesoconnor,103.0,-37.7,True,
30570_2001_OO96,205.7,75.0,True,
3057_Malaren,161.2,-75.2,True,
30588_2001_PC35,214.4,62.2,True,
30596_Amdeans,130.8,-18.2,True,
30597_2001_QP69,243.1,21.1,True,
3059_Pryor,95.3,81.5,True,
30606_2503_P_L,90.9,-23.4,True,
30609_2618_P_L,263.2,-83.7,True,
3060_Delcano,239.1,-53.8,True,
30643_6590_P_L,103.8,-78.5,True,
30645_6604_P_L,64.8,67.7,True,
30654_2234_T_1,80.4,65.8,True,
30656_3098_T_1,290.0,47.0,True,
306609_2000_OG22,195.9,-81.1,True,
306722_2000_WF107,340.8,79.0,True,
306735_2000_WY185,177.0,-67.4,True,
306757_2000_YA81,224.8,54.7,True,
306885_2001_TO50,115.4,-67.2,True,
307036_2001_XB215,146.3,16.0,True,
30705_Idaios,289.2,69.1,True,
3070_Aitken,178.0,82.8,True,
30712_4207_T_3,206.4,-69.0,True,
3071_Nesterov,71.8,-52.2,True,
30721_1975_ST1,116.2,-6.2,True,
30724_Peterburgtrista,125.2,79.5,True,
307254_2002_LM46,158.5,-9.0,True,
307286_2002_PA96,17.3,44.5,True,
30729_1980_TA,70.1,-52.0,True,
3074_Popov,83.9,-53.3,True,
307538_2003_DP7,66.2,-36.8,True,
307545_2003_EO17,93.9,65.4,True,
30769_Kaydash,274.7,82.3,True,
30777_1987_SB3,170.6,-46.5,True,
307784_2003_WY97,225.9,-14.1,True,
30784_1988_PO,175.5,51.6,True,
30787_1988_RC,177.4,-1.1,True,
3078_Horrocks,189.4,71.0,True,
30790_1988_RT11,262.5,-81.5,True,
307988_2004_RL1,70.8,7.6,True,
308000_2004_RM101,72.1,-87.4,True,
30803_1989_SG14,86.2,6.4,True,
308070_2004_TE207,121.7,-51.0,True,
308075_2004_TF240,134.7,-32.2,True,
30808_1989_YA2,190.4,61.7,True,
308106_2004_WG,182.8,-12.5,True,
30811_1990_OD2,110.1,8.1,True,
30816_1990_QA6,69.9,67.4,True,
3081_Martinuboh,262.6,-21.4,True,
308377_2005_RM30,60.6,-20.7,True,
30838_Hitomiyamasaki,267.2,-21.6,True,
30859_1992_BM,162.7,74.1,True,
308630_2005_XY67,127.5,-76.7,True,
308631_2005_XX78,103.9,6.7,True,
3087_Beatrice_Tinsley,261.0,23.2,True,
308800_2006_QU59,148.9,-60.9,True,
30887_1992_WL2,348.4,44.0,True,
30888_Okitsumisaki,313.4,84.0,True,
30889_1993_FU6,155.4,-56.2,True,
3088_Jinxiuzhonghua,57.3,41.5,True,
30891_1993_FV14,88.7,51.1,True,
30894_1993_FD20,202.2,-19.5,True,
3089_Oujianquan,182.3,-45.7,True,
308_Polyxo,154.6,69.9,True,
30902_1993_FF35,179.8,15.2,True,
30905_1993_FC42,112.8,-79.3,True,
3090_Tjossem,207.4,78.5,True,
309129_2006_XM24,153.0,-75.7,True,
309196_2007_EY129,102.6,-52.4,True,
309241_2007_RC17,311.7,-78.2,True,
3092_Herodotus,208.4,70.1,True,
30937_Bashkirtseff,48.6,-81.8,True,
3094_Chukokkala,219.9,80.8,True,
30950_1994_PJ9,98.2,36.4,True,
309523_2007_XB21,145.1,-29.5,True,
3095_Omarkhayyam,227.8,47.9,True,
30962_1994_VH7,147.7,-77.1,True,
30967_1994_XX4,339.4,-60.9,True,
30974_1995_EL,191.5,-22.4,True,
3097_Tacitus,149.7,70.6,True,
309802_2009_BH65,68.9,66.3,True,
30999_1995_UJ31,139.7,58.6,True,
3099_Hergenrother,137.6,-1.5,True,
31000_Rockchic,140.2,-59.4,True,
310035_2010_GW87,74.7,19.6,True,
31007_1996_AE14,145.7,17.5,True,
31022_1996_FJ9,158.1,69.1,True,
31031_Altiplano,212.9,-64.5,True,
3103_Eger,55.7,66.8,True,
31041_1996_KD,258.2,-21.7,True,
310458_2000_QA180,68.5,65.6,True,
310476_2000_SU168,67.3,52.6,True,
31052_1996_RC5,186.8,-55.3,True,
3105_Stumpff,185.3,50.0,True,
31078_1996_XJ5,235.4,19.6,True,
3107_Weaver,131.2,-85.2,True,
310845_2003_AC56,167.4,-21.0,True,
310857_2003_BS55,238.9,5.1,True,
31087_Oirase,76.6,-68.1,True,
31089_1997_BW1,8.2,-84.3,True,
31094_1997_CN28,242.9,-50.3,True,
31095_Buneiou,66.9,-66.7,True,
310_Margarita,111.5,-7.1,True,
31105_Oguniyamagata,263.0,-21.8,True,
3110_Wagman,229.1,-55.9,True,
311152_2004_SY33,141.9,15.3,True,
311156_2004_TZ41,96.0,-38.3,True,
31115_1997_QF4,243.4,-39.6,True,
31122_Brooktaylor,225.3,32.4,True,
31131_1997_SV10,150.9,19.0,True,
31136_1997_SN31,96.9,-83.0,True,
31153_Enricaparri,64.7,52.0,True,
31154_1997_VJ,329.3,25.0,True,
31158_1997_WE3,41.0,-88.6,True,
31165_1997_WN43,332.2,-2.8,True,
31181_1997_YY3,200.9,-7.2,True,
31184_1997_YZ4,166.6,-20.8,True,
311946_2007_CR61,64.2,66.9,True,
31198_1998_AB1,250.0,35.9,True,
311_Claudia,150.2,64.5,True,
31203_Hersman,131.3,-33.1,True,
31205_1998_BW,338.6,76.4,True,
31217_1998_BD15,59.4,10.2,True,
31218_1998_BZ20,68.1,-21.9,True,
312263_2008_AZ27,211.9,44.5,True,
3122_Florence,201.0,74.0,True,
31235_1998_CE3,271.1,-81.8,True,
31245_1998_DR11,220.5,15.7,True,
31246_1998_DZ12,133.8,-45.5,True,
31253_1998_DQ21,126.6,-64.1,True,
31257_1998_DG35,95.2,-23.4,True,
31258_1998_EE,244.0,-80.8,True,
31267_Kuldiga,75.3,-51.0,True,
3126_Davydov,101.8,-67.2,True,
31286_1998_FD54,109.9,-37.2,True,
31287_1998_FK58,107.6,-52.2,True,
31288_1998_FZ59,156.3,71.2,True,
31289_1998_FN62,82.9,-38.3,True,
3128_Obruchev,222.7,46.1,True,
312958_1997_QP2,100.3,64.3,True,
31296_Matthewclement,111.1,67.3,True,
312974_1999_CU8,209.6,12.1,True,
31297_1998_FZ74,112.1,-77.0,True,
3129_Bonestell,165.1,78.0,True,
312_Pierretta,103.9,-7.8,True,
313075_2000_SN240,155.4,20.3,True,
313096_2000_VL10,149.5,18.1,True,
3131_Mason_Dixon,55.4,68.7,True,
31326_1998_HF34,145.2,-13.9,True,
313371_2002_JD98,54.6,-70.1,True,
31341_1998_KH55,72.7,-36.7,True,
31344_Agathon,333.5,39.2,True,
3134_Kostinsky,314.8,-82.5,True,
31355_1998_TT6,106.7,69.7,True,
313597_2003_ON8,106.0,-79.2,True,
3135_Lauer,217.6,29.5,True,
31362_1998_VU41,168.9,41.7,True,
31382_1998_XN89,319.1,-24.9,True,
31383_1998_XJ94,252.3,37.5,True,
31386_1998_YG1,157.1,33.7,True,
3138_Ciney,130.2,-62.5,True,
31405_1999_AD2,163.9,-52.1,True,
31414_Rotarysusa,104.1,68.6,True,
31425_1999_BF3,196.8,38.1,True,
3142_Kilopi,35.7,-28.2,True,
31435_Benhauck,218.6,0.6,True,
3144_Brosche,186.8,48.6,True,
31462_Brchnelova,180.0,-60.3,True,
31475_Robbacchus,107.6,22.1,True,
31478_1999_CJ45,276.6,66.4,True,
31485_1999_CM51,231.2,80.6,True,
31492_Jennarose,234.5,-55.4,True,
314_Rosalia,129.8,79.3,True,
31501_Williamhang,266.4,88.6,True,
315276_Yurigradovsky,133.4,-17.5,True,
3152_Jones,260.3,-21.7,True,
31531_ARRL,102.5,-68.1,True,
31538_1999_DM1,268.1,-21.4,True,
31539_1999_DQ1,268.6,77.5,True,
3153_Lincoln,355.8,-39.6,True,
31559_Alonmillet,200.6,39.5,True,
3156_Ellington,317.1,3.2,True,
31581_Onnink,111.1,-67.3,True,
315870_2008_JD9,53.9,-47.5,True,
3158_Anga,119.2,57.0,True,
31592_Jacobplaut,134.3,-2.5,True,
31599_Chloesherry,323.9,14.3,True,
31601_1999_GF,80.0,-64.1,True,
31610_1999_GC6,170.8,25.6,True,
31611_1999_GF6,156.5,79.9,True,
31613_Adamgreenberg,155.9,68.2,True,
316158_2009_UW26,168.1,-69.3,True,
3161_Beadell,83.5,-53.2,True,
31628_Vorperian,142.5,43.7,True,
31635_Anandarao,149.9,-76.7,True,
31638_1999_GL32,319.3,-26.7,True,
31648_Pedrosada,127.3,9.6,True,
31650_Frydek_Mistek,269.7,8.5,True,
31655_Averyclowes,99.3,-81.2,True,
316574_2011_SX105,143.3,-14.5,True,
31664_Randiiwessen,111.8,-35.8,True,
316741_Janefletcher,40.4,67.8,True,
31674_Westermann,192.0,20.0,True,
31679_Glenngrimmett,140.3,-15.5,True,
316855_2000_JK72,358.2,0.8,True,
3168_Lomnicky_Stit,296.3,-85.1,True,
316930_2000_YK96,341.4,82.3,True,
316934_2001_AA52,128.1,24.4,True,
31694_1999_JO32,50.2,76.5,True,
31698_Nikolaiortiz,125.9,-4.4,True,
316_Goberta,75.3,-52.5,True,
31714_1999_JP54,194.2,64.9,True,
31731_Johnwiley,258.0,-81.4,True,
31732_1999_JB71,170.0,-72.8,True,
31736_1999_JR73,75.4,-37.8,True,
31739_1999_JE77,80.2,21.7,True,
31741_1999_JG78,168.5,62.7,True,
317464_2002_RL127,113.2,79.7,True,
31749_1999_JV83,37.1,-14.6,True,
317503_2002_TS10,122.7,-5.3,True,
317519_2002_TS142,87.4,-23.4,True,
31767_Jennimartin,131.9,-47.7,True,
317687_2003_OD5,65.5,50.8,True,
31769_1999_JL117,112.1,39.2,True,
317707_2003_QO18,92.1,-53.2,True,
317749_2003_ST57,73.8,20.0,True,
31776_1999_JE124,179.1,63.3,True,
317789_2003_SM165,88.1,-23.4,True,
3177_Chillicothe,351.5,-34.3,True,
31780_1999_JB136,105.9,-78.7,True,
31782_1999_KM6,254.2,-50.2,True,
317860_2003_UT,92.3,-58.3,True,
31792_1999_LY4,69.5,38.8,True,
317959_2003_XA15,16.5,73.1,True,
31806_1999_NE11,14.3,-55.6,True,
318159_2004_QH,133.1,-3.1,True,
31816_1999_RZ117,167.3,-19.4,True,
31821_1999_RK225,28.7,35.2,True,
31825_1999_UL13,151.2,61.4,True,
31829_1999_XT12,182.5,49.2,True,
31830_1999_XT59,164.7,-6.5,True,
31835_2000_BK16,142.9,-14.7,True,
31841_2000_CQ70,253.9,-22.7,True,
31862_Garfinkle,109.9,81.1,True,
31864_2000_EC86,240.4,-40.7,True,
31881_2000_FL15,150.2,-28.2,True,
31888_Polizzi,138.9,83.0,True,
319117_2005_XU63,168.8,65.7,True,
31926_Alhamood,241.5,5.7,True,
3192_A_Hearn,243.4,88.2,True,
31931_Sipiera,69.6,-37.0,True,
31940_Sutthiluk,248.7,-80.8,True,
319423_2006_HN86,205.5,-5.0,True,
3194_Dorsey,334.0,80.8,True,
31954_Georgiebotev,81.7,-23.2,True,
31955_2000_GU126,273.8,67.5,True,
3196_Maklaj,236.4,80.7,True,
31980_Axelfeldmann,142.0,-30.0,True,
320067_2007_EL40,101.2,-67.9,True,
32007_Amirhelmy,133.6,44.3,True,
32009_2000_HN54,146.5,1.9,True,
3201_Sijthoff,75.0,66.2,True,
32060_Wyattpontius,138.1,-62.0,True,
3206_Wuhan,184.6,2.0,True,
320747_2008_EQ52,316.3,-53.5,True,
3208_Lunn,60.1,-35.5,True,
3210_Lupishko,56.3,-19.8,True,
32111_Mallorydecoster,294.8,-83.4,True,
32126_2000_LF12,200.3,-57.3,True,
32137_2000_LM19,205.5,-5.1,True,
32138_2000_LQ19,150.2,65.0,True,
32145_Katberman,165.3,41.0,True,
3214_Makarenko,207.4,-48.0,True,
32153_Laurenmcgraw,227.7,-12.8,True,
32162_2000_MV5,243.5,-9.3,True,
32166_2000_NN6,216.5,29.8,True,
32173_2000_NF12,149.3,53.6,True,
321855_2010_RZ129,52.1,-46.3,True,
32185_Noonan,243.6,79.4,True,
321868_2010_RG165,105.9,-22.6,True,
32186_McMullan,82.2,36.8,True,
3218_Delphine,262.1,68.3,True,
3219_Komaki,83.7,6.6,True,
32204_2000_OL5,170.0,-19.0,True,
32209_2000_OW9,39.1,0.4,True,
3220_Murayama,202.5,-58.8,True,
32212_2000_OV11,265.5,23.4,True,
32218_2000_OE19,91.4,-64.2,True,
3221_Changshi,253.8,52.1,True,
32222_Charlesvest,255.3,-51.0,True,
32227_2000_OM25,179.4,-64.6,True,
32236_2000_OE35,109.6,67.2,True,
322401_2011_QC97,90.6,20.8,True,
32240_2000_OK39,217.5,46.6,True,
32246_2000_OQ43,350.9,31.9,True,
32251_2000_OH50,169.0,-32.7,True,
32255_2000_OT51,186.1,42.1,True,
3225_Hoag,146.9,18.1,True,
32260_Schult,100.6,-8.5,True,
32262_Marinferrais,80.3,-83.0,True,
322647_1999_CU6,297.9,-48.0,True,
32264_Cathjesslai,73.1,-37.4,True,
32269_2000_PB2,93.3,-68.4,True,
32271_2000_PH4,55.1,-49.9,True,
32274_2000_PU10,154.9,-77.2,True,
32276_Allenliu,76.4,-52.9,True,
32277_Helenliu,119.7,68.1,True,
32283_2000_PD24,27.5,-27.1,True,
32285_2000_PR24,62.7,-83.2,True,
32287_2000_PF26,143.7,-29.9,True,
32294_Zajonc,104.1,-68.1,True,
32297_2000_QN11,130.9,-78.0,True,
322_Phaeo,158.4,-23.5,True,
32307_2000_QG31,237.7,5.8,True,
32309_2000_QN32,81.1,66.4,True,
3230_Vampilov,353.1,71.7,True,
32312_2000_QT38,96.4,-8.6,True,
323173_2003_GC13,282.1,64.8,True,
32317_2000_QE44,62.8,-51.4,True,
32319_2000_QL49,18.5,-81.4,True,
323204_2003_RY22,142.7,61.8,True,
32322_2000_QS57,130.9,-47.4,True,
32324_2000_QB61,124.9,-50.0,True,
32330_2000_QK64,12.7,22.2,True,
323416_2004_EE1,147.5,0.9,True,
323454_2004_HL55,97.3,-23.3,True,
32345_2000_QF99,208.7,56.0,True,
323471_2004_LY1,79.7,74.7,True,
323523_2004_RF113,188.8,64.3,True,
32355_2000_QA122,93.9,-64.6,True,
32359_2000_QZ128,125.1,-48.5,True,
32361_2000_QF135,59.1,24.2,True,
32365_2000_QV138,68.8,-51.6,True,
32376_2000_QP169,300.0,-79.4,True,
3237_Victorplatt,189.3,75.1,True,
32380_2000_QE184,104.1,66.5,True,
32381_Bellomo,298.9,79.4,True,
32386_2000_QB192,151.0,80.2,True,
3238_Timresovia,317.9,-40.2,True,
32390_2000_QA203,108.1,-83.0,True,
32392_2000_QF207,75.6,66.8,True,
32394_2000_QL210,119.4,-36.0,True,
3239_Meizhou,262.2,-6.6,True,
32414_2000_RT29,140.5,-0.8,True,
32417_2000_RK32,71.0,-67.7,True,
32419_2000_RY33,128.8,-72.3,True,
3241_Yeshuhua,209.9,42.4,True,
32422_2000_RO42,147.9,-27.3,True,
32435_2000_RZ96,313.6,29.6,True,
32437_2000_RR97,312.9,79.2,True,
3243_Skytel,234.2,19.4,True,
32441_Youngrokkim,289.3,-80.9,True,
3244_Petronius,296.6,85.7,True,
324528_2006_VA128,91.7,21.4,True,
32453_Kanamishogo,207.5,-78.9,True,
3246_Bidstrup,283.4,-49.7,True,
3247_Di_Martino,144.8,-44.1,True,
32489_2000_UG17,144.0,16.2,True,
32505_2001_KF17,305.0,-7.9,True,
32509_2001_MW29,198.0,55.8,True,
32513_2001_OL31,232.0,73.3,True,
32516_Simoneieva,45.5,-17.2,True,
3251_Eratosthenes,158.6,66.9,True,
32527_Junko,255.8,-7.1,True,
32529_2001_PD7,132.7,-17.7,True,
32534_2001_PL37,323.3,75.8,True,
3253_Gradie,256.6,37.4,True,
32545_2001_QV13,227.8,17.8,True,
3254_Bus,126.3,-82.1,True,
32554_2001_QZ28,114.5,82.2,True,
325606_2009_SN213,305.3,19.5,True,
32560_2001_QV31,216.9,-27.8,True,
32575_2001_QY78,172.6,57.8,True,
3257_Hanzlik,231.4,-53.5,True,
32584_Michaelcollins,247.0,36.7,True,
32586_2001_QQ116,99.7,-52.6,True,
325924_2010_UE102,142.3,40.6,True,
3259_Brownlee,305.3,5.5,True,
325_Heidelberga,68.9,-7.1,True,
32603_Ariaeppinger,106.9,-37.0,True,
32607_Portell,13.8,-84.6,True,
3260_Vizbor,350.3,-81.5,True,
32610_Siennafink,76.3,37.0,True,
32622_Yuewaichun,57.9,69.8,True,
326303_1998_VY31,131.7,-17.9,True,
326334_2000_QK7,105.4,7.5,True,
3263_Bligh,254.5,77.6,True,
32641_2595_P_L,70.7,-51.6,True,
32644_2723_P_L,74.2,-67.9,True,
32646_3010_P_L,156.2,5.3,True,
32650_4070_P_L,53.5,-65.1,True,
326575_2002_QY35,104.9,21.7,True,
3265_Fletcher,232.9,-10.0,True,
3266_Bernardus,14.8,7.9,True,
32680_1095_T_1,77.7,-83.1,True,
326829_2003_UT26,176.2,-48.2,True,
32687_3166_T_1,146.2,-29.3,True,
3269_Vibert_Douglas,44.9,51.3,True,
32701_1353_T_2,83.5,36.7,True,
32704_2140_T_2,340.3,-42.9,True,
32715_5105_T_2,241.3,-40.5,True,
32720_Simoeisios,27.8,-11.4,True,
32725_4057_T_3,119.5,-51.2,True,
3272_Tillandz,243.6,-8.5,True,
32730_Lamarr,254.9,-37.1,True,
32746_1981_EW2,91.3,50.9,True,
3274_Maillen,132.7,-47.6,True,
32760_1981_ER28,279.2,63.1,True,
32765_1981_EC40,16.0,-75.5,True,
32772_1986_JL,147.9,-28.8,True,
32786_1989_GW2,130.2,-47.6,True,
32798_1990_OA2,282.2,76.7,True,
32799_1990_QN1,71.3,-81.3,True,
3280_Gretry,204.2,68.2,True,
3283_Skorina,266.0,67.6,True,
32851_1992_RC6,161.8,53.7,True,
3286_Anatoliya,52.0,-4.9,True,
3287_Olmstead,277.7,-35.5,True,
328804_2009_VC43,140.1,-31.3,True,
32897_Curtharris,37.2,66.8,True,
328_Gudrun,45.6,38.5,True,
32906_1994_RH,94.6,6.1,True,
32911_Cervara,176.7,-32.8,True,
32917_1995_CM,120.4,-82.0,True,
32924_1995_GF6,96.4,21.7,True,
32928_Xiejialin,131.2,73.5,True,
329294_2000_QP36,116.0,-67.2,True,
32931_Ferioli,55.7,39.3,True,
329333_2001_CF46,12.0,60.4,True,
32935_1995_SV43,81.9,52.1,True,
32940_1995_UW4,174.0,11.8,True,
32952_1996_FA16,332.7,-3.0,True,
32957_1996_HX20,97.8,6.5,True,
32960_1996_NO4,17.4,-76.8,True,
32971_1996_RQ10,123.4,-65.2,True,
32973_1996_TN11,145.4,63.7,True,
32977_1996_VR4,348.6,79.2,True,
329805_2004_RH15,73.0,-67.9,True,
32983_1996_WU2,177.4,-69.0,True,
32986_1996_XQ6,199.3,59.3,True,
32990_Sayo_hime,301.5,-80.9,True,
32_Pomona,167.8,77.5,True,
33003_1997_EJ,191.6,67.2,True,
33010_Enricoprosperi,196.6,-39.6,True,
330144_2006_AM6,285.7,82.7,True,
33022_1997_NN,225.1,47.3,True,
3303_Merta,156.7,-9.7,True,
33058_Kovarik,95.9,67.1,True,
33076_1997_WM24,264.9,-83.1,True,
33084_1997_WX49,165.9,-76.4,True,
330917_2009_SH104,257.7,-82.3,True,
330_Adalberta,161.7,-76.1,True,
3310_Patsy,200.1,53.9,True,
33123_1998_BG31,169.0,-68.6,True,
33124_1998_BN33,232.1,-38.6,True,
3312_Pedersen,143.6,63.6,True,
33139_1998_DU2,207.9,11.5,True,
3313_Mendel,135.9,-30.3,True,
33155_1998_DD17,213.9,73.1,True,
3315_Chant,83.2,79.2,True,
33160_Denismukwege,199.6,40.9,True,
331634_2002_GW180,155.4,35.9,True,
33172_1998_EK14,119.9,-81.0,True,
33179_Arsenewenger,87.3,-8.4,True,
331811_2003_SU99,109.9,-64.7,True,
331844_2003_UT216,101.7,74.0,True,
33193_Emhyr,67.1,-67.3,True,
33194_1998_FE48,273.3,59.7,True,
33195_Davenyadav,242.4,51.0,True,
331991_2005_FD3,187.9,-37.1,True,
3319_Kibi,258.5,53.1,True,
331_Etheridgea,347.1,78.7,True,
33203_1998_FA57,196.5,53.2,True,
33207_1998_FU64,96.6,51.5,True,
3320_Namba,196.0,53.5,True,
33215_Garyjones,100.2,37.1,True,
33218_1998_FO106,200.4,-82.6,True,
3321_Dasha,266.7,68.4,True,
33226_Melissamacko,113.0,69.5,True,
33228_1998_FZ121,110.5,74.2,True,
33231_1998_FH146,235.8,-60.7,True,
33235_1998_GB8,216.9,45.3,True,
33244_1998_HO13,269.2,8.9,True,
3324_Avsyuk,27.1,17.4,True,
33256_1998_HK35,109.2,-52.5,True,
3325_TARDIS,154.1,34.1,True,
33265_1998_HC63,145.1,-68.3,True,
33266_1998_HW78,115.8,-87.1,True,
33272_1998_HC102,163.4,21.8,True,
33274_Beaubingham,196.4,-36.9,True,
33277_1998_HO119,146.7,17.6,True,
3327_Campins,226.9,-42.0,True,
33287_Lasue,121.5,25.7,True,
33295_1998_KV40,124.7,85.0,True,
3329_Golay,72.0,-36.8,True,
33305_1998_KQ50,48.2,13.3,True,
33307_1998_KX52,56.7,-35.3,True,
3330_Gantrisch,270.5,53.1,True,
333173_2012_CR53,179.3,-77.3,True,
33317_1998_MT5,159.8,-8.5,True,
333270_2146_P_L,136.5,14.0,True,
333296_2000_SG16,37.2,-42.8,True,
3333_Schaber,181.3,32.9,True,
333469_2004_RF151,93.1,51.6,True,
33356_1999_AM3,222.8,47.2,True,
333648_2008_RJ107,70.7,23.2,True,
33375_1999_CD4,85.4,36.7,True,
33376_Medi,207.7,11.4,True,
33387_1999_CA49,166.1,-53.8,True,
33388_1999_CH50,119.6,-50.2,True,
333894_1998_SM85,16.2,-74.9,True,
3338_Richter,229.1,-26.9,True,
333901_1999_RX112,82.0,-23.2,True,
333906_1999_RP212,108.9,50.3,True,
333915_1999_TR115,7.9,-88.3,True,
3339_Treshnikov,192.3,48.6,True,
333_Badenia,254.5,-52.0,True,
334001_2000_TR50,154.6,69.8,True,
33400_Laurapierson,140.2,15.2,True,
334039_2001_CA46,263.2,63.1,True,
334044_2001_FS116,146.9,-29.0,True,
334190_2001_SQ199,138.2,64.2,True,
33421_Byronxu,100.6,51.6,True,
33436_1999_FZ6,312.8,-44.6,True,
3344_Modena,179.9,-77.7,True,
33453_Townley,94.6,21.6,True,
334548_2002_SY19,289.2,-8.0,True,
33456_Ericacurran,144.7,-28.6,True,
33463_Bettinagregg,15.3,-22.3,True,
33464_Melahudock,136.6,-59.6,True,
334692_2003_BY79,60.4,-6.5,True,
3346_Gerla,261.2,23.2,True,
33487_Jeanpierrerivet,164.0,-70.9,True,
33488_Darrelrobertson,144.5,-29.2,True,
3348_Pokryshkin,140.7,31.8,True,
334914_2003_YS12,203.0,57.6,True,
334926_2004_AO3,279.9,-50.1,True,
33494_1999_GZ17,109.0,-7.2,True,
334959_2004_CN116,238.4,50.9,True,
335071_2004_RB290,176.3,27.3,True,
33508_Drewnik,133.0,28.1,True,
33519_1999_GL36,265.5,-51.7,True,
33548_1999_JC13,131.6,28.5,True,
33556_Brennanclark,160.3,78.9,True,
33559_Laurencooper,148.6,48.3,True,
3355_Onizuka,108.4,38.2,True,
33563_1999_JV24,239.2,-79.1,True,
33566_1999_JZ25,159.2,-40.5,True,
3357_Tolstikov,31.0,-43.9,True,
33585_1999_JC38,334.0,-32.0,True,
33593_1999_JT47,153.5,-78.4,True,
335973_2007_TY207,276.1,-51.3,True,
33598_Christineliu,122.8,-35.1,True,
33600_Davidlu,134.0,-32.8,True,
33619_Dominickrowan,58.7,-50.5,True,
336206_2008_SP29,136.5,-1.2,True,
33621_Sathish,133.1,28.4,True,
33622_Sedigh,113.3,55.1,True,
33630_Swathiravi,105.4,-37.7,True,
33639_1999_JB81,181.5,68.4,True,
336414_2008_UX198,211.1,63.0,True,
33646_1999_JX82,60.2,-6.1,True,
33659_1999_JM91,295.5,-80.2,True,
336660_2009_XF24,145.7,0.3,True,
33675_1999_JW100,32.4,18.3,True,
33682_Waylonreid,62.1,-5.8,True,
33683_1999_JQ115,113.9,52.7,True,
33685_Younglove,180.8,83.1,True,
336_Lacadiera,178.6,30.0,True,
33703_Anthonyhill,81.6,-82.9,True,
33710_1999_LC14,186.2,-60.8,True,
337115_1999_SN8,126.1,-50.3,True,
337120_1999_TY14,185.8,-75.1,True,
337178_1999_VL80,151.5,50.4,True,
33717_1999_LS26,203.3,68.0,True,
33720_1999_LD27,47.1,-31.1,True,
337281_2000_WC15,122.7,-50.8,True,
337298_2000_YY7,228.3,68.4,True,
33729_1999_NJ21,5.5,52.3,True,
33730_1999_NH23,54.6,37.5,True,
33749_1999_QO,194.4,-40.6,True,
33757_1999_RB52,97.5,-82.0,True,
3375_Amy,206.5,10.9,True,
33763_1999_RB84,236.6,33.9,True,
33766_1999_RT100,309.4,-81.7,True,
33770_1999_RF128,124.3,-81.9,True,
33778_1999_RO160,195.0,33.4,True,
3377_Lodewijk,233.7,4.2,True,
33781_1999_RP174,128.6,73.7,True,
33785_1999_RD192,137.9,81.1,True,
33789_Sharmacam,169.7,-19.7,True,
3378_Susanvictoria,221.8,30.1,True,
33792_1999_SU18,87.3,35.9,True,
33795_1999_TR6,226.5,67.6,True,
337_Devosa,134.0,-59.2,True,
33800_Gross,51.1,53.9,True,
33802_1999_VA203,214.2,28.8,True,
338080_2002_PK107,61.4,-82.7,True,
33809_Petrescu,176.8,-16.9,True,
338106_2002_QH7,102.5,-8.1,True,
33815_2000_AG31,211.3,27.0,True,
33820_2000_AB141,216.1,61.8,True,
33821_2000_AF200,103.6,7.3,True,
33827_2000_ED,31.8,15.3,True,
338286_2002_UT8,34.5,0.2,True,
338327_2002_VD124,300.5,-34.9,True,
33834_Hannahkaplan,190.3,-44.1,True,
33837_2000_FQ40,134.1,-45.3,True,
33843_2000_GP127,267.8,-4.9,True,
338458_2003_FE20,271.0,8.7,True,
33849_2000_HL13,63.1,-66.8,True,
338517_2003_QP53,50.7,24.1,True,
338760_2003_UZ205,84.5,50.5,True,
3387_Greenberg,337.9,57.2,True,
33880_2000_JD65,200.5,-7.0,True,
338823_2003_WC79,143.8,42.5,True,
3388_Tsanghinchi,181.1,49.2,True,
33906_2000_KL81,248.9,-80.6,True,
339070_2004_PN107,141.2,66.5,True,
339084_2004_RQ74,95.0,20.3,True,
33915_2000_LA15,285.8,-81.5,True,
33916_2000_LF19,301.8,-78.9,True,
3391_Sinon,88.2,-65.2,True,
33921_2000_LC21,12.9,-37.1,True,
33923_Juliewarren,58.0,9.4,True,
339254_2004_VN55,133.9,-64.6,True,
33926_Normand,150.9,-60.2,True,
339297_2004_XK63,269.0,-49.1,True,
33933_Timlister,259.5,82.1,True,
33937_Raphaelmarschall,30.0,-12.2,True,
33939_2000_LO35,21.7,-25.0,True,
3393_Stur,127.9,60.2,True,
33943_2000_LE36,238.4,-40.1,True,
33951_2000_MD5,305.7,79.5,True,
33952_2000_ML5,194.9,54.9,True,
33966_2000_NC11,222.3,61.6,True,
33967_2000_NO12,88.4,-52.9,True,
33970_Conorbenson,131.4,-81.3,True,
33983_2000_NV23,62.7,-36.3,True,
33984_2000_NU24,220.9,46.2,True,
34014_Pingali,105.7,22.5,True,
34020_2000_ON21,59.9,58.2,True,
34030_Tabuchi,169.5,-52.2,True,
34036_2000_OX27,44.4,68.6,True,
34038_Abualragheb,277.5,-81.5,True,
34043_2000_OS31,326.0,80.0,True,
34052_2000_OL37,83.0,69.4,True,
34053_Carlquines,65.3,84.0,True,
34057_2000_ON44,116.1,55.8,True,
34069_Andrewsteele,308.0,-37.7,True,
3406_Omsk,201.3,80.7,True,
34081_Chowkitmun,294.6,80.7,True,
34082_2000_PL2,114.4,-82.1,True,
3408_Shalamov,256.2,-81.2,True,
34092_2000_PF11,167.3,58.0,True,
3409_Abramov,168.7,71.8,True,
34110_2000_PX24,60.5,64.7,True,
341140_2007_PL5,39.4,-78.4,True,
341145_2007_PR15,93.7,-8.4,True,
34114_2000_PU26,166.9,51.7,True,
34115_2000_PV26,180.3,-54.9,True,
341185_2007_RX32,114.1,-67.4,True,
34119_2000_PY27,55.4,10.4,True,
34131_2000_QY3,244.6,-80.2,True,
34138_Frasso_Sabino,56.4,-65.9,True,
3413_Andriana,33.7,-79.5,True,
34162_Yegnesh,214.8,-1.2,True,
34167_2000_QS30,151.4,-27.5,True,
34184_Hegde,93.4,-53.2,True,
341889_2008_HF,122.0,42.1,True,
34198_Oliverleitner,134.9,-47.2,True,
342055_2008_RV146,99.8,-51.5,True,
3420_Standish,183.8,70.4,True,
34226_2000_QM88,199.0,53.6,True,
34228_2000_QF90,221.9,78.4,True,
34236_Firester,228.0,61.4,True,
34237_Sarahgao,213.2,-17.8,True,
3423_Slouka,91.1,66.6,True,
34244_2000_QF101,201.5,23.6,True,
3424_Nusl,167.2,-21.3,True,
342592_2008_UP300,207.6,-17.5,True,
3425_Hurukawa,163.5,20.4,True,
34270_2000_QW131,120.9,-51.1,True,
34286_2000_QF147,77.7,64.3,True,
34287_2000_QG147,153.6,50.0,True,
34292_2000_QK151,139.2,-15.8,True,
3429_Chuvaev,188.1,3.5,True,
3431_Nakano,57.7,-35.4,True,
34332_Alicefeng,137.2,76.8,True,
34351_Decatur,178.7,-15.3,True,
34373_2000_RT44,226.4,72.6,True,
34374_2000_RP48,33.5,67.5,True,
343813_2011_HM7,15.9,19.2,True,
34384_2000_RW61,166.8,-21.1,True,
34391_Garyzhan,112.3,85.1,True,
3439_Lebofsky,313.7,84.9,True,
34405_Caitlinshearer,75.7,-7.7,True,
34407_2000_RD93,150.3,2.0,True,
34408_Simonanghel,157.4,-24.8,True,
344146_2000_NP11,221.0,-24.6,True,
34417_2000_RE105,351.3,-36.1,True,
34418_Juliegodfrey,185.7,-12.5,True,
34421_2000_SA12,264.6,37.3,True,
34424_Utashima,140.2,14.1,True,
34437_2000_SF43,96.7,-8.3,True,
34440_2000_SV46,307.9,-76.5,True,
3444_Stepanian,117.5,-64.2,True,
34459_2000_SC91,217.1,71.3,True,
3445_Pinson,201.6,58.4,True,
34463_2000_SB101,56.7,-50.2,True,
344665_2003_SH106,138.3,-16.1,True,
3446_Combes,177.9,80.3,True,
344703_2003_TP13,83.2,-8.9,True,
34480_2000_SW121,350.7,-20.9,True,
34487_2000_SE133,323.4,14.5,True,
34491_Mohammedsuhail,225.2,63.9,True,
34494_Shikarpur,116.4,67.2,True,
344958_2004_WL2,140.3,-15.5,True,
34499_Yusukesakai,255.7,-81.1,True,
3449_Abell,133.8,74.8,True,
34502_2000_SE157,181.9,-27.6,True,
3450_Dommanget,261.6,52.4,True,
34516_2000_SF182,254.3,-82.1,True,
34517_2000_SC185,209.2,-72.4,True,
3451_Mentor,0.3,-70.5,True,
34536_2000_SJ221,203.5,25.8,True,
34549_2000_SA238,140.7,-79.1,True,
34557_2000_SE270,197.8,76.3,True,
34560_2000_SF280,152.8,58.3,True,
34562_2000_SW287,74.8,-82.8,True,
34567_Weidekoo,64.6,-21.4,True,
34568_2000_SP305,147.1,69.9,True,
3456_Etiennemarey,217.4,-29.8,True,
34572_2000_SY310,43.3,73.4,True,
34574_2000_SW319,60.9,24.7,True,
34576_Leeshangjung,209.8,-30.0,True,
34578_2000_SL338,72.2,-22.4,True,
34579_2000_SR339,43.6,63.8,True,
3457_Arnenordheim,82.8,66.4,True,
345826_2007_HZ87,121.2,-73.4,True,
34588_2000_TL,25.9,31.8,True,
34594_Rohanarora,129.3,42.8,True,
34601_2000_TR51,89.5,-23.4,True,
34607_2000_UD3,163.6,7.3,True,
34608_2000_UW7,153.9,-78.8,True,
34610_2000_UV9,125.4,-50.4,True,
34617_2000_UU48,82.5,65.4,True,
34619_Swagat,196.7,65.3,True,
3461_Mandelshtam,106.1,-37.7,True,
34622_2000_UK58,169.9,-64.4,True,
34623_2000_US59,106.2,37.0,True,
34626_2000_UN69,98.3,21.9,True,
34639_2000_WG1,135.5,-16.9,True,
34640_2000_WN1,120.7,-66.5,True,
34653_2000_WJ144,87.0,-38.1,True,
34657_2000_WG154,93.4,-83.4,True,
34671_2000_YY18,247.4,-81.1,True,
34672_2000_YU53,63.5,21.9,True,
34673_2000_YM70,26.9,-11.1,True,
34684_2001_CJ28,52.2,46.1,True,
3468_Urgenta,213.1,41.0,True,
347024_2010_EQ39,252.8,52.7,True,
34702_2001_OW62,263.8,78.7,True,
34719_2001_PW47,253.2,37.5,True,
34724_2001_QM18,84.9,36.5,True,
34725_2001_QJ19,259.4,-22.0,True,
34729_Natalianoel,69.8,-82.0,True,
34731_Ronitjain,100.2,22.0,True,
347360_2012_QU41,78.0,-37.7,True,
3473_Sapporo,242.9,-23.9,True,
3474_Linsley,188.2,-27.8,True,
34751_2001_QO100,234.9,71.5,True,
34752_Venkatkrishnan,96.6,-38.2,True,
34764_2001_QZ197,123.1,-34.5,True,
3476_Dongguan,339.6,-4.6,True,
347885_2002_TB169,59.6,8.5,True,
3479_Malaparte,56.6,-35.3,True,
34802_Anwesha,118.8,-51.0,True,
34810_2001_SN108,105.3,-52.8,True,
34814_Muthukumar,304.0,-23.0,True,
3481_Xianglupeak,193.8,-57.7,True,
348250_2004_TO51,145.4,-13.8,True,
34827_2001_SC165,144.9,59.7,True,
3482_Lesnaya,98.0,-53.2,True,
34833_2001_SF239,164.9,73.2,True,
34846_Vincent,293.9,21.6,True,
34848_2001_SC288,206.9,75.8,True,
3484_Neugebauer,188.8,35.6,True,
34850_2001_TL8,249.4,49.9,True,
348612_2005_YP,207.2,-32.9,True,
34861_2001_TY77,132.4,44.6,True,
34862_Utkarshtandon,65.4,69.4,True,
34867_2001_TB121,304.3,-81.0,True,
3486_Fulchignoni,265.9,67.7,True,
34878_2001_UU34,69.9,66.1,True,
34882_2001_UK66,124.7,-19.6,True,
34884_2001_UR119,52.9,71.0,True,
34887_2001_VJ14,238.6,-79.2,True,
348_May,218.0,-14.2,True,
34906_3116_P_L,32.8,-29.0,True,
3490_Solc,66.4,8.3,True,
34931_6621_P_L,247.1,-54.7,True,
34933_6652_P_L,241.6,-81.9,True,
349377_2007_VC323,143.9,28.6,True,
34937_9063_P_L,74.1,22.7,True,
3493_Stepanov,170.4,-35.7,True,
349694_2008_XF3,20.6,33.2,True,
34986_3837_T_3,271.2,38.2,True,
34_Circe,213.6,79.4,True,
35002_1978_VY8,170.7,74.5,True,
35003_1979_MT1,52.2,54.7,True,
35006_1979_ON8,69.6,73.9,True,
35008_1980_FZ2,104.7,-22.7,True,
35012_1981_EU2,21.6,33.5,True,
35014_1981_EX5,114.8,36.6,True,
350226_2012_TF11,123.8,-50.6,True,
3502_Huangpu,221.5,30.9,True,
35031_1981_EE23,89.0,66.6,True,
35032_1981_EL26,110.0,-36.9,True,
35035_1981_ER29,105.9,-7.6,True,
35036_1981_EC30,123.2,-78.7,True,
35044_1981_ET40,81.7,6.8,True,
3504_Kholshevnikov,214.5,58.9,True,
35065_1988_SU1,241.2,34.6,True,
35068_1989_SF4,103.7,7.3,True,
35076_Yataro,318.1,-24.9,True,
3507_Vilas,255.6,-85.8,True,
35080_1990_QH8,202.3,39.5,True,
35086_1990_TW8,136.2,71.7,True,
3509_Sanshui,171.8,-52.6,True,
35100_1991_NK,140.4,63.7,True,
35101_1991_PL16,39.0,39.5,True,
35103_1991_RZ14,113.1,-51.7,True,
35118_1992_EV5,80.0,-8.4,True,
351287_2004_TW18,249.6,7.1,True,
35130_1992_LQ,240.7,6.5,True,
35133_1992_QX,124.3,-19.7,True,
3513_Quqinyue,182.0,58.3,True,
35150_1993_FR41,132.7,42.7,True,
351543_2005_TP10,99.6,21.2,True,
3515_Jindra,202.2,67.7,True,
35165_Quebec,74.6,7.5,True,
3516_Rusheva,142.3,-45.4,True,
35170_Mizunochisato,245.0,83.7,True,
35177_1993_TP22,56.6,53.8,True,
35185_1993_VS,92.4,66.7,True,
3518_Florena,81.0,35.6,True,
351_Yrsa,204.3,55.4,True,
35208_1994_PB38,218.0,43.1,True,
3520_Klopsteg,260.6,67.8,True,
35229_Benckert,146.0,-42.5,True,
3522_Becker,173.9,62.9,True,
35230_1995_GW,125.0,-34.7,True,
35231_Sugimotojunya,218.2,78.8,True,
3524_Schulz,118.8,-66.8,True,
352642_2008_JM,96.8,71.2,True,
35265_Takeosaitou,148.3,71.3,True,
35279_1996_SR,138.1,-31.6,True,
3527_McCord,135.8,-16.8,True,
35282_1996_SC7,239.2,-79.0,True,
3528_Counselman,234.0,19.3,True,
35291_1996_TN46,61.9,-6.1,True,
35293_1996_TC54,223.0,16.5,True,
35295_Omo,180.4,-43.3,True,
35311_1997_AE2,83.6,36.6,True,
35314_1997_AW8,297.6,-81.5,True,
35318_1997_BD1,206.1,26.4,True,
35324_Orlandi,75.9,-66.8,True,
3532_Tracie,242.1,-82.9,True,
35345_1997_HY6,148.3,2.2,True,
35347_Tallinn,258.4,74.0,True,
35348_1997_JO18,122.8,57.9,True,
35350_Lespaul,68.6,-36.9,True,
35357_Haraldlesch,135.6,-16.9,True,
3535_Ditte,176.2,83.1,True,
35364_Donaldpray,201.2,-6.7,True,
35370_Daisakyu,148.5,48.7,True,
353731_2011_WR114,89.6,51.2,True,
35378_1997_WN12,83.3,-53.3,True,
3537_Jurgen,308.2,64.1,True,
35386_1997_WM43,161.8,47.5,True,
3538_Nelsonia,264.0,-21.7,True,
35393_1997_XJ5,153.5,35.4,True,
35398_1997_YR,56.5,67.5,True,
3539_Weimar,68.5,-7.4,True,
35406_1997_YH8,178.6,46.3,True,
3540_Protesilaos,108.1,-7.3,True,
3541_Graham,212.1,42.6,True,
35420_1998_AG6,76.7,68.9,True,
35426_1998_BN1,345.9,-86.1,True,
354297_2002_TE108,206.0,-19.8,True,
35437_1998_BN19,118.0,9.0,True,
3543_Ningbo,164.1,8.4,True,
35441_Kyoko,134.5,55.0,True,
35451_1998_CW4,86.6,-52.3,True,
35454_1998_DE14,94.5,6.4,True,
3545_Gaffey,266.2,86.4,True,
35473_1998_EZ8,119.6,40.3,True,
35476_1998_EN10,134.0,27.8,True,
35486_1998_FH15,308.3,-23.4,True,
35487_1998_FK16,129.8,-80.8,True,
3548_Eurybates,118.8,-86.3,True,
35490_1998_FD27,97.0,-68.3,True,
35494_1998_FZ31,210.8,-40.0,True,
3549_Hapke,43.6,-64.1,True,
35500_1998_FP39,78.2,37.1,True,
3550_Link,190.4,-76.6,True,
35514_1998_FZ56,122.9,-20.0,True,
35528_1998_FC69,76.0,-22.8,True,
35534_Clementfeller,29.9,-60.4,True,
35543_1998_FU99,226.9,-57.2,True,
35551_1998_FA114,202.9,-67.1,True,
355581_2008_CK103,44.4,25.7,True,
35561_1998_FZ132,97.2,-23.3,True,
35566_1998_GE7,178.5,-49.2,True,
35567_1998_GC9,227.9,69.7,True,
35569_1998_GN9,358.0,66.9,True,
3556_Lixiaohua,245.5,-55.5,True,
35574_1998_HE12,90.9,-38.3,True,
3557_Sokolsky,71.3,69.7,True,
35586_1998_HG54,138.5,57.0,True,
35596_1998_HZ117,212.4,45.0,True,
355_Gabriella,158.9,75.1,True,
35605_1998_HU125,210.7,26.6,True,
35609_1998_HC132,56.3,9.3,True,
35617_1998_HY148,151.1,3.6,True,
35618_Tartu,249.8,78.8,True,
35620_1998_JZ,127.7,-65.4,True,
35623_Pedrodavid,129.5,75.9,True,
35628_1998_KQ13,210.3,-61.6,True,
356345_2010_LU2,57.5,-50.9,True,
35638_1998_KU37,61.0,20.6,True,
3563_Canterbury,232.1,18.9,True,
35641_1998_KT51,73.4,69.0,True,
35649_1998_ML4,312.7,-75.5,True,
3564_Talthybius,121.0,-20.4,True,
35650_1998_MD11,68.2,65.7,True,
35651_1998_MS29,59.2,65.9,True,
356542_2011_SO165,81.3,-8.2,True,
3565_Ojima,328.6,86.9,True,
35661_1998_QV39,150.9,-69.4,True,
35666_1998_RZ47,63.2,-36.2,True,
35673_1998_VQ15,119.5,40.0,True,
356795_2011_UX322,130.1,-80.3,True,
35680_1999_AS21,267.0,38.2,True,
35689_1999_CD12,69.5,71.0,True,
35697_1999_CG104,77.3,82.5,True,
35704_1999_FB13,148.3,17.8,True,
357063_2001_PO59,97.8,66.2,True,
35706_1999_FG25,144.6,48.6,True,
35709_1999_FR28,303.3,33.8,True,
3570_Wuyeesun,186.1,-76.5,True,
35713_1999_FS30,222.1,62.4,True,
35718_1999_FE34,99.9,66.6,True,
35729_1999_GZ4,42.1,-81.1,True,
3572_Leogoldberg,191.6,50.9,True,
357308_2003_AM72,104.5,79.5,True,
35739_1999_GR21,138.1,-63.9,True,
357437_2004_BN46,132.4,72.6,True,
35768_Wendybauer,151.8,-58.0,True,
35771_1999_JE6,113.5,73.9,True,
35786_1999_JR22,175.5,43.7,True,
35787_1999_JY22,85.0,-53.1,True,
3578_Carestia,211.7,43.7,True,
357_Ninina,262.5,-34.5,True,
35801_1999_JB38,105.9,-22.6,True,
35803_1999_JT40,276.7,-82.4,True,
35805_1999_JP41,159.0,-56.2,True,
35815_1999_JO48,118.4,69.3,True,
35837_1999_JH58,131.3,-18.0,True,
3583_Burdett,70.2,81.2,True,
35842_1999_JX59,111.6,8.2,True,
35846_1999_JO60,146.2,30.7,True,
358492_2007_RZ95,178.8,79.2,True,
35859_1999_JN66,252.1,-81.2,True,
3586_Vasnetsov,148.3,-63.5,True,
35883_1999_JH78,176.8,44.8,True,
35888_1999_JS80,157.3,38.4,True,
3588_Kirik,86.2,-67.6,True,
358939_2008_HS62,46.5,-29.6,True,
358997_2008_TQ3,108.8,7.7,True,
35919_1999_JY99,175.8,46.9,True,
35922_1999_JO102,202.3,9.3,True,
35928_1999_JV107,142.1,-14.9,True,
359359_2009_UV13,81.5,6.0,True,
35939_1999_JO127,188.0,3.5,True,
35947_1999_KT5,143.5,47.5,True,
3594_Scotti,73.8,52.5,True,
35958_1999_LF4,153.8,34.9,True,
3595_Gallagher,245.2,51.8,True,
35967_1999_LG14,163.2,-38.2,True,
35973_1999_LU26,207.0,42.8,True,
35979_1999_NC2,82.4,67.4,True,
3597_Kakkuri,271.0,38.4,True,
35980_1999_NO3,242.8,-9.4,True,
35990_1999_NG10,195.0,-21.3,True,
35992_1999_NF12,190.7,-77.8,True,
35996_1999_NN20,273.4,-81.7,True,
359_Georgia,101.8,-68.0,True,
360023_2013_AQ20,44.8,52.7,True,
36011_1999_NM37,32.6,67.6,True,
3601_Velikhov,211.1,42.0,True,
36023_1999_NS49,265.3,52.6,True,
360246_2000_GW11,228.3,49.1,True,
360275_2000_SU300,125.5,-76.4,True,
36030_1999_NR59,349.6,18.2,True,
36035_Petrvok,84.4,-8.5,True,
36039_Joandunham,100.3,66.9,True,
360413_2002_GE85,83.0,-68.1,True,
360427_2002_GV185,97.1,-53.0,True,
36042_1999_QB3,100.6,-38.1,True,
36043_1999_RN2,182.0,-30.4,True,
36046_1999_RH14,223.7,-46.5,True,
36047_1999_RY14,132.3,-17.8,True,
36063_1999_RD47,47.3,48.9,True,
36069_1999_RV52,179.8,72.0,True,
360706_2004_TF52,111.8,70.0,True,
36072_1999_RJ56,222.5,-75.7,True,
36076_1999_RW60,115.1,55.5,True,
36078_1999_RK62,157.0,53.9,True,
36090_1999_RN100,175.8,-62.3,True,
36091_1999_RS100,204.4,-53.4,True,
36094_1999_RM108,201.3,39.1,True,
36095_1999_RL109,157.8,-24.8,True,
36098_1999_RW112,180.8,-28.7,True,
36100_1999_RC114,121.7,-74.9,True,
36102_1999_RA116,119.7,-35.9,True,
3610_Decampos,260.2,-6.8,True,
36117_1999_RD135,81.5,65.2,True,
36120_1999_RS136,129.5,-18.5,True,
36123_1999_RS146,204.4,24.4,True,
36138_1999_RW167,121.0,-20.4,True,
36148_1999_RF192,183.0,54.0,True,
36150_1999_RE193,150.2,-77.7,True,
36151_1999_RG193,18.0,72.2,True,
361540_2007_PP7,150.2,56.6,True,
36154_1999_RY202,158.5,-48.1,True,
36158_1999_RL216,66.5,-82.8,True,
3615_Safronov,77.9,-82.0,True,
361640_2007_TH244,60.1,9.9,True,
361672_2007_TW451,151.4,2.9,True,
36169_Grosseteste,42.7,77.8,True,
36170_1999_RC242,170.3,41.9,True,
3617_Eicher,263.9,23.3,True,
361809_2008_CD48,289.2,37.2,True,
36181_1999_TT10,207.2,24.7,True,
36186_1999_TC31,31.7,66.0,True,
36190_1999_TG40,114.7,8.6,True,
36198_1999_TF92,159.0,78.3,True,
36201_1999_TE98,171.7,26.6,True,
36202_1999_TG98,230.7,-56.1,True,
36204_1999_TM101,70.8,23.1,True,
36228_1999_UK9,87.1,21.5,True,
36229_1999_UE13,64.3,-51.7,True,
36230_1999_UD15,175.9,-16.0,True,
362335_2010_KZ120,62.4,-5.8,True,
36239_1999_VA30,144.9,61.3,True,
3623_Chaplin,280.0,83.1,True,
362417_2010_PK58,119.0,-79.0,True,
36243_1999_VP81,244.2,-85.4,True,
36245_1999_VP86,78.9,-23.0,True,
36254_1999_XM17,138.8,28.3,True,
36260_1999_XQ111,94.4,-23.4,True,
36269_1999_XB214,88.5,-37.8,True,
36281_2000_CN85,65.3,-65.4,True,
36284_2000_DM8,267.2,68.4,True,
36288_2000_EQ170,238.1,-78.8,True,
36289_2000_FP11,189.1,73.5,True,
363035_1999_RS170,253.9,-84.6,True,
36303_2000_JM54,205.4,68.3,True,
363042_1999_TE191,144.2,42.1,True,
3630_Lubomir,61.0,-81.8,True,
36316_2000_LC12,258.9,-6.6,True,
36317_2000_LL12,132.7,-32.7,True,
36325_2000_LF29,96.6,-23.3,True,
36337_2000_NK7,113.2,-21.7,True,
3633_Mira,208.0,42.2,True,
363437_2003_SE95,131.3,-48.4,True,
363492_2003_TJ7,89.3,50.1,True,
363493_2003_TQ11,103.2,-52.4,True,
36349_2000_NZ23,214.4,-32.0,True,
36351_2000_NW24,66.8,-82.6,True,
36356_2000_NY28,196.4,38.0,True,
36358_2000_OY2,80.9,-23.2,True,
36367_2000_OF12,59.1,-6.0,True,
3637_O_Meara,132.6,60.1,True,
36389_2000_OT33,257.1,-81.6,True,
3638_Davis,168.0,79.8,True,
36390_2000_OV39,238.7,-78.9,True,
36396_2000_OE44,153.8,-66.5,True,
36399_2000_OV46,73.8,-67.9,True,
364024_2005_VB77,334.5,-30.1,True,
36403_2000_OW47,95.0,-83.2,True,
36405_2000_OB48,167.9,40.7,True,
36412_2000_OP49,176.3,74.0,True,
36415_2000_OL50,123.5,26.1,True,
36438_2000_PW24,194.0,53.8,True,
36441_2000_PM28,228.7,-25.8,True,
36458_2000_QO8,156.4,36.5,True,
36472_Ebina,181.8,-82.2,True,
36479_2000_QX29,97.4,-53.3,True,
36492_2000_QW46,65.5,53.1,True,
36494_2000_QM47,317.6,79.9,True,
364971_2008_HU14,230.9,78.6,True,
364_Isara,328.1,-59.5,True,
36524_2000_QS80,176.3,-71.8,True,
3652_Soros,103.5,-37.7,True,
36538_2000_QD91,121.5,63.3,True,
3653_Klimishin,237.3,20.0,True,
3654_AAS,202.7,-67.6,True,
3656_Hemingway,133.6,27.3,True,
36570_2000_QC121,202.5,-35.6,True,
36572_2000_QR121,83.5,6.6,True,
3657_Ermolova,212.8,60.3,True,
36581_2000_QB125,233.0,19.1,True,
36587_2000_QM128,165.8,-61.0,True,
36598_2000_QX137,147.0,-76.5,True,
36599_2000_QB138,114.1,-82.8,True,
3659_Bellingshausen,74.3,-68.0,True,
36607_2000_QS143,131.5,-81.7,True,
3660_Lazarev,286.3,82.4,True,
366186_2012_HE26,123.9,-65.4,True,
36632_2000_QB171,176.5,55.8,True,
36633_2000_QG171,329.6,-83.4,True,
3663_Tisserand,160.2,53.2,True,
36640_2000_QR184,205.2,-83.5,True,
36648_2000_QM195,70.0,-65.9,True,
3664_Anneres,137.7,42.2,True,
36653_2000_QF200,143.2,44.8,True,
366555_2002_RX67,137.0,-1.7,True,
36657_2000_QY202,199.9,52.9,True,
36662_2000_QT208,257.4,-81.2,True,
3666_Holman,186.0,64.0,True,
3668_Ilfpetrov,175.1,13.3,True,
36690_2000_RD7,141.4,61.3,True,
366930_2005_UF439,171.0,-62.8,True,
36694_2000_RT15,138.4,42.1,True,
366998_2005_YW266,249.7,-81.9,True,
36700_2000_RT17,201.3,38.4,True,
36701_2000_RY17,297.1,21.1,True,
36702_2000_RC18,170.6,-19.9,True,
36720_2000_RE42,55.1,40.0,True,
36729_2000_RV47,30.1,30.6,True,
367307_2007_VK335,242.3,66.4,True,
3673_Levy,119.1,-81.9,True,
36742_2000_RM62,225.0,-81.7,True,
36756_2000_RG71,106.2,-37.7,True,
3675_Kemstach,274.2,38.1,True,
36762_2000_RU78,130.3,44.2,True,
36766_2000_RN91,126.9,40.5,True,
36775_2000_RQ101,96.1,65.4,True,
36776_2000_RV102,15.7,-76.3,True,
3678_Mongmanwai,108.7,23.1,True,
36790_2000_SJ20,212.1,-51.5,True,
36792_2000_SC23,108.6,78.1,True,
36804_2000_SX61,65.2,-21.5,True,
3680_Sasha,139.9,-72.4,True,
368153_1995_UX1,280.7,-83.7,True,
36824_2000_SQ86,157.3,-76.7,True,
368277_2002_JX9,31.4,-24.1,True,
368280_2002_LK55,54.6,-79.0,True,
3682_Welther,199.9,24.5,True,
36834_2000_SA106,133.7,68.9,True,
36859_2000_SC136,167.7,65.0,True,
36871_2000_SV150,138.7,57.9,True,
3687_Dzus,152.2,66.2,True,
36881_2000_SX154,259.3,-6.9,True,
36889_2000_SW166,131.5,-32.6,True,
36891_2000_SJ168,149.3,82.2,True,
36893_2000_SA170,120.9,68.3,True,
36897_2000_SB172,151.0,-27.6,True,
36899_2000_SW172,140.5,-80.7,True,
36905_2000_SX179,93.3,21.6,True,
369084_2008_FJ136,58.4,67.7,True,
36921_2000_SB208,111.5,-6.9,True,
36927_2000_SJ216,184.8,73.6,True,
3692_Rickman,139.8,65.0,True,
36930_2000_SM217,136.9,45.3,True,
3693_Barringer,97.7,67.7,True,
36944_2000_SD249,301.4,5.8,True,
36949_2000_SG260,134.2,-47.3,True,
36959_2000_SS279,76.0,20.9,True,
36967_2000_SV292,98.9,-8.5,True,
36986_Stickle,148.0,-77.9,True,
369887_2012_RZ19,132.2,-32.5,True,
36993_2000_SM364,15.2,33.9,True,
37000_2000_TG25,158.1,63.8,True,
370082_2001_SF152,113.6,-6.9,True,
37021_2000_UB1,158.9,-8.9,True,
37023_2000_UD2,110.4,50.4,True,
37033_2000_UX8,130.4,10.7,True,
3703_Volkonskaya,117.2,9.3,True,
37044_Papymarcel,81.1,-68.2,True,
3705_Hotellasilla,220.5,61.2,True,
37068_2000_UZ49,214.6,-62.3,True,
37076_2000_UK54,12.6,34.9,True,
37086_2000_UU63,106.9,-37.5,True,
37090_2000_UB72,96.3,21.7,True,
37099_2000_UM94,330.6,12.0,True,
3709_Polypoites,100.7,67.6,True,
37105_2000_UA101,195.2,6.5,True,
37110_2000_UF103,292.6,-84.1,True,
37127_2000_VU17,80.4,-67.2,True,
37145_2000_VZ45,112.1,-52.1,True,
3714_Kenrussell,70.6,64.3,True,
37152_2000_VV56,165.5,36.5,True,
3715_Stohl,199.0,55.6,True,
37164_2000_WT12,107.6,-52.7,True,
3716_Petzval,143.8,-78.6,True,
3718_Dunbar,191.5,19.8,True,
37191_2000_WP69,70.3,23.3,True,
3719_Karamzin,223.1,31.5,True,
371_Bohemia,218.5,-30.2,True,
37202_2000_WK95,127.2,42.7,True,
37204_2000_WE100,186.5,-59.5,True,
37212_2000_WO126,43.0,-87.1,True,
3721_Widorn,268.2,-51.4,True,
372213_2008_TY189,193.3,38.5,True,
37222_Sansom,352.3,79.4,True,
3722_Urata,195.1,71.5,True,
37231_2000_WW148,62.6,-6.4,True,
37247_2000_WM181,263.6,38.1,True,
3724_Annenskij,270.3,-51.2,True,
37257_2000_XM2,96.7,-8.3,True,
372591_2009_UP126,141.1,27.2,True,
37265_2000_XT17,162.5,58.9,True,
37274_2000_XO42,93.4,-23.4,True,
37277_2000_YJ,56.0,-79.8,True,
37280_2000_YT19,74.9,22.0,True,
37295_2001_BB46,154.5,20.6,True,
3729_Yangzhou,92.0,-23.4,True,
37309_Pajuelo,312.1,-53.9,True,
3730_Hurban,213.7,80.1,True,
37319_2001_QL37,228.1,17.9,True,
37325_2001_QG78,268.4,52.8,True,
37338_2001_RF93,105.3,-22.7,True,
3733_Yoshitomo,174.4,-16.7,True,
37346_2001_SU154,138.9,-15.9,True,
37353_2001_TG66,273.7,38.2,True,
37378_2001_VU76,180.5,55.2,True,
3737_Beckman,251.8,-53.9,True,
373830_2002_XC58,196.5,7.0,True,
3738_Ots,192.1,-39.2,True,
3739_Rem,226.7,-57.4,True,
374056_2004_PP84,140.9,44.1,True,
37408_2001_XY114,135.3,14.2,True,
3741_Rogerburns,164.6,-38.5,True,
374201_2005_EW51,156.5,78.5,True,
37424_2001_YA3,80.2,-66.7,True,
37425_2001_YM3,64.8,8.8,True,
37427_2001_YJ82,102.0,-67.5,True,
37435_2111_P_L,80.8,-82.5,True,
3743_Pauljaniczek,225.7,63.4,True,
3745_Petaev,97.5,-23.3,True,
374708_2006_RU100,154.4,-78.7,True,
374779_2006_TC10,247.3,-80.6,True,
37479_1130_T_1,323.9,30.0,True,
3747_Belinskij,135.1,-62.0,True,
37485_2211_T_1,134.4,-60.2,True,
37493_1171_T_2,239.6,48.4,True,
374960_2007_CC50,110.8,-63.9,True,
37497_1330_T_2,208.1,11.6,True,
37498_1507_T_2,108.6,38.0,True,
37499_2033_T_2,296.7,-9.3,True,
3749_Balam,201.5,-49.3,True,
37506_3107_T_2,309.6,79.5,True,
3751_Kiang,38.4,32.1,True,
37534_1980_FL4,103.8,67.9,True,
37544_1981_EY16,143.1,72.8,True,
37552_1981_EU39,107.9,7.4,True,
37556_Svyaztie,200.0,55.5,True,
37558_1984_SG6,116.5,40.4,True,
3755_Lecointe,171.2,43.1,True,
37567_1989_SC3,158.1,-77.4,True,
3756_Ruscannon,131.3,26.5,True,
375778_2009_SA239,61.3,-50.5,True,
375807_2009_TV36,199.5,8.2,True,
37583_Ramonkhanna,205.5,-35.1,True,
37589_1991_NN9,155.4,21.1,True,
3758_Karttunen,108.7,-76.9,True,
3761_Romanskaya,147.3,-44.7,True,
37620_1993_QA3,123.1,75.1,True,
3762_Amaravella,160.2,68.7,True,
37639_1993_VR1,82.0,36.3,True,
3763_Qianxuesen,156.4,-64.9,True,
37643_1994_AX6,61.1,-35.8,True,
37649_1994_FC,265.6,-20.6,True,
37651_1994_GX,217.7,46.5,True,
3765_Texereau,182.8,31.3,True,
37666_1994_SV7,107.1,7.6,True,
3766_Junepatterson,65.8,68.0,True,
376783_2000_QK138,82.4,-38.1,True,
376842_2001_QM259,107.1,63.7,True,
376871_2001_UT108,144.8,47.6,True,
376884_2001_XS24,73.8,88.6,True,
3768_Monroe,310.7,64.6,True,
3771_Alexejtolstoj,221.2,-14.6,True,
377246_2004_BA95,210.9,-15.4,True,
377329_2004_NG23,61.2,24.8,True,
37744_1996_XU14,12.0,67.9,True,
3775_Ellenbeth,252.1,-6.8,True,
37764_Omirika,123.4,-82.3,True,
37766_1997_GM11,134.6,26.3,True,
3776_Vartiovuori,169.8,-74.6,True,
377774_2005_YO171,135.7,27.0,True,
37781_1997_HB13,125.4,38.6,True,
37785_Nougaro,193.2,-9.2,True,
3778_Regge,214.3,58.0,True,
377_Campania,120.3,68.0,True,
37819_1998_BE5,103.4,-37.7,True,
37820_1998_BL8,142.7,53.4,True,
37824_1998_BU14,71.0,51.1,True,
378257_2007_DS48,114.4,7.0,True,
37829_1998_BQ33,163.0,54.1,True,
3782_Celle,52.9,72.8,True,
37831_1998_BH36,152.4,35.0,True,
3783_Morris,10.3,75.0,True,
37841_1998_DQ4,56.1,-81.2,True,
3784_Chopin,259.0,23.1,True,
37855_1998_EE12,5.8,80.0,True,
3785_Kitami,181.1,62.2,True,
37876_1998_FY37,232.7,-76.6,True,
37878_1998_FG43,2.1,-71.5,True,
3787_Aivazovskij,215.9,-71.6,True,
37882_1998_FE49,64.8,24.3,True,
3788_Steyaert,67.6,79.4,True,
37894_1998_FE62,250.4,36.3,True,
37903_1998_FU67,264.5,-51.7,True,
3791_Marci,212.8,42.9,True,
37924_1998_FB114,132.6,-17.7,True,
37925_1998_FL114,126.2,24.1,True,
37930_1998_FG123,152.5,-49.8,True,
37931_1998_FG125,272.5,-36.2,True,
37935_1998_GW,174.3,63.4,True,
3793_Leonteus,112.2,71.3,True,
37946_1998_HH20,261.6,-21.3,True,
37948_1998_HN23,218.8,53.7,True,
3794_Sthenelos,135.1,-58.8,True,
379564_2011_AE78,220.4,-27.2,True,
3795_Nigel,184.2,-41.7,True,
37967_1998_HG93,229.2,-76.9,True,
37970_1998_HG100,102.6,-8.1,True,
37976_1998_HC118,113.9,-6.5,True,
37978_1998_HR124,312.2,17.8,True,
3797_Ching_Sung_Yu,109.5,-82.4,True,
37990_1998_KN4,34.7,38.2,True,
37993_1998_KM8,239.9,-25.5,True,
37996_1998_KE27,61.9,66.7,True,
379_Huenna,220.4,61.3,True,
38000_1998_KK35,130.4,-33.8,True,
380173_2000_SB11,104.0,7.3,True,
38017_1998_KW67,99.1,37.0,True,
3801_Thrasymedes,119.6,-65.0,True,
380210_2001_HP4,47.2,77.2,True,
38025_1998_QF,94.6,36.4,True,
38028_1998_QC20,100.7,21.8,True,
38029_1998_QZ24,118.5,-82.6,True,
38033_1998_QN49,112.9,-21.8,True,
38035_1998_QC85,30.0,1.8,True,
38038_1998_RQ19,117.4,9.0,True,
38039_1998_RD24,248.9,-83.0,True,
38043_1998_SB26,78.0,20.1,True,
38046_Krasnoyarsk,225.5,-82.2,True,
38049_1998_VY6,78.7,63.7,True,
38054_1999_AG10,85.7,66.9,True,
38056_1999_BZ10,103.1,36.8,True,
38057_1999_BO15,96.2,-77.7,True,
380619_2004_TX249,66.9,-7.1,True,
380629_2004_TO356,169.9,-73.6,True,
38069_1999_GN,118.1,24.0,True,
38087_1999_JN,121.2,72.6,True,
38088_1999_JS1,134.3,44.7,True,
38089_1999_JV1,162.2,-63.2,True,
3809_Amici,66.1,51.5,True,
38106_1999_JG23,120.5,69.3,True,
3810_Aoraki,217.8,14.9,True,
38116_1999_JK35,203.9,55.5,True,
38126_1999_JT44,268.1,-21.3,True,
3812_Lidaksum,244.0,-51.2,True,
38197_1999_LC19,146.3,71.7,True,
3820_Sauval,105.1,65.1,True,
3821_Sonet,284.7,-88.6,True,
382262_2012_TC114,305.7,-9.6,True,
3822_Segovia,55.9,83.2,True,
382394_3549_P_L,184.7,-46.3,True,
382450_2000_OT30,204.0,10.0,True,
3824_Brendalee,265.9,8.4,True,
3825_Nurnberg,223.0,45.5,True,
38260_1999_RK15,174.0,74.5,True,
38261_1999_RY16,162.7,-22.9,True,
382691_2002_VS60,139.5,15.2,True,
38277_1999_RP49,154.8,-24.9,True,
38281_1999_RP52,69.4,-36.9,True,
382898_2004_QJ19,236.6,-78.8,True,
3828_Hoshino,250.7,37.4,True,
382908_2004_RY158,98.5,-23.2,True,
382914_2004_RK199,83.4,21.5,True,
38298_1999_RD88,62.4,65.6,True,
38314_1999_RR112,105.3,-82.8,True,
3831_Pettengill,249.6,-80.6,True,
38320_1999_RT120,54.1,-50.3,True,
38323_1999_RB127,111.1,64.8,True,
3832_Shapiro,225.5,75.9,True,
38331_1999_RT130,95.1,21.7,True,
38337_1999_RP136,150.8,62.3,True,
38342_1999_RT139,95.6,-67.2,True,
38347_1999_RS143,86.5,-8.4,True,
3834_Zappafrank,220.0,77.9,True,
38359_1999_RJ154,106.6,7.6,True,
3837_Carr,106.4,81.4,True,
38395_1999_RR193,224.7,63.9,True,
38396_1999_RU193,59.8,-35.6,True,
383_Janina,240.9,-53.6,True,
38401_1999_RJ197,201.2,-19.9,True,
38406_1999_RS203,67.9,8.5,True,
3840_Mimistrobell,176.8,70.7,True,
38411_1999_RQ210,212.3,-2.1,True,
38413_1999_RY211,44.0,9.6,True,
3841_Dicicco,207.9,78.9,True,
38421_1999_RZ221,202.7,-82.7,True,
38426_1999_RT230,155.9,-69.7,True,
38429_1999_RX231,111.3,69.4,True,
38440_1999_SA5,111.6,8.3,True,
38443_1999_SM7,225.2,17.1,True,
38453_1999_TU1,186.9,45.1,True,
38454_Boroson,206.8,11.1,True,
38457_1999_TJ9,79.3,6.9,True,
38458_1999_TP12,93.7,51.5,True,
3845_Neyachenko,63.2,74.3,True,
38468_1999_TD34,276.0,-21.5,True,
38469_1999_TN34,106.8,37.6,True,
3846_Hazel,162.4,55.1,True,
38475_1999_TT89,194.1,77.6,True,
38478_1999_TX94,101.2,22.0,True,
38482_1999_TC100,226.2,48.0,True,
38487_1999_TL108,133.6,-32.6,True,
3849_Incidentia,152.0,-67.8,True,
38506_1999_TB192,92.8,66.3,True,
38510_1999_TF221,70.0,7.6,True,
385114_2012_WS26,346.0,75.8,True,
38516_1999_TQ248,138.7,47.4,True,
38517_1999_TL249,254.6,78.8,True,
38518_1999_TN252,51.8,64.7,True,
38532_1999_UQ24,65.6,55.2,True,
38535_1999_UO42,222.0,-15.0,True,
38538_1999_UZ47,245.7,7.0,True,
38540_Stevens,321.1,76.5,True,
38544_1999_VS21,167.1,-21.0,True,
38550_1999_VS53,91.3,-23.4,True,
3855_Pasasymphonia,216.5,59.7,True,
385613_2005_GP91,256.3,-81.7,True,
38568_1999_VE184,279.1,-84.9,True,
38569_1999_VO198,107.7,-67.2,True,
3856_Lutskij,185.0,31.7,True,
38570_1999_VH199,261.5,-84.0,True,
38575_1999_XH2,168.8,37.5,True,
385760_2005_YF71,90.1,-67.9,True,
38582_1999_XE37,221.2,-26.9,True,
38592_1999_XH162,95.3,-8.4,True,
385_Ilmatar,94.0,-23.4,True,
38602_1999_XW229,81.4,65.2,True,
38603_1999_XO242,130.9,28.4,True,
38604_1999_YJ4,179.7,46.5,True,
38605_1999_YV10,73.4,6.8,True,
3860_Plovdiv,118.0,79.8,True,
38615_2000_AV121,355.5,-84.2,True,
38616_2000_AS145,356.2,83.7,True,
386309_2008_SS56,122.1,-20.2,True,
386317_2008_SQ80,88.4,-52.0,True,
38635_2000_LB21,212.4,-86.4,True,
38646_2000_OX4,56.7,41.9,True,
38653_2000_OT22,202.0,-5.7,True,
38660_2000_OT48,60.1,9.4,True,
3866_Langley,265.0,-36.7,True,
38683_2000_QQ7,177.4,13.6,True,
38685_2000_QP9,121.2,69.3,True,
3868_Mendoza,163.3,8.7,True,
386_Siegena,260.1,-37.1,True,
387010_2012_RP16,46.1,18.3,True,
38707_2000_QK89,192.4,-84.1,True,
38710_2000_QG97,81.4,-38.0,True,
38717_2000_QM121,81.0,36.8,True,
38718_2000_QW121,59.8,75.6,True,
38719_2000_QQ127,90.8,-52.9,True,
38727_2000_QR131,205.3,-81.6,True,
3872_Akirafujii,203.4,54.0,True,
387425_2013_VU17,174.2,73.8,True,
38749_2000_QU206,107.5,-52.7,True,
38755_2000_QR227,69.7,-86.4,True,
387681_2002_TP135,92.2,-53.3,True,
38785_2000_RR43,201.8,51.0,True,
38800_2000_RA55,74.1,-37.6,True,
38814_2000_RR72,123.9,-63.9,True,
3881_Doumergua,214.6,70.4,True,
38821_Linchinghsia,156.8,36.3,True,
388263_2006_QG49,53.8,27.0,True,
3882_Johncox,251.4,-53.5,True,
38833_2000_SC,163.7,1.4,True,
38853_2000_SW71,127.9,-61.9,True,
38863_2000_SX108,116.2,-82.5,True,
38879_2000_SO121,46.7,-48.5,True,
38888_2000_SA137,332.3,-83.5,True,
38893_2000_SH149,131.6,-78.8,True,
38899_2000_SG157,89.4,-68.4,True,
3889_Menshikov,213.9,-31.5,True,
388_Charybdis,59.4,-20.5,True,
38903_2000_SP160,80.3,-23.1,True,
389062_2008_WJ2,123.4,-77.3,True,
38908_2000_SX170,68.7,-50.1,True,
38909_2000_SQ172,114.8,85.6,True,
38910_2000_SA178,132.0,-3.4,True,
38915_2000_SR189,178.5,46.1,True,
38920_2000_SW218,292.5,-80.5,True,
38937_2000_SL258,57.8,39.1,True,
38938_2000_SU258,109.8,-7.1,True,
38939_2000_SH260,128.3,71.5,True,
3893_DeLaeter,256.7,-21.0,True,
38940_2000_SY265,181.5,65.5,True,
38952_2000_SG309,112.6,51.0,True,
38979_2000_UB2,136.8,29.1,True,
38997_2000_UF26,214.7,41.5,True,
39020_2000_UT53,232.6,19.0,True,
39023_2000_UZ55,186.1,18.5,True,
39027_2000_UR66,195.1,21.8,True,
3902_Yoritomo,189.6,72.5,True,
39030_2000_UG74,99.4,-52.8,True,
39043_2000_UT90,233.8,-79.9,True,
39046_2000_UZ94,178.7,72.0,True,
3905_Doppler,87.8,-52.8,True,
390779_2003_WY6,96.7,65.6,True,
39093_2000_VM58,322.2,-84.1,True,
390997_2005_SN93,98.6,21.9,True,
390_Alma,79.5,68.6,True,
39103_2000_WQ17,113.4,-52.0,True,
39106_2000_WE23,84.2,-79.5,True,
3910_Liszt,107.3,-66.5,True,
39112_2000_WB31,196.6,-34.6,True,
3911_Otomo,220.1,-31.6,True,
39123_2000_WR42,98.7,-68.3,True,
3912_Troja,93.4,6.6,True,
39133_2000_WV58,98.8,-73.6,True,
39137_2000_WX62,200.6,-6.8,True,
39149_2000_WV95,128.6,-74.7,True,
39160_2000_WC116,16.2,-6.9,True,
39163_2000_WM119,110.4,-22.1,True,
39172_2000_WZ148,43.1,-64.0,True,
3917_Franz_Schubert,211.5,-86.1,True,
39180_2000_WA161,148.4,-12.8,True,
39194_2000_WK188,313.2,-10.8,True,
39197_2000_XA,316.0,41.7,True,
39198_2000_XY4,150.8,-79.4,True,
39207_2000_XQ20,152.1,57.8,True,
39209_2000_XC26,229.4,-25.0,True,
39211_2000_XB34,346.1,81.6,True,
39212_2000_XC38,117.0,-5.9,True,
39218_2000_YY3,172.2,-67.4,True,
3922_Heather,97.2,-82.5,True,
392414_2010_LU131,85.3,-53.2,True,
39259_2000_YJ136,80.0,20.7,True,
39264_2000_YQ139,128.1,58.8,True,
39268_2001_AK7,57.0,51.2,True,
39274_2001_AP34,131.3,27.6,True,
3927_Feliciaplatt,155.5,19.5,True,
39286_2001_CX6,113.1,54.3,True,
39297_2001_FE53,159.4,35.8,True,
39299_2001_HF5,51.9,-3.5,True,
39304_2001_QX77,239.5,72.2,True,
39305_2001_QX180,208.9,78.9,True,
39314_Moritakumi,60.2,57.8,True,
393174_2013_CD66,75.0,-52.3,True,
39317_2001_UU168,103.6,-22.8,True,
393285_2013_YE6,171.6,28.2,True,
393407_2001_AF46,223.8,16.7,True,
39354_2002_AX148,117.4,-75.9,True,
39355_2002_AH161,65.6,-6.5,True,
3937_Bretagnon,115.1,8.2,True,
3938_Chapront,211.5,28.0,True,
39405_Mosigkau,89.4,36.5,True,
394261_2006_UV70,87.9,51.3,True,
39427_Charlottebronte,140.9,-79.5,True,
39433_1113_T_3,81.0,-53.1,True,
39446_3348_T_3,87.0,-38.4,True,
3944_Halliday,163.3,38.9,True,
39458_4198_T_3,107.1,-67.8,True,
39459_4266_T_3,165.3,-20.2,True,
3945_Gerasimenko,132.7,-47.4,True,
39460_4332_T_3,90.8,66.7,True,
3947_Swedenborg,162.0,76.0,True,
39492_1981_EO10,107.5,71.7,True,
3950_Yoshida,205.4,56.9,True,
39510_1982_DU,97.7,-79.8,True,
3951_Zichichi,269.5,-51.4,True,
395228_2010_MW19,98.2,6.8,True,
39523_1989_ST2,130.0,-18.4,True,
39527_1989_TO5,127.3,76.1,True,
39534_1990_RK1,104.4,-37.6,True,
39570_1992_SV11,95.2,-79.7,True,
39576_1993_FO11,126.3,-50.1,True,
39578_1993_FV13,96.0,-37.8,True,
3957_Sugie,158.7,74.4,True,
39603_1993_TU20,91.4,66.7,True,
39607_1993_TF30,146.3,1.0,True,
3962_Valyaev,64.7,52.8,True,
39635_Kusatao,135.7,-64.3,True,
396553_1998_SW68,126.2,-33.2,True,
3965_Konopleva,352.0,-49.7,True,
39676_1996_DQ1,107.1,67.0,True,
39678_Ammannito,99.7,52.1,True,
39682_1996_PZ5,223.4,-82.5,True,
39684_1996_PD8,57.9,39.7,True,
3968_Koptelov,214.2,68.7,True,
39695_1996_SJ6,118.7,-66.2,True,
3969_Rossi,132.7,58.6,True,
3970_Herran,144.0,-80.2,True,
397184_2006_AS54,110.9,-82.6,True,
3973_Ogilvie,153.9,-10.8,True,
39745_1997_AK17,275.6,75.5,True,
39748_Guccini,209.5,41.4,True,
397570_2007_UN51,120.5,57.8,True,
39759_1997_EX42,47.1,-44.4,True,
39761_1997_EN55,59.5,62.9,True,
3976_Lise,350.6,-80.4,True,
39774_1997_GO27,125.8,58.0,True,
39778_1997_HA9,103.2,-83.4,True,
3977_Maxine,285.3,51.8,True,
39781_1997_HS13,158.9,-40.8,True,
39798_1997_TW28,98.5,67.5,True,
3979_Brorsen,111.2,-79.2,True,
39805_1997_WG2,176.2,-16.7,True,
39807_1997_WY19,140.7,0.2,True,
39812_1997_WE44,206.1,40.2,True,
39815_1997_XU9,134.7,-63.9,True,
39816_1997_XE11,95.8,-83.3,True,
398221_2010_OW76,110.5,-67.6,True,
39822_1998_BO,143.9,-29.9,True,
39843_1998_BB26,210.5,40.2,True,
39845_1998_BT35,243.2,-38.0,True,
3985_Raybatson,339.4,71.1,True,
39863_1998_DL15,166.3,-47.4,True,
39871_Lucagrazzini,124.4,58.1,True,
39891_1998_FB5,109.8,70.5,True,
398961_2013_EM10,45.6,52.2,True,
39899_1998_FP26,18.0,80.3,True,
398_Admete,216.7,44.9,True,
39902_1998_FG30,84.7,6.7,True,
39908_1998_FW34,131.9,74.7,True,
39909_1998_FM36,103.9,-68.0,True,
39910_1998_FJ37,96.2,-23.3,True,
39912_1998_FN40,197.5,51.0,True,
39914_1998_FN41,111.9,67.6,True,
39916_1998_FH47,57.1,-35.1,True,
39922_1998_FJ57,111.0,52.8,True,
39924_1998_FL60,109.9,-37.3,True,
39929_1998_FZ71,88.3,-53.4,True,
39936_1998_FZ85,209.3,27.3,True,
3993_Sorm,139.0,76.2,True,
39941_1998_FX101,130.4,79.3,True,
39944_1998_FO110,159.0,22.5,True,
399540_2003_PT6,88.9,35.3,True,
39973_1998_HX,58.7,66.7,True,
39977_1998_HR9,189.8,-62.3,True,
39995_1998_HC51,154.8,36.4,True,
39_Laetitia,266.7,-36.6,True,
4000_Hipparchus,153.8,-10.9,True,
40021_1998_HG137,234.4,-80.9,True,
40031_1998_KP2,103.6,71.7,True,
40038_1998_KT22,311.3,-44.0,True,
4003_Schumann,271.7,-51.5,True,
40048_1998_KA36,172.4,27.2,True,
40051_1998_KY37,262.7,-81.6,True,
40056_1998_KT44,142.6,-45.6,True,
40065_1998_KX50,230.4,71.9,True,
40066_1998_KF51,163.4,-23.2,True,
40067_1998_KA54,134.4,45.0,True,
40069_1998_KQ55,161.9,-76.1,True,
40078_1998_ML8,234.4,-79.1,True,
40079_1998_MD9,230.9,-79.0,True,
4007_Euryalos,128.7,-46.7,True,
40084_1998_MS22,190.7,-76.5,True,
400876_2010_OA107,143.1,-58.9,True,
40095_1998_OV4,111.7,23.6,True,
40097_1998_OB13,84.1,-38.1,True,
400_Ducrosa,225.4,45.4,True,
40104_Stevekerr,272.9,38.2,True,
40115_1998_QB19,221.1,0.9,True,
40116_1998_QD19,105.7,-66.9,True,
40119_1998_QB23,123.0,-82.5,True,
40127_1998_QD43,95.6,-53.0,True,
40131_1998_QJ48,266.7,-51.7,True,
401327_2013_AG52,99.8,70.3,True,
40132_1998_QL48,174.5,-63.4,True,
40133_1998_QF53,130.1,-32.7,True,
40136_1998_QS56,80.9,-53.2,True,
40137_1998_QO60,244.9,48.8,True,
40141_1998_QL70,119.6,71.9,True,
40143_1998_QW70,105.6,-22.7,True,
40150_1998_QF75,134.4,-17.2,True,
40165_1998_QP102,122.1,83.1,True,
40167_1998_QF103,139.9,-29.7,True,
40171_1998_RS,124.7,43.1,True,
40177_1998_RU28,177.0,28.4,True,
40178_1998_RU36,112.2,-65.1,True,
40190_1998_RL74,167.6,64.5,True,
40191_1998_RM75,105.0,-52.9,True,
40193_1998_RF77,140.2,72.9,True,
40196_1998_RM80,143.2,-14.6,True,
40197_1998_RP80,147.9,33.9,True,
401_Ottilia,246.4,81.9,True,
40200_1998_SW9,146.8,-43.8,True,
40201_Besely,87.3,50.6,True,
40206_Lhenice,90.6,21.4,True,
4020_Dominique,230.1,-12.5,True,
40210_Peixinho,17.2,69.8,True,
40212_1998_SC58,12.6,-80.0,True,
40213_1998_SQ58,134.2,-81.6,True,
40226_1998_SA145,235.3,77.6,True,
4022_Nonna,176.6,55.5,True,
40232_1998_UD,80.2,68.5,True,
40235_1998_UX7,120.4,72.6,True,
4023_Jarnik,331.3,-84.7,True,
40242_1998_VU46,146.6,-79.9,True,
40246_1998_WV18,138.8,41.8,True,
40255_1999_CN4,89.1,-38.4,True,
40267_1999_GJ4,258.3,-3.6,True,
40271_1999_JT,218.6,-40.5,True,
40276_1999_JR19,104.5,-67.4,True,
40279_1999_JD35,153.5,49.0,True,
4027_Mitton,241.5,82.4,True,
40285_1999_JT52,219.8,0.1,True,
4028_Pancratz,112.4,-82.6,True,
402947_2007_TS355,63.2,9.1,True,
40318_1999_LQ9,78.9,-23.0,True,
40320_1999_LP14,257.2,7.9,True,
40326_1999_MA,322.4,-28.3,True,
4033_Yatsugatake,153.8,-86.6,True,
4035_Thestor,115.0,-35.9,True,
403638_2010_SH39,108.4,50.9,True,
40373_1999_NF36,223.8,-55.3,True,
40384_1999_NC49,264.5,-82.7,True,
40387_1999_NL49,178.2,54.9,True,
4038_Kristina,73.8,67.0,True,
40391_1999_NR52,149.6,67.1,True,
403_Cyane,189.3,19.8,True,
40408_1999_RO2,138.7,-58.5,True,
40424_1999_RB24,109.8,-52.5,True,
40439_1999_RF34,67.8,-51.9,True,
4044_Erikhog,45.0,66.6,True,
40453_1999_RX38,211.8,65.7,True,
40457_Williamkuhn,103.6,22.4,True,
404598_2013_VF10,321.8,-78.3,True,
40462_1999_RC44,112.7,-21.8,True,
40471_1999_RX47,341.1,-76.6,True,
40480_1999_RK61,246.0,21.6,True,
40486_1999_RJ64,97.4,-8.3,True,
4048_Samwestfall,182.9,80.9,True,
405058_2001_TX16,121.3,-20.3,True,
40505_1999_RJ84,207.9,-66.9,True,
40509_1999_RJ87,102.6,67.9,True,
4050_Mebailey,234.4,-85.0,True,
4051_Hatanaka,253.7,-22.5,True,
40520_1999_RG95,145.8,68.0,True,
40523_1999_RX95,78.2,64.3,True,
4052_Crovisier,217.9,74.9,True,
40534_1999_RT102,175.2,62.5,True,
40544_1999_RA108,26.7,-78.5,True,
40550_1999_RM113,284.5,86.2,True,
4055_Magellan,291.8,66.9,True,
40567_1999_RB126,116.8,9.4,True,
4056_Timwarner,66.2,-6.9,True,
40573_1999_RE130,155.8,45.1,True,
40578_1999_RT134,120.4,68.8,True,
4057_Demophon,108.4,-67.5,True,
40582_1999_RC137,85.8,-53.4,True,
40583_1999_RR137,273.9,-36.5,True,
40596_1999_RA148,131.2,52.8,True,
40598_1999_RM149,139.2,71.4,True,
405_Thia,178.7,75.3,True,
40608_1999_RS159,95.2,-67.7,True,
4060_Deipylos,239.6,-79.3,True,
40628_1999_RV173,261.3,52.4,True,
4062_Schiaparelli,97.7,-8.4,True,
40630_1999_RA174,150.1,-25.7,True,
40637_1999_RP180,122.1,25.5,True,
40640_1999_RQ181,77.8,-52.7,True,
406549_2007_WT57,114.4,64.2,True,
40659_1999_RK193,156.0,5.7,True,
40662_1999_RD195,321.9,-55.0,True,
4066_Haapavesi,174.8,-47.7,True,
4067_Mikhel_son,51.5,-80.4,True,
40688_1999_RL223,219.8,-62.6,True,
4068_Menestheus,93.6,67.1,True,
406_Erna,225.3,-27.6,True,
40703_1999_RR237,214.9,-75.1,True,
40707_1999_RV240,107.8,75.7,True,
4070_Rozov,200.9,39.3,True,
407163_2009_UT26,118.6,25.1,True,
40716_1999_SL,308.9,72.4,True,
40717_1999_SC2,142.1,67.6,True,
40721_1999_SM6,126.8,-3.7,True,
40724_1999_SY8,258.4,23.0,True,
4073_Ruianzhongxue,171.3,-19.0,True,
40746_1999_TP2,180.3,-66.9,True,
40749_1999_TP6,140.3,79.1,True,
40753_1999_TK8,74.3,-66.9,True,
40756_1999_TQ8,115.4,77.3,True,
407602_2011_BL52,229.7,18.3,True,
40761_1999_TT13,109.0,-52.6,True,
4076_Dorffel,147.4,-13.2,True,
40779_1999_TY25,133.8,-45.3,True,
4077_Asuka,301.7,-41.4,True,
40788_1999_TK31,298.3,-82.6,True,
40802_1999_TL39,89.0,21.3,True,
40804_1999_TQ40,181.8,-69.3,True,
408123_2013_CS32,196.6,-8.8,True,
4081_Tippett,249.3,37.2,True,
408274_2013_FJ21,106.8,37.9,True,
40832_1999_TH95,126.7,59.3,True,
40835_1999_TM95,100.7,68.6,True,
40840_1999_TS96,153.5,-79.1,True,
4084_Hollis,198.3,-83.2,True,
40855_1999_TG108,128.3,-18.8,True,
4085_Weir,178.3,-64.6,True,
40866_1999_TU117,128.7,25.6,True,
40869_1999_TN118,82.9,-53.0,True,
4086_Podalirius,121.4,73.9,True,
408797_2000_SM4,132.9,58.1,True,
408814_2000_US75,116.3,-36.2,True,
40890_1999_TE133,135.5,27.7,True,
40902_1999_TY143,102.4,-81.3,True,
409046_2003_SW39,71.3,-7.7,True,
40909_1999_TR152,63.6,80.6,True,
4091_Lowe,155.7,-53.9,True,
40926_1999_TQ177,292.1,-81.0,True,
4092_Tyr,222.5,47.0,True,
40932_1999_TF191,183.6,1.6,True,
40945_1999_TX216,319.6,-84.1,True,
40947_1999_TJ218,249.1,-82.1,True,
40956_Ericamsel,154.5,5.1,True,
40959_1999_TB243,328.6,-81.1,True,
40967_1999_TC251,49.3,53.4,True,
40979_1999_TL280,91.7,-38.4,True,
4097_Tsurugisan,216.0,-43.6,True,
40984_1999_TL288,117.3,-5.8,True,
40988_1999_TN311,174.6,71.3,True,
40992_1999_UL1,185.9,32.0,True,
40994_Tekaridake,136.6,65.9,True,
40996_1999_UO5,20.5,42.3,True,
4099_Wiggins,191.8,71.4,True,
41001_Samuel,99.3,21.1,True,
41015_1999_UB24,123.6,50.1,True,
410195_2007_RT147,222.2,16.2,True,
4101_Ruikou,268.8,-82.0,True,
4102_Gergana,239.1,66.6,True,
41031_1999_UA47,211.0,66.7,True,
41036_1999_UH51,75.7,-37.6,True,
41039_1999_UX56,146.0,-28.7,True,
4103_Chahine,227.2,-42.9,True,
41044_1999_VW6,234.5,-59.8,True,
41050_1999_VF9,115.0,9.0,True,
41051_1999_VR10,329.5,77.4,True,
41064_1999_VK29,230.2,-81.2,True,
41067_1999_VG32,105.7,-22.7,True,
41074_1999_VL40,312.7,78.6,True,
41076_1999_VH43,265.1,-81.6,True,
41080_1999_VX45,110.4,-63.7,True,
41082_1999_VQ48,161.7,37.2,True,
4108_Rakos,218.1,60.8,True,
4109_Anokhin,180.0,30.5,True,
410_Chloris,199.7,-21.8,True,
41106_1999_VL69,147.7,78.2,True,
411155_2010_AP110,263.8,23.3,True,
41115_1999_VQ85,260.9,37.7,True,
41118_1999_VT87,208.7,11.8,True,
41120_1999_VX87,73.9,64.8,True,
4112_Hrabal,184.8,-68.5,True,
4114_Jasnorzewska,278.6,-36.1,True,
41156_1999_VV157,114.4,80.7,True,
41166_1999_VJ172,197.9,-65.7,True,
4119_Miles,170.6,61.7,True,
411_Xanthe,223.4,31.3,True,
41204_1999_WX8,21.3,41.5,True,
4120_Denoyelle,238.5,66.0,True,
41213_Mimoun,214.2,45.2,True,
41217_1999_XT6,143.7,61.6,True,
41218_1999_XK10,99.7,-38.1,True,
41219_1999_XR11,330.5,-42.1,True,
41226_1999_XZ17,325.7,-75.6,True,
41229_1999_XB19,107.9,69.0,True,
41233_1999_XX22,165.2,-47.0,True,
41234_1999_XP23,107.6,-52.6,True,
4123_Tarsila,239.6,-24.0,True,
41245_1999_XJ37,172.3,27.8,True,
41250_1999_XA41,104.2,7.2,True,
41252_1999_XJ42,203.4,-21.9,True,
41256_1999_XX45,149.1,-59.7,True,
412572_2014_OD2,88.1,51.6,True,
41259_1999_XH52,141.6,-15.1,True,
41269_1999_XX65,143.7,-43.8,True,
4126_Mashu,139.4,61.5,True,
41276_1999_XG83,204.5,54.0,True,
41277_1999_XS85,177.9,-33.1,True,
4127_Kyogoku,69.4,85.3,True,
41281_1999_XZ95,176.4,-16.6,True,
41285_1999_XM106,174.5,-34.0,True,
41298_1999_XT123,197.7,53.2,True,
41302_1999_XO129,337.9,-79.9,True,
41308_1999_XA154,261.3,-21.1,True,
4130_Ramanujan,54.2,42.6,True,
41310_1999_XC158,280.6,52.7,True,
41312_1999_XU167,124.2,57.7,True,
4131_Stasik,269.4,-36.0,True,
41323_1999_XM212,193.3,-60.4,True,
41326_1999_XY212,225.0,57.7,True,
4132_Bartok,89.8,20.1,True,
41331_1999_XB232,161.6,-39.6,True,
4133_Heureka,213.0,80.0,True,
41343_2000_AY9,228.7,-27.8,True,
41345_2000_AB18,169.4,-4.5,True,
41352_2000_AT31,355.8,73.8,True,
41360_2000_AN68,178.9,66.0,True,
41361_2000_AO76,220.2,-41.8,True,
41362_2000_AJ81,241.7,20.9,True,
41366_2000_AU98,171.0,-72.1,True,
41369_2000_AG100,109.7,82.3,True,
4136_Artmane,255.0,83.1,True,
41371_2000_AB101,46.7,-17.5,True,
41377_2000_AB104,134.8,-79.7,True,
413870_2006_UN208,326.8,-46.7,True,
4138_Kalchas,142.3,45.5,True,
41404_2000_AG187,138.6,-31.7,True,
41405_2000_AS187,189.4,-74.8,True,
41416_2000_AF231,130.4,-33.3,True,
41430_2000_GN4,170.4,-31.1,True,
41432_2000_GE35,308.2,-43.3,True,
41434_2000_GB82,305.2,47.0,True,
41437_2000_GT122,266.2,37.9,True,
41446_2000_LW,68.9,67.1,True,
41451_2000_LJ24,73.5,53.6,True,
41454_2000_MQ5,156.0,53.3,True,
4146_Rudolfinum,112.6,23.5,True,
41476_2000_PC14,45.9,-79.9,True,
4148_McCartney,183.0,56.4,True,
41493_2000_QO101,231.2,18.7,True,
41508_2000_QY160,127.9,10.9,True,
41509_2000_QL169,114.5,38.1,True,
4152_Weber,107.6,51.0,True,
41534_2000_RX9,157.1,-72.9,True,
41541_2000_RV38,146.5,-74.2,True,
41545_2000_RA43,155.3,54.3,True,
41546_2000_RZ45,198.7,72.0,True,
41547_2000_RA46,164.9,-21.2,True,
41551_2000_RN50,152.3,-87.4,True,
41554_2000_RH53,85.5,51.7,True,
41555_2000_RT53,195.2,37.8,True,
415584_2014_QS302,308.1,-83.0,True,
41559_2000_RD60,255.9,-81.6,True,
4155_Watanabe,67.7,65.7,True,
41561_2000_RQ66,220.6,46.1,True,
41575_2000_ST1,130.6,82.5,True,
41581_2000_SY22,155.9,71.7,True,
41591_2000_SL52,208.2,42.5,True,
415_Palatia,265.7,-6.6,True,
41607_2000_SJ113,82.2,6.7,True,
4160_Sabrina_John,139.5,-46.5,True,
416154_2002_RY109,87.3,36.5,True,
41620_2000_SU160,255.8,22.8,True,
416321_2003_SV150,153.2,-74.5,True,
41636_2000_SZ220,222.2,-71.1,True,
41643_2000_SH268,282.8,-7.2,True,
41644_2000_SC269,236.5,-85.3,True,
41648_2000_SP276,147.5,63.1,True,
41656_2000_SH303,111.3,37.1,True,
41658_2000_SP319,88.6,-51.6,True,
41677_2000_UD7,340.5,84.0,True,
41680_2000_UY8,161.5,-79.6,True,
41686_2000_UN16,250.2,51.8,True,
41687_2000_UY16,102.6,51.4,True,
41688_2000_UV18,69.4,21.7,True,
4169_Celsius,135.0,55.1,True,
41706_2000_UU53,106.7,66.6,True,
41716_2000_UP76,108.9,53.4,True,
41717_2000_UX78,250.8,51.5,True,
4171_Carrasco,140.2,85.1,True,
41729_2000_UF95,109.5,-82.6,True,
4172_Rochefort,98.2,-67.9,True,
41736_2000_UN102,203.9,40.2,True,
41739_2000_UP112,215.4,-80.4,True,
41752_2000_VF30,143.3,58.1,True,
41758_2000_VP33,152.0,50.0,True,
41763_2000_VA35,343.0,-82.4,True,
41764_2000_VO35,83.7,-23.3,True,
41770_2000_VV37,117.2,72.5,True,
41783_2000_VS55,50.0,67.1,True,
41785_2000_VF56,164.7,36.4,True,
41789_2000_VW60,211.4,-30.2,True,
417_Suevia,80.6,68.1,True,
41800_Robwilliams,143.6,66.1,True,
41802_2000_WD24,226.5,64.6,True,
41805_2000_WC30,195.1,52.9,True,
41808_2000_WG34,134.6,-48.1,True,
4181_Kivi,88.7,-38.2,True,
41827_2000_WN49,131.6,78.2,True,
41832_2000_WB58,206.0,40.8,True,
41842_2000_WO60,219.2,-41.9,True,
41843_2000_WX70,82.7,-68.3,True,
41844_2000_WO72,97.3,69.3,True,
41847_2000_WK86,222.7,83.1,True,
41849_2000_WS86,260.8,82.5,True,
41862_2000_WK96,133.2,39.9,True,
41874_2000_WY100,49.9,27.9,True,
41877_2000_WE103,232.5,-25.3,True,
41879_2000_WO104,156.2,20.9,True,
4189_Sayany,141.8,-77.5,True,
41908_2000_WR137,185.0,82.5,True,
41914_2000_WY151,79.1,-23.1,True,
41929_2000_WC175,333.6,78.8,True,
419414_2010_AS74,98.7,63.3,True,
41941_2000_XF,217.1,71.0,True,
41948_2000_XX7,173.9,-71.9,True,
41951_2000_XH10,161.1,7.8,True,
41954_2000_XX20,93.1,-52.8,True,
4195_Esambaev,200.1,-68.9,True,
41981_Yaobeina,214.9,-71.6,True,
41982_2000_YE21,171.7,25.1,True,
41985_2000_YY28,347.1,76.5,True,
4198_Panthera,266.5,-21.5,True,
41991_2000_YJ34,97.1,-66.3,True,
41994_2000_YX38,51.0,23.9,True,
41998_2000_YO45,75.2,21.1,True,
42012_2000_YC60,263.7,23.3,True,
42013_2000_YL61,202.8,40.2,True,
4201_Orosz,199.3,56.6,True,
42022_2000_YS81,350.2,72.7,True,
4202_Minitti,232.4,80.2,True,
42043_2000_YB102,64.0,52.4,True,
42047_2000_YV105,232.3,64.7,True,
42048_2000_YE107,172.4,-17.9,True,
4204_Barsig,46.8,77.4,True,
42054_2000_YA111,132.5,-17.7,True,
42060_2000_YX115,111.4,-36.8,True,
42065_2000_YJ128,185.2,-46.1,True,
42068_2000_YA133,310.6,58.5,True,
42078_2001_AT4,188.6,70.4,True,
42090_2001_AF16,136.6,-63.5,True,
420986_2013_PK34,336.8,-42.5,True,
42099_2001_AN30,107.9,7.7,True,
4209_Briggs,212.6,36.0,True,
42100_2001_AL31,239.6,-79.6,True,
4210_Isobelthompson,238.3,-79.2,True,
42117_2001_BD6,243.5,-38.1,True,
42122_2001_BC8,220.7,43.9,True,
42125_2001_BE13,84.7,6.2,True,
42138_2001_BP28,80.5,20.8,True,
4213_Njord,189.4,-11.0,True,
42140_2001_BM31,60.6,23.0,True,
42144_2001_BW40,135.7,-32.5,True,
42147_2001_BW43,80.4,63.9,True,
4215_Kamo,140.8,-0.7,True,
42160_2001_BH73,74.5,37.9,True,
42188_2001_CZ32,311.4,18.0,True,
42189_2001_CJ33,116.8,39.8,True,
42191_Thurmann,84.2,-76.4,True,
42194_2001_DP10,56.7,-65.4,True,
42196_2001_DE21,286.1,37.7,True,
421977_2014_QJ297,82.6,-23.3,True,
42205_2001_DT38,81.9,-38.2,True,
42209_2001_DF48,221.6,2.0,True,
42210_2001_DL49,283.5,67.2,True,
42214_2001_DA52,72.1,6.1,True,
4221_Picasso,309.7,65.4,True,
42231_2001_EM1,225.5,-39.7,True,
42234_2001_EP2,104.9,53.2,True,
42235_2001_EM10,246.0,-55.0,True,
42237_2001_EG21,147.4,17.9,True,
422380_2014_SB263,181.3,-49.9,True,
42242_2001_FU61,117.9,-5.7,True,
42256_2001_OA63,151.4,60.1,True,
42258_2001_OZ68,194.7,-74.6,True,
4225_Hobart,169.2,-81.0,True,
42262_2001_PE6,33.3,79.7,True,
42264_2001_QZ30,79.2,65.1,True,
42284_2001_TV8,353.2,15.7,True,
4228_Nemiro,152.7,-41.5,True,
42291_2001_TD121,227.8,-45.2,True,
42295_Teresateng,237.2,48.5,True,
42299_2001_UQ136,193.0,-22.1,True,
4230_van_den_Bergh,149.0,-76.5,True,
42341_2002_AK34,122.5,-35.3,True,
42344_2002_AT90,100.0,-52.7,True,
42345_2002_AN118,207.0,25.6,True,
42358_2002_CO55,70.1,23.3,True,
42359_2002_CY63,20.6,33.1,True,
4235_Tatishchev,82.9,81.7,True,
42384_2506_P_L,95.5,-78.8,True,
42387_4071_P_L,127.3,74.4,True,
423_Diotima,249.8,-6.5,True,
42400_6587_P_L,148.3,-12.8,True,
4242_Brecher,61.4,-80.5,True,
4243_Nankivell,214.5,27.6,True,
42449_3496_T_3,160.0,-76.1,True,
4244_Zakharchenko,102.8,-68.1,True,
42450_3504_T_3,253.0,-80.9,True,
42458_4359_T_3,123.7,-4.5,True,
42459_5036_T_3,157.6,-56.9,True,
4245_Nairc,270.3,-81.6,True,
42478_Inozemtseva,178.5,40.2,True,
42486_1991_GY2,113.0,-66.8,True,
4248_Ranald,260.2,-52.1,True,
42491_1991_TF,294.9,-80.3,True,
42493_1991_TG14,191.2,73.1,True,
42494_1991_UH1,268.2,38.1,True,
42496_1991_XB1,122.3,-77.2,True,
4249_Kremze,243.4,51.1,True,
424_Gratia,239.7,49.7,True,
42512_1993_FW81,107.9,-52.5,True,
42515_1993_TJ33,96.9,6.7,True,
4251_Kavasch,82.0,66.5,True,
42521_1994_BO3,236.2,-61.0,True,
4252_Godwin,231.4,-77.3,True,
42534_1995_UL7,291.4,-84.4,True,
42549_1996_HJ17,141.7,78.4,True,
425527_2010_ND110,289.4,7.8,True,
42555_1996_RU31,135.2,45.2,True,
42567_1996_XF33,156.6,66.5,True,
42577_1997_AB18,93.9,-23.4,True,
42586_1997_FG3,276.6,-81.9,True,
42589_1997_GP33,131.3,-79.7,True,
42600_1997_YF10,278.7,-85.8,True,
42604_1998_BT15,165.6,22.2,True,
4260_Yanai,131.9,27.9,True,
4261_Gekko,237.8,65.9,True,
42620_1998_FS13,323.8,83.8,True,
42627_1998_FF33,122.1,-35.4,True,
42628_1998_FH41,125.0,-19.5,True,
42633_1998_FW58,129.6,-81.2,True,
42638_1998_FL62,103.4,-52.4,True,
42655_1998_FU108,196.9,71.8,True,
42671_1998_HQ68,158.8,35.5,True,
4267_Basner,123.5,-77.3,True,
42686_1998_JH1,318.6,-40.8,True,
42698_1998_MB1,199.9,-37.4,True,
42722_1998_QX70,210.2,28.1,True,
42726_1998_QW84,356.4,81.1,True,
42727_1998_QX85,98.2,6.6,True,
42728_1998_QX86,218.9,15.2,True,
42732_1998_RD1,66.5,37.7,True,
42742_1998_RT66,214.8,-50.0,True,
42747_Fuser,163.5,-52.2,True,
4274_Karamanov,262.5,8.4,True,
42752_1998_SV55,118.6,-81.7,True,
42753_1998_SS59,124.3,10.7,True,
42756_1998_SA63,263.1,-82.9,True,
427629_2003_UF141,146.5,-79.6,True,
42764_1998_SJ122,153.8,35.0,True,
42766_1998_SN143,145.9,-61.3,True,
42767_1998_SJ150,143.5,79.7,True,
4276_Clifford,49.8,83.8,True,
427700_2004_FJ32,170.6,-57.6,True,
42783_1998_VV53,171.0,60.5,True,
42785_1998_WJ1,263.6,23.3,True,
42789_1998_XP74,207.4,65.6,True,
427_Galene,159.6,-37.1,True,
42803_1999_GG21,214.4,-74.4,True,
42804_1999_GQ33,140.4,64.0,True,
42812_1999_JC94,254.1,-51.0,True,
42835_1999_NS56,219.6,-65.6,True,
42858_1999_RL88,136.5,-31.9,True,
42874_1999_RM128,70.9,-67.8,True,
42899_1999_RV193,168.2,-20.3,True,
4289_Biwako,51.4,79.7,True,
4290_Heisei,166.8,79.6,True,
42913_1999_RW223,147.8,46.2,True,
42917_1999_SU1,45.8,53.1,True,
42918_1999_SK4,95.9,-8.4,True,
4291_Kodaihasu,186.9,71.9,True,
42920_1999_SA8,134.7,13.6,True,
42921_1999_SH8,249.3,-36.4,True,
42930_1999_TM11,209.8,-17.2,True,
42939_1999_TJ31,136.7,57.5,True,
4293_Masumi,135.3,-64.4,True,
42942_1999_TK77,105.5,-67.8,True,
42944_1999_TQ93,233.6,-81.1,True,
42946_1999_TU95,266.2,23.4,True,
4294_Horatius,99.7,21.6,True,
42953_1999_TK109,205.2,-33.9,True,
42954_1999_TK118,145.6,16.4,True,
42963_1999_TH144,99.5,-52.8,True,
42970_1999_TD174,209.6,-65.0,True,
42985_Marsset,99.9,-23.1,True,
42986_1999_TP231,78.6,-8.3,True,
42987_1999_TB242,224.3,44.2,True,
4298_Jorgenunez,190.8,-40.6,True,
42999_1999_UQ2,204.0,74.7,True,
42_Isis,170.4,42.0,True,
43009_1999_UB39,343.3,-82.7,True,
43013_1999_UX50,103.3,67.9,True,
43014_1999_UQ51,198.7,-6.8,True,
43016_1999_VM,136.8,-47.0,True,
43021_1999_VT5,62.7,-21.1,True,
43027_Minusio,114.3,-35.7,True,
430286_2013_WX64,112.3,-76.5,True,
43034_1999_VO34,160.0,86.7,True,
43038_1999_VV44,96.3,-52.9,True,
4303_Savitskij,114.8,-66.9,True,
43050_1999_VL66,130.7,58.9,True,
4306_Dunaevskij,181.6,-29.8,True,
43076_1999_VW189,100.6,-38.1,True,
430784_2004_TW173,125.1,-62.3,True,
4307_Cherepashchuk,135.8,72.3,True,
43090_1999_WF20,151.2,71.6,True,
43093_1999_XA7,135.8,82.0,True,
43095_1999_XF8,63.0,-48.9,True,
43097_1999_XM13,43.1,-80.5,True,
43102_1999_XU19,149.3,-79.4,True,
43107_1999_XG26,204.8,-54.3,True,
43109_1999_XP28,133.8,-81.1,True,
43110_1999_XH29,119.4,-82.0,True,
43118_1999_XD43,192.0,-26.1,True,
43135_1999_XT82,189.4,70.0,True,
43137_1999_XU85,290.1,84.9,True,
43138_1999_XJ86,35.7,-28.2,True,
43152_1999_XM115,128.4,-32.9,True,
43158_1999_XK121,152.5,-11.3,True,
4315_Pronik,250.5,-81.1,True,
43160_1999_XY122,240.5,66.4,True,
43163_1999_XB127,212.7,61.1,True,
43166_1999_XO156,83.7,51.2,True,
43168_1999_XO161,148.7,-53.6,True,
43171_1999_XF172,180.3,-44.7,True,
43174_1999_XF180,143.8,48.3,True,
43179_1999_XL204,209.3,77.5,True,
43180_1999_XT206,278.3,84.6,True,
43181_1999_XY206,191.1,60.6,True,
43183_1999_XK213,127.9,-3.6,True,
43184_1999_XD214,101.4,-8.0,True,
43191_1999_YM5,139.0,31.4,True,
43192_1999_YG13,136.0,64.6,True,
43198_2000_AD62,251.6,22.4,True,
43199_2000_AJ68,200.4,-81.2,True,
43204_2000_AA71,40.4,27.4,True,
43208_2000_AW98,149.0,-44.2,True,
43213_2000_AC132,155.4,-52.1,True,
4321_Zero,83.8,-82.1,True,
4322_Billjackson,46.2,81.0,True,
43230_2000_AX175,184.6,-13.8,True,
43231_2000_AU177,168.3,26.6,True,
43232_2000_AH178,142.3,72.4,True,
4325_Guest,180.3,72.3,True,
43267_2000_DL84,157.7,-40.8,True,
43277_2000_EZ96,273.0,66.3,True,
4327_Ries,148.3,-60.6,True,
43282_Dougbock,61.2,-82.6,True,
432_Pythia,169.7,42.4,True,
43303_2000_GO133,95.6,65.8,True,
43319_2000_JA38,145.2,-62.1,True,
4331_Hubbard,191.8,-67.2,True,
43331_2000_PS6,61.5,-20.9,True,
43333_2000_QY64,210.5,-84.1,True,
43334_2000_QM117,95.9,-66.5,True,
43338_2000_RA10,216.8,-16.2,True,
433472_2013_VV15,316.5,-79.4,True,
433534_2013_WQ87,110.1,23.3,True,
43356_2000_TJ29,174.2,68.0,True,
43361_2000_UA50,254.3,7.6,True,
43367_2000_VL47,94.0,20.8,True,
43368_Rodrigoleiva,116.3,-35.8,True,
433866_2015_BV296,26.7,60.9,True,
43387_2000_WF58,196.6,-8.2,True,
43388_2000_WA61,108.5,-65.4,True,
4339_Almamater,180.4,-14.5,True,
4340_Dence,337.3,78.6,True,
43415_2000_WW168,240.0,66.5,True,
43417_2000_WE169,176.6,28.8,True,
43419_2000_XK11,181.3,-78.2,True,
43426_2000_YD6,234.9,64.6,True,
43429_2000_YU19,43.3,-2.6,True,
43437_2000_YL47,33.3,80.2,True,
434431_2005_NC7,81.0,-53.2,True,
434486_2005_RA32,68.0,-7.6,True,
434523_2005_SU212,312.3,-79.5,True,
43454_2000_YD102,148.5,32.3,True,
4345_Rachmaninoff,153.9,-10.8,True,
43460_2000_YM123,216.6,-77.4,True,
43464_2001_AA9,198.5,74.6,True,
434691_2006_BK90,61.8,-49.6,True,
4347_Reger,156.5,50.4,True,
434_Hungaria,110.4,64.2,True,
4350_Shibecha,310.5,32.5,True,
43510_2001_CG46,268.0,52.4,True,
435119_2007_DR102,102.5,-66.4,True,
43513_2001_DG4,156.6,52.4,True,
43514_2001_DO5,99.8,-8.1,True,
43527_2001_DS51,114.9,8.9,True,
435292_2007_TQ413,34.7,69.2,True,
43532_2001_DX72,75.2,-7.7,True,
435359_2007_VD242,14.3,20.6,True,
43537_2001_EF2,285.1,75.7,True,
43542_2001_EC27,85.0,-53.3,True,
4354_Euclides,135.8,29.4,True,
43551_2001_FY28,131.3,-77.6,True,
435569_2008_RK68,73.0,50.1,True,
43566_2001_FQ116,204.2,42.1,True,
4356_Marathon,97.0,-83.2,True,
43571_2001_FD165,217.3,-16.8,True,
4357_Korinthos,201.7,-56.0,True,
43586_2001_OD26,147.4,-60.9,True,
43590_2001_QD2,199.2,-38.2,True,
43597_Changshaopo,65.3,-81.7,True,
43598_2001_QY195,331.1,-29.0,True,
4359_Berlage,226.5,78.7,True,
435_Ella,114.9,-87.6,True,
43600_2001_RG22,215.2,45.3,True,
43605_Gakuho,156.1,-10.0,True,
43607_2001_XO48,277.1,71.9,True,
4361_Nezhdanova,66.2,8.0,True,
43625_2002_CE168,112.2,-65.0,True,
43640_2002_EF33,53.8,61.1,True,
43645_2002_EM73,125.5,57.8,True,
4364_Shkodrov,215.1,44.3,True,
43667_Dumlupinar,96.5,64.8,True,
43689_2002_JY71,95.4,21.7,True,
43693_2731_P_L,241.5,-80.2,True,
4369_Seifert,55.0,71.0,True,
43735_1981_DQ1,183.9,65.2,True,
43750_1981_QG3,304.8,64.7,True,
43774_1989_CO2,195.7,55.0,True,
4377_Koremori,71.9,-22.4,True,
437818_2015_DB115,237.9,-8.5,True,
43782_1989_US2,164.6,25.4,True,
4378_Voigt,207.6,-46.8,True,
43797_1991_AF2,306.8,-27.4,True,
43800_1991_PP13,260.1,52.9,True,
43803_Wakakinosakura,276.6,66.0,True,
43805_1991_RQ5,344.3,-61.9,True,
4380_Geyer,191.4,-59.7,True,
43811_1991_RA24,191.2,33.9,True,
43814_1991_UE1,96.1,-68.3,True,
4381_Uenohara,205.7,-68.5,True,
43826_1992_UC6,188.0,-28.0,True,
43831_1993_FP29,155.7,5.9,True,
43833_1993_FF34,195.3,35.0,True,
43846_1993_PV8,62.6,9.0,True,
43847_1993_QQ5,124.5,82.0,True,
43848_1993_QP9,75.7,-37.6,True,
43849_1993_RB11,263.5,-82.1,True,
4386_Lust,72.4,6.5,True,
43880_1995_CX7,271.1,-82.0,True,
43891_1995_SQ1,213.0,-36.7,True,
43895_1995_UC4,95.2,-68.1,True,
43896_1995_UL4,201.4,63.2,True,
438_Zeuxo,205.3,65.5,True,
43906_1995_WK4,70.7,-65.8,True,
43921_1996_CW3,254.2,-37.5,True,
43922_1996_CE5,264.9,-20.1,True,
43926_Takanoatsushi,275.5,8.6,True,
4392_Agita,226.9,-40.1,True,
43939_1996_TT53,119.3,9.3,True,
43959_1997_CB26,207.1,39.4,True,
4395_Danbritt,239.2,5.1,True,
439723_2015_DQ208,31.0,69.7,True,
439742_2015_FM294,101.2,7.0,True,
44000_Lucka,247.6,50.7,True,
44005_Migliardi,263.2,-51.9,True,
44014_1997_WT1,203.2,-4.8,True,
4402_Tsunemori,269.4,23.4,True,
44039_de_Sahagun,188.3,74.8,True,
4404_Enirac,235.8,-42.9,True,
44057_1998_FW39,316.4,-82.0,True,
4406_Mahler,219.8,88.5,True,
44074_1998_FB66,106.9,-37.5,True,
4408_Zlata_Koruna,238.6,20.3,True,
44096_1998_FJ114,214.3,29.2,True,
44104_1998_GO1,93.0,83.2,True,
4410_Kamuimintara,158.9,49.6,True,
441140_2007_TC143,73.1,1.7,True,
44118_1998_HB29,263.2,-6.5,True,
4411_Kochibunkyo,244.4,79.7,True,
4412_Chephren,79.9,51.7,True,
44172_1998_KN9,178.1,-0.8,True,
44184_1998_KZ45,95.0,6.7,True,
44192_Paulguttman,267.7,37.8,True,
44197_1998_MX15,258.8,-21.1,True,
4419_Allancook,170.9,26.1,True,
441_Bathilde,257.7,-37.4,True,
44200_1998_MJ25,323.5,-85.0,True,
44204_1998_MJ35,219.3,46.7,True,
44208_1998_OY6,248.9,-38.3,True,
4420_Alandreev,234.2,49.6,True,
44238_1998_QV33,86.0,-23.4,True,
4423_Golden,117.8,25.0,True,
44241_1998_QU36,290.5,-81.0,True,
44246_1998_QQ40,220.5,31.5,True,
4424_Arkhipova,251.7,-21.9,True,
44257_1998_QQ47,19.8,-41.0,True,
44258_1998_QT47,292.9,21.8,True,
44262_1998_QR51,69.0,-66.4,True,
44263_Nansouty,105.5,-8.0,True,
44267_1998_QZ55,78.2,-53.1,True,
4426_Roerich,101.9,81.3,True,
44275_1998_QP71,234.3,50.3,True,
44278_1998_QU74,171.4,-30.5,True,
44286_1998_QK83,108.6,-7.6,True,
4428_Khotinok,137.7,14.5,True,
44292_1998_QO87,184.3,70.0,True,
44294_1998_QE89,204.6,-20.8,True,
44296_1998_QM90,206.2,-4.6,True,
44311_1998_RP6,241.4,66.1,True,
44313_1998_RV12,280.3,-82.1,True,
4431_Holeungholee,170.1,27.3,True,
44321_1998_RY42,128.9,-3.2,True,
44330_1998_RV58,111.8,-21.9,True,
44332_1998_RU60,99.1,35.6,True,
44333_1998_RB63,86.4,35.6,True,
44337_1998_RE65,206.8,11.1,True,
443461_2014_HV188,93.9,-65.6,True,
44348_1998_RZ76,104.9,-22.7,True,
44350_1998_RY78,103.6,-79.8,True,
44368_Andreafrigo,138.8,29.9,True,
4436_Ortizmoreno,24.4,40.9,True,
44373_1998_SU42,95.7,6.6,True,
44382_1998_SA59,102.3,52.4,True,
44385_1998_SR61,72.4,-67.9,True,
44389_1998_SO63,250.5,-8.1,True,
44402_1998_SX107,231.8,-82.5,True,
44404_1998_SB113,230.1,-79.1,True,
44408_1998_SK133,133.2,42.6,True,
44409_1998_SW134,171.6,-70.7,True,
44417_1998_SS146,312.6,2.3,True,
44419_1998_SM151,136.1,-1.9,True,
44425_1998_TY1,75.2,49.3,True,
44428_1998_TF5,162.4,-37.8,True,
44432_1998_TP19,130.1,72.5,True,
44444_1998_UZ19,11.4,79.6,True,
44446_1998_UJ21,130.4,10.8,True,
44459_1998_VW11,106.4,-7.7,True,
44461_1998_VH17,145.3,-60.2,True,
44463_1998_VT18,174.7,27.9,True,
44467_1998_VU27,84.4,-38.1,True,
4446_Carolyn,254.1,7.6,True,
44473_Randytatum,190.6,71.6,True,
44487_Miyaharaterumasa,174.9,67.7,True,
4448_Phildavis,53.2,86.0,True,
44496_1998_XM5,310.3,64.6,True,
444_Gyptis,91.4,79.4,True,
44501_1998_XN21,192.7,-9.7,True,
44502_1998_XQ27,179.2,-54.3,True,
44503_1998_XR27,59.1,79.1,True,
44513_1998_XT62,97.9,81.4,True,
44515_1998_XR74,228.7,-26.5,True,
44517_1998_XF83,73.1,70.8,True,
4451_Grieve,294.0,-31.5,True,
44521_1998_XZ93,236.1,-10.8,True,
44525_1998_YE4,181.6,44.4,True,
44527_Tonnon,165.9,51.5,True,
44533_1998_YN9,305.3,-80.4,True,
445370_2010_PS10,248.2,-44.9,True,
44551_1999_BV27,220.5,-40.7,True,
44552_1999_BL34,216.7,43.2,True,
44553_1999_CH5,151.2,2.3,True,
44556_1999_CD23,209.7,79.5,True,
44563_1999_CX59,90.7,66.4,True,
44569_1999_CG133,119.2,9.8,True,
4457_van_Gogh,97.5,68.8,True,
44592_1999_OM,268.0,-21.5,True,
44598_1999_PL6,241.3,36.0,True,
445_Edna,248.9,-38.9,True,
44627_1999_RN71,148.2,-44.7,True,
44636_1999_RQ103,280.3,88.8,True,
44658_1999_RD168,62.2,-6.1,True,
44661_1999_RX169,66.3,-82.4,True,
446699_2015_OK26,36.3,32.6,True,
44683_1999_RR197,181.4,14.8,True,
44689_1999_RK210,257.6,78.2,True,
446_Aeternitas,179.5,13.9,True,
447030_2004_PM60,85.9,-23.4,True,
4473_Sears,196.0,20.7,True,
44748_1999_TT86,133.4,43.6,True,
4474_Proust,80.0,-67.8,True,
44762_1999_TZ115,224.8,-54.5,True,
44763_1999_TM116,158.7,-23.8,True,
44766_1999_TM123,143.0,-14.6,True,
44796_1999_TY180,301.0,-83.2,True,
44804_1999_TO210,232.3,-25.3,True,
44813_1999_TV222,233.0,33.5,True,
4481_Herbelin,149.9,64.1,True,
44826_1999_TH244,135.2,12.4,True,
44860_1999_UC15,107.4,-22.5,True,
44870_1999_UP35,141.6,71.4,True,
44872_1999_UA41,202.1,9.3,True,
44874_1999_UY44,69.9,-52.5,True,
44883_1999_UW52,331.0,60.8,True,
44908_1999_VR24,94.0,51.5,True,
4490_Bambery,62.0,68.9,True,
44919_1999_VC31,177.5,77.1,True,
4491_Otaru,249.2,67.0,True,
44923_1999_VF34,149.0,2.5,True,
44927_1999_VX36,180.8,47.9,True,
4492_Debussy,208.2,-43.6,True,
44939_1999_VB52,115.3,22.0,True,
4493_Naitomitsu,260.4,-6.8,True,
449410_2013_HV17,204.0,77.1,True,
44941_1999_VQ53,91.6,-38.4,True,
44942_1999_VM55,121.7,9.4,True,
44943_1999_VB57,65.9,-36.7,True,
4494_Marimo,220.2,60.6,True,
44960_1999_VJ86,178.4,59.8,True,
44962_1999_VL87,164.6,66.6,True,
4496_Kamimachi,161.4,23.2,True,
44974_1999_VT114,190.2,67.7,True,
44979_1999_VT157,162.0,-55.4,True,
44986_1999_VT164,96.4,67.5,True,
44991_1999_VJ174,80.5,50.9,True,
44999_1999_VQ186,83.7,-23.3,True,
45000_1999_VR186,81.2,21.9,True,
45001_1999_VZ186,150.6,65.8,True,
45009_1999_VR204,246.5,36.0,True,
4500_Pascal,133.1,28.2,True,
45013_1999_WK,301.6,51.0,True,
45014_1999_WP,179.1,78.8,True,
4501_Eurypylos,142.6,-72.6,True,
45020_1999_WC5,194.7,-8.6,True,
45022_1999_WF6,117.0,74.9,True,
45025_1999_WY7,90.1,-79.2,True,
45027_Cosquer,84.5,-8.4,True,
45028_1999_WD9,148.3,66.0,True,
4502_Elizabethann,136.6,30.4,True,
45035_1999_XB2,292.1,6.7,True,
45041_1999_XE10,217.5,-14.1,True,
45048_1999_XB21,245.1,-84.2,True,
450510_2006_AC28,264.4,9.5,True,
45053_1999_XK26,99.5,-67.9,True,
45066_1999_XN32,185.7,-29.9,True,
45069_1999_XB35,232.3,33.6,True,
45073_Doyanrose,88.9,-67.2,True,
45076_1999_XQ38,239.7,-50.9,True,
4507_Petercollins,114.2,-82.7,True,
45082_1999_XF44,136.1,-63.3,True,
4508_Takatsuki,202.6,39.5,True,
45090_1999_XA49,195.3,38.4,True,
45098_1999_XK66,19.2,-83.9,True,
450_Brigitta,258.7,8.3,True,
45104_1999_XY73,214.4,-31.6,True,
45106_1999_XX74,222.7,63.5,True,
45111_1999_XJ77,194.5,21.6,True,
45115_1999_XN82,138.9,59.1,True,
45119_1999_XA86,198.2,37.7,True,
45121_1999_XZ86,97.3,65.7,True,
45128_1999_XC91,147.6,62.2,True,
4512_Sinuhe,226.9,77.3,True,
45134_1999_XN93,103.7,77.3,True,
45136_1999_XO94,201.0,-22.7,True,
45150_1999_XP110,124.9,-5.5,True,
45157_1999_XA117,214.4,44.4,True,
45162_1999_XX124,228.4,2.6,True,
45167_1999_XG129,218.2,15.0,True,
45169_1999_XQ132,213.3,-59.4,True,
4516_Pugovkin,261.9,68.3,True,
45172_1999_XG134,227.9,46.1,True,
451835_2013_JL20,189.8,74.5,True,
45195_1999_XT166,188.2,31.5,True,
45197_1999_XY167,128.9,26.5,True,
45202_1999_XA171,98.2,6.8,True,
45205_1999_XJ173,241.0,35.6,True,
45213_1999_XS181,213.9,13.6,True,
45222_1999_XY194,187.6,-23.7,True,
452384_2002_EV8,74.7,-66.3,True,
45243_1999_XB242,221.6,31.6,True,
45250_1999_YJ,147.7,78.2,True,
45258_1999_YG18,193.5,75.3,True,
452604_2005_NA35,241.4,36.1,True,
45262_2000_AG2,122.2,-82.5,True,
45270_2000_AT8,157.6,50.8,True,
45278_2000_AL15,124.2,-35.0,True,
45279_2000_AS15,207.5,-45.5,True,
4528_Berg,194.5,22.5,True,
45301_2000_AW45,197.8,-75.1,True,
45306_2000_AC50,262.5,84.9,True,
45315_2000_AJ61,135.6,58.7,True,
45324_2000_AG69,67.5,-50.4,True,
45327_2000_AE74,184.5,2.0,True,
45338_Ericevans,42.0,63.9,True,
4533_Orth,118.5,-20.8,True,
453479_2009_SN235,187.2,-66.1,True,
4534_Rimskij_Korsakov,240.8,80.9,True,
45354_2000_AS99,350.1,86.0,True,
4535_Adamcarolla,257.2,37.8,True,
45361_2000_AZ102,165.8,78.7,True,
45366_2000_AN107,51.1,81.8,True,
4536_Drewpinsky,123.1,-34.5,True,
45374_2000_AL114,61.6,63.0,True,
45375_2000_AZ115,210.2,27.7,True,
45378_2000_AD118,178.3,-62.2,True,
45387_2000_AW125,225.7,-74.9,True,
4539_Miyagino,330.7,12.0,True,
453_Tea,188.1,79.2,True,
45403_2000_AL141,249.8,-38.7,True,
45410_2000_AA144,231.3,49.8,True,
45413_2000_AY147,111.8,8.4,True,
4541_Mizuno,205.6,54.0,True,
45423_2000_AR162,267.4,-6.6,True,
45429_2000_AO169,182.7,1.2,True,
45434_2000_AX173,121.3,55.8,True,
45440_2000_AQ177,200.4,-23.3,True,
45447_2000_AH188,133.5,29.3,True,
45457_2000_AL195,138.2,69.0,True,
45462_2000_AZ197,233.0,50.1,True,
45465_2000_AN200,191.4,21.0,True,
45468_2000_AL203,219.3,-13.1,True,
4546_Franck,169.2,59.4,True,
45470_2000_AZ203,252.6,-53.9,True,
4547_Massachusetts,96.1,-53.2,True,
45485_2000_AS236,227.0,61.6,True,
45490_2000_AV240,152.5,-11.3,True,
45493_2000_AE241,144.4,67.5,True,
454_Mathesis,289.3,-85.3,True,
45500_Motegi,241.2,-8.9,True,
45502_2000_BZ8,182.2,15.9,True,
45503_2000_BE15,301.4,-58.6,True,
45509_Robertward,213.9,13.6,True,
45526_2000_CG4,113.2,69.2,True,
45534_2000_CD25,130.8,-18.2,True,
45559_2000_CB53,160.5,-76.5,True,
4555_Josefaperez,102.2,-38.0,True,
45569_2000_CK63,267.4,-51.5,True,
45571_2000_CZ64,257.1,65.5,True,
45573_2000_CZ72,213.0,-47.3,True,
45582_2000_CH83,105.4,51.9,True,
45590_2000_CU101,144.6,33.9,True,
45615_2000_DG63,159.1,-76.9,True,
45627_2000_DY97,57.1,63.5,True,
456302_2006_SU138,111.1,-51.9,True,
45632_2000_DS106,213.9,13.6,True,
45648_2000_ED47,270.0,-51.5,True,
45650_2000_EV49,234.6,4.3,True,
45657_2000_EK76,41.9,68.1,True,
45660_2000_EU84,160.3,-8.3,True,
45663_2000_EF85,58.5,76.4,True,
45664_2000_EC88,224.9,82.1,True,
45671_2000_EA104,330.7,70.1,True,
45681_2000_ET131,114.5,-51.9,True,
4568_Menkaure,130.0,25.5,True,
4569_Baerbel,133.2,-17.5,True,
45704_2000_FZ19,121.6,-34.8,True,
45705_2000_FD31,305.3,-58.0,True,
45707_2000_FZ31,158.2,-9.2,True,
45709_2000_FR36,89.5,51.5,True,
45722_2000_GA56,351.3,-23.6,True,
45729_2000_GB89,134.0,45.1,True,
4572_Brage,175.3,-71.1,True,
45737_Benita,101.1,68.8,True,
45738_2000_HY19,136.8,30.6,True,
4573_Piestany,79.8,68.3,True,
45745_2000_HU84,323.5,56.3,True,
45750_2000_JC65,79.2,69.2,True,
45753_2000_JL72,81.3,52.1,True,
4575_Broman,210.8,77.9,True,
45769_2000_LP36,234.7,4.7,True,
45786_2000_OE20,61.6,79.5,True,
457910_2009_UH16,91.6,35.2,True,
45797_2000_PK1,284.6,82.0,True,
4579_Puccini,180.3,30.5,True,
457_Alleghenia,224.4,48.3,True,
45801_2000_PF28,346.4,72.2,True,
4580_Child,228.8,-79.0,True,
458107_2010_CK55,188.3,-12.3,True,
45811_2000_QN38,130.5,74.1,True,
45820_2000_QQ102,250.2,-85.4,True,
458512_2011_CQ47,205.5,-2.8,True,
45856_2000_TO38,116.6,-51.6,True,
45857_2000_TH61,341.2,62.1,True,
45871_2000_VD38,269.9,74.4,True,
45883_2000_WL87,202.0,-59.5,True,
4588_Wislicenus,241.2,-53.0,True,
45893_2000_XL7,86.1,-82.5,True,
45896_2000_XT27,271.6,23.4,True,
45908_2000_YE51,177.0,-47.2,True,
4590_Dimashchegolev,81.4,68.9,True,
4591_Bryantsev,113.7,-67.3,True,
45920_2000_YP104,91.9,-52.5,True,
45921_2000_YU104,211.0,-76.4,True,
45928_2000_YB116,123.1,79.5,True,
45929_2000_YP116,203.0,-54.0,True,
45935_2000_YU132,253.1,37.6,True,
45936_2000_YB133,112.4,85.8,True,
45938_2001_AV4,53.7,-83.7,True,
4593_Reipurth,261.5,52.8,True,
45960_2001_BX,198.1,-42.3,True,
45965_2001_BP20,29.1,16.4,True,
4597_Consolmagno,138.7,-16.0,True,
45986_2001_BC66,80.0,64.8,True,
459998_2014_OD73,74.1,-52.8,True,
45_Eugenia,222.2,-29.8,True,
46000_2001_BO79,51.0,68.5,True,
46010_2001_CU16,65.3,81.7,True,
46025_2001_DQ18,184.7,-65.0,True,
46029_2001_DF22,42.9,65.2,True,
46042_2001_DK54,108.1,-37.5,True,
46053_Davidpatterson,92.9,-53.3,True,
46056_2001_DD87,211.8,27.0,True,
4605_Nikitin,248.8,52.2,True,
46063_2001_DV91,53.7,-33.6,True,
46064_2001_DH92,166.9,-38.1,True,
4606_Saheki,151.4,76.2,True,
46074_2001_EK1,162.7,-79.1,True,
4607_Seilandfarm,163.0,79.8,True,
46088_2001_EO12,231.8,4.8,True,
46089_2001_EC14,99.2,78.0,True,
4608_Wodehouse,238.3,51.0,True,
46091_2001_ES15,67.9,58.9,True,
4609_Pizarro,277.4,-6.7,True,
46101_2001_FK8,147.9,34.2,True,
46102_2001_FR9,215.9,14.3,True,
46105_2001_FQ14,138.6,-31.6,True,
46106_2001_FA16,143.0,-14.6,True,
4610_Kajov,214.8,44.1,True,
46112_2001_FA26,113.6,73.4,True,
46115_2001_FP33,284.5,7.7,True,
4611_Vulkaneifel,32.9,78.9,True,
46125_2001_FB43,51.2,-80.9,True,
46126_2001_FN45,97.0,6.7,True,
46129_2001_FP46,261.7,-86.8,True,
461356_1999_VN46,179.3,-67.8,True,
461373_2000_TW49,133.1,41.8,True,
4613_Mamoru,204.9,41.8,True,
46140_2001_FU57,109.4,-22.2,True,
46149_2001_FJ67,50.2,-81.6,True,
4615_Zinner,271.9,38.3,True,
46162_2001_FM78,327.6,61.7,True,
46166_2001_FF82,120.4,8.6,True,
46172_2001_FB92,166.0,-74.4,True,
46178_2001_FA98,235.4,19.6,True,
461_Saskia,135.6,-78.8,True,
46231_2001_HM5,158.9,-8.9,True,
46242_2001_HQ12,162.1,40.6,True,
46243_2001_HR12,144.1,48.7,True,
46244_2001_HU15,218.1,15.0,True,
46264_2001_HB50,272.8,38.1,True,
4626_Plisetskaya,83.9,-23.3,True,
46277_Jeffhall,85.8,65.9,True,
4628_Laplace,202.9,74.7,True,
46292_2001_KY56,168.3,26.5,True,
46293_2001_KF58,233.7,-57.3,True,
4629_Walford,163.7,-7.0,True,
46304_2001_OZ62,99.5,-23.2,True,
46307_2001_OX104,182.6,82.8,True,
46308_Joelsercel,136.7,-81.1,True,
4631_Yabu,247.7,-7.3,True,
46334_2001_QA296,258.2,-81.3,True,
4633_Marinbica,235.8,-55.6,True,
4634_Shibuya,4.2,82.0,True,
4635_Rimbaud,123.7,-82.4,True,
4636_Chile,268.7,-36.4,True,
46372_2001_VG67,277.2,-81.5,True,
463745_2014_QT423,141.7,15.2,True,
46377_2001_XX7,267.0,52.9,True,
46378_2001_XD17,159.2,-52.8,True,
4637_Odorico,115.0,8.3,True,
4640_Hara,135.2,-72.8,True,
46425_2002_JP44,161.1,23.9,True,
46434_2002_JK143,199.4,-43.9,True,
46441_Mikepenston,197.8,56.3,True,
46449_3036_P_L,357.0,79.5,True,
46453_4013_P_L,94.3,21.2,True,
4646_Kwee,149.3,-81.2,True,
464753_2003_SY199,103.2,-75.1,True,
46493_1032_T_3,129.5,78.0,True,
46501_2616_T_3,170.6,-34.1,True,
465069_2006_SE213,60.1,-35.5,True,
4650_Mori,248.2,-38.2,True,
465293_2007_TR330,167.6,26.1,True,
465348_2007_WC6,148.4,30.5,True,
46534_1981_EU27,307.7,49.8,True,
4653_Tommaso,31.1,-78.4,True,
46541_1984_SM6,115.0,-21.5,True,
465443_2008_RS134,72.9,7.0,True,
46550_1989_SZ13,192.1,-50.4,True,
46552_1990_RM1,66.9,65.7,True,
46557_1991_FW3,184.8,67.2,True,
46564_1991_RA11,321.1,74.4,True,
46607_1993_OY12,34.9,-29.7,True,
46609_Fukuzumi,230.9,-23.7,True,
46611_1993_TH4,156.1,-39.0,True,
46616_1994_AM,227.6,-28.5,True,
46623_1994_GV10,193.3,47.5,True,
46627_1994_PG24,222.4,77.6,True,
46635_1994_WK2,225.9,-79.1,True,
46640_1995_DU,143.4,79.7,True,
4664_Hanner,10.0,88.2,True,
4665_Muinonen,110.4,-77.3,True,
46673_1996_OL2,210.4,43.8,True,
4667_Robbiesh,79.1,-80.8,True,
46685_1997_AG13,186.3,61.5,True,
4668_Rayjay,79.6,37.1,True,
46691_Ghezzi,241.1,-53.6,True,
46710_1997_GB7,218.2,-57.8,True,
46712_1997_GY14,105.0,-7.7,True,
46734_1997_TL25,281.7,-22.2,True,
46749_1998_DM33,102.7,35.8,True,
46757_1998_FX57,135.5,-1.8,True,
4675_Ohboke,205.4,68.7,True,
4676_Uedaseiji,218.5,-31.8,True,
46774_1998_HO30,182.4,31.1,True,
46780_1998_HH52,137.5,58.9,True,
4678_Ninian,151.6,-69.3,True,
46791_1998_HW149,252.2,7.7,True,
4679_Sybil,64.9,24.4,True,
467_Laura,186.7,44.6,True,
46817_1998_MG16,206.7,11.0,True,
46818_1998_MZ24,167.0,58.9,True,
46819_1998_MH27,353.5,82.4,True,
46827_1998_OJ7,164.3,8.5,True,
4682_Bykov,148.0,30.5,True,
46832_1998_QQ1,135.3,-63.5,True,
46834_1998_QL11,277.1,-81.8,True,
46838_1998_QS13,143.0,-44.3,True,
468419_1999_TV20,88.0,21.2,True,
46845_1998_QB24,207.1,26.4,True,
468476_2004_RW218,56.3,-35.1,True,
46848_1998_QQ35,184.2,59.5,True,
4684_Bendjoya,242.4,-40.0,True,
46858_1998_QB50,124.1,-62.4,True,
46859_1998_QB51,89.9,-68.3,True,
468606_2007_VW267,184.6,-27.5,True,
46866_1998_QW87,291.6,36.5,True,
46868_1998_QM93,286.0,71.5,True,
46870_1998_QC100,219.8,-79.4,True,
468861_2013_LU28,311.5,34.0,True,
46888_1998_RG37,176.3,28.9,True,
46907_1998_RQ70,258.2,38.0,True,
46909_1998_RF72,45.6,-17.2,True,
46919_1998_SN3,137.8,-0.8,True,
46928_1998_SJ57,177.4,69.2,True,
46935_1998_SL65,156.5,71.1,True,
46937_1998_SA71,68.8,54.7,True,
4693_Drummond,184.2,62.7,True,
46943_1998_SZ99,299.0,-52.1,True,
46944_1998_SO102,102.2,37.2,True,
4694_Festou,61.3,-82.7,True,
46950_1998_SA118,239.3,20.5,True,
46951_1998_SQ118,250.0,-54.2,True,
4695_Mediolanum,205.8,-57.3,True,
46965_1998_SN134,154.6,-10.5,True,
46966_1998_SP134,173.6,26.2,True,
46971_1998_SE138,73.8,-85.0,True,
46977_Krakow,69.3,50.6,True,
4697_Novara,183.8,46.6,True,
46992_1998_TZ17,256.3,-6.8,True,
46994_1998_TE27,153.8,87.2,True,
47020_1998_VP9,199.6,-66.9,True,
47024_1998_VV19,331.2,43.9,True,
47035_1998_WS,294.4,-21.3,True,
47038_Majoni,133.2,43.0,True,
4703_Kagoshima,256.2,-37.1,True,
47040_Nathbrouillet,58.8,68.7,True,
470410_2007_UT127,134.0,-1.8,True,
470418_2007_VK95,124.3,-73.0,True,
470426_2007_VN242,89.4,-66.6,True,
47053_1998_XH1,61.0,9.0,True,
47055_1998_XH5,243.1,63.7,True,
47057_1998_XM12,217.8,30.6,True,
47058_1998_XC15,158.0,65.5,True,
47064_1998_XT53,102.3,7.0,True,
47068_1998_XJ62,148.4,72.0,True,
4706_Dennisreuter,151.3,73.9,True,
47072_1998_XM79,86.1,67.3,True,
47075_1998_YB,174.5,27.6,True,
47083_1998_YG22,150.1,45.6,True,
47087_1999_AY3,211.7,-29.0,True,
47092_1999_AB10,81.3,68.9,True,
47096_Canarias,266.2,-36.3,True,
47104_1999_CD18,195.6,-33.9,True,
47110_1999_CK44,159.8,-65.2,True,
47114_1999_CP61,82.4,-53.2,True,
47116_1999_CL64,55.7,42.6,True,
47120_1999_CP84,307.3,-8.3,True,
4712_Iwaizumi,269.1,52.1,True,
47135_1999_EX2,71.9,-22.4,True,
47138_1999_FS35,92.0,35.5,True,
47149_1999_RX34,175.5,73.7,True,
4714_Toyohiro,127.1,-74.5,True,
4717_Kaneko,205.5,52.4,True,
47183_1999_TC127,239.0,-81.6,True,
47215_1999_TZ319,194.4,-81.2,True,
47224_1999_VG11,238.2,-81.0,True,
47227_1999_VS24,108.8,22.9,True,
4723_Wolfgangmattig,41.4,70.6,True,
47244_1999_VA53,225.0,-43.6,True,
47250_1999_VW58,234.2,-25.3,True,
47257_1999_VA79,102.2,-8.1,True,
47271_1999_VY143,138.3,42.8,True,
4728_Lyapidevskij,103.7,-53.0,True,
47307_1999_XR4,247.9,-23.1,True,
47314_1999_XK11,214.9,45.5,True,
47335_1999_XB33,67.1,-51.1,True,
47338_1999_XG36,164.7,-63.8,True,
47369_1999_XA88,128.9,-34.2,True,
47370_1999_XL88,103.7,67.8,True,
47375_1999_XT94,91.9,-53.4,True,
47385_1999_XA101,327.8,44.5,True,
47395_1999_XM111,105.8,-37.1,True,
47399_1999_XK116,10.2,85.4,True,
4739_Tomahrens,84.2,-68.3,True,
47406_1999_XV126,131.7,-63.9,True,
47407_1999_XC129,82.8,6.7,True,
47419_1999_XT165,231.7,33.6,True,
47429_1999_XN172,219.6,56.5,True,
47437_1999_XR176,25.6,69.6,True,
47444_1999_XA205,130.1,11.4,True,
4744_Rovereto,79.3,-53.0,True,
47452_1999_XY221,158.2,-9.2,True,
47461_1999_XG242,241.2,-87.9,True,
47463_1999_XE258,224.4,16.9,True,
474660_2005_AT1,206.2,10.8,True,
47467_1999_YF13,198.7,-22.6,True,
47468_1999_YS13,189.9,-42.1,True,
47476_2000_AJ8,354.8,75.7,True,
474798_2005_RD28,76.5,-53.0,True,
4747_Jujo,192.0,19.5,True,
47480_2000_AE12,105.3,-67.3,True,
47483_2000_AJ17,198.3,-7.1,True,
47485_2000_AO22,20.4,-22.4,True,
4748_Tokiwagozen,173.3,43.7,True,
47495_2000_AD43,182.2,49.1,True,
4749_Ledzeppelin,228.1,46.8,True,
47508_2000_AQ58,208.9,-75.3,True,
47514_2000_AW66,44.7,37.3,True,
47516_2000_AQ69,218.3,-56.1,True,
47520_2000_AO79,312.3,80.8,True,
47526_2000_AM90,134.5,58.0,True,
47531_2000_AY96,42.1,26.6,True,
47546_2000_AN119,137.3,62.2,True,
47549_2000_AE126,231.0,34.1,True,
47552_2000_AR128,201.3,77.1,True,
47556_2000_AL137,258.3,23.0,True,
47557_2000_AP137,165.5,-69.6,True,
4755_Nicky,175.1,59.9,True,
47560_2000_AD144,225.9,64.5,True,
47561_2000_AA147,223.0,74.3,True,
47565_2000_AJ150,75.3,-81.9,True,
475665_2006_VY13,218.7,80.7,True,
4756_Asaramas,179.5,-79.1,True,
47572_2000_AK167,224.4,-46.4,True,
47573_2000_AV170,70.4,81.2,True,
47574_2000_AF171,44.0,53.1,True,
47579_2000_AW174,159.2,22.7,True,
4757_Liselotte,142.1,-14.9,True,
47582_2000_AO179,194.6,72.2,True,
47587_2000_AU198,218.8,-16.0,True,
475977_2007_OO6,66.5,-49.2,True,
47600_2000_AF227,248.0,81.8,True,
476012_2007_RA107,104.7,21.4,True,
47607_2000_AN242,180.5,-79.3,True,
47608_2000_AE243,268.8,-21.2,True,
4760_Jia_xiang,72.4,-37.6,True,
47618_2000_BD27,202.6,-5.4,True,
47621_2000_BO29,196.1,-23.7,True,
47628_2000_CJ2,166.1,-53.2,True,
47629_2000_CR4,209.0,-3.2,True,
4763_Ride,225.7,-54.4,True,
47645_2000_CD37,305.6,-80.8,True,
47655_2000_CB48,293.0,66.9,True,
47656_2000_CD48,210.1,12.3,True,
47665_2000_CX55,139.5,15.9,True,
47671_2000_CP63,83.9,67.4,True,
47676_2000_CE71,109.9,81.3,True,
47684_2000_CT83,190.8,-43.1,True,
47689_2000_CN91,235.6,80.7,True,
47691_2000_CT92,69.2,-66.2,True,
47693_2000_CG94,233.0,-27.6,True,
47704_2000_DN4,108.7,7.8,True,
47707_Jamieson,169.7,-73.8,True,
4771_Hayashi,222.2,-44.0,True,
47740_2000_DC71,232.7,-76.6,True,
47749_2000_DX82,214.2,58.1,True,
47752_2000_DD87,11.8,66.4,True,
47766_2000_DP103,275.3,67.3,True,
4776_Luyi,174.5,-2.4,True,
47775_Johnanderson,88.2,-8.5,True,
47776_2000_EX,183.5,-14.3,True,
4777_Aksenov,121.8,69.8,True,
47781_2000_EK17,272.5,83.0,True,
47783_2000_EU19,186.0,-62.8,True,
47797_2000_EQ40,70.4,70.5,True,
47798_2000_EP45,269.3,-36.5,True,
47816_2000_EE86,235.4,-79.6,True,
47823_2000_EK97,157.5,54.3,True,
47826_2000_EC105,243.0,21.1,True,
47827_2000_EJ105,149.8,70.7,True,
47831_2000_ED112,162.7,40.7,True,
47837_2000_EB118,342.8,73.8,True,
47838_2000_EP119,144.1,-62.2,True,
47843_Maxson,341.6,76.1,True,
4784_Samcarin,96.7,-23.3,True,
47852_Frankydubois,133.4,-2.9,True,
47870_2000_FK13,172.8,45.6,True,
47874_2000_FP17,103.3,68.8,True,
47875_2000_FG21,139.0,-60.8,True,
47876_2000_FM21,146.0,65.0,True,
47894_2000_GS21,186.5,-43.1,True,
4789_Sprattia,204.0,55.8,True,
47901_2000_GH54,14.8,72.2,True,
47904_2000_GW56,234.3,77.5,True,
47911_2000_GT76,342.3,7.5,True,
47921_2000_GW106,171.5,28.2,True,
47922_2000_GK109,43.3,-63.8,True,
47939_2000_HO58,99.7,-68.1,True,
47947_2000_JT72,123.5,-4.5,True,
47958_2000_QV142,76.9,65.6,True,
47982_2000_WQ187,67.8,-66.8,True,
4799_Hirasawa,223.3,-28.6,True,
48005_2001_BM66,174.9,30.1,True,
4800_Veveri,181.8,-15.2,True,
48010_2001_BD70,232.6,-37.0,True,
48016_2001_CQ9,122.9,53.2,True,
48038_2001_DC69,118.8,36.9,True,
48048_2001_DG88,8.9,70.0,True,
4804_Pasteur,262.2,52.5,True,
48055_2001_EQ3,88.2,-82.2,True,
4805_Asteropaios,324.6,41.5,True,
48065_2001_EK17,243.4,21.2,True,
48066_2001_EH20,98.5,36.7,True,
48073_2001_FC13,119.8,-65.8,True,
480824_1999_JO6,140.2,0.2,True,
480966_2003_UP206,121.0,10.2,True,
4810_Ruslanova,143.8,-61.3,True,
48125_2001_FK105,81.1,66.8,True,
48126_2001_FS105,66.0,71.9,True,
48134_2001_FD127,78.4,36.0,True,
48139_2001_FY144,253.9,7.8,True,
4813_Terebizh,232.7,-78.7,True,
48140_2001_FT148,106.1,64.3,True,
481569_2007_TK13,90.3,5.7,True,
48163_2001_HD5,248.0,-36.9,True,
48169_2001_HV12,143.9,-44.9,True,
48181_2001_HW32,230.7,-86.8,True,
48196_2001_JU1,131.3,-18.0,True,
48200_Nishiokatakashi,288.9,-49.3,True,
48218_2001_KZ38,182.8,-31.7,True,
48227_2001_KG58,288.3,-81.1,True,
48237_2001_MJ5,98.9,6.8,True,
4823_Libenice,138.6,57.8,True,
48248_2001_RP69,207.0,-36.0,True,
4825_Ventura,243.6,-23.8,True,
48267_2001_YA118,213.6,-60.8,True,
48270_2002_CS82,85.3,-67.8,True,
48276_2002_ED20,74.6,-81.4,True,
4827_Dares,37.3,32.2,True,
48282_2002_FA22,82.6,6.3,True,
48287_2002_GE167,153.3,71.3,True,
482_Petrina,261.0,-6.9,True,
48302_2002_LM36,197.1,38.5,True,
4831_Baldwin,99.4,66.9,True,
48333_2002_OW6,221.2,63.5,True,
48340_2002_PT32,92.3,-8.4,True,
48353_6616_P_L,80.4,66.9,True,
48378_4241_T_3,201.0,8.9,True,
48401_1981_EW27,230.0,-43.7,True,
48402_1981_EH28,106.4,-67.8,True,
48406_1981_EQ47,186.7,64.4,True,
4841_Manjiro,219.3,-46.0,True,
484247_2007_FL3,66.2,6.7,True,
48435_Jaspers,168.3,67.8,True,
48449_1991_EK4,193.1,-75.6,True,
4844_Matsuyama,344.6,-80.9,True,
48453_1991_PT9,200.3,40.1,True,
48471_Orchiston,65.4,22.8,True,
48475_1991_UD2,347.4,-21.6,True,
48479_1991_XF,229.3,73.1,True,
48513_1993_FB22,171.7,-47.6,True,
48517_1993_FR25,215.9,14.3,True,
48525_1993_GB,111.3,-52.3,True,
48527_1993_LC1,129.9,58.5,True,
48530_1993_PF,44.5,-16.9,True,
48532_1993_PL7,194.1,55.5,True,
48543_1993_TJ14,178.6,40.5,True,
48544_1993_TO15,168.7,56.8,True,
48546_1993_TM19,141.5,-15.1,True,
48549_1993_TP25,80.5,50.6,True,
4854_Edscott,241.6,66.9,True,
48552_1993_TN31,138.2,59.4,True,
48560_1993_UX2,249.7,49.3,True,
48562_1993_UZ6,214.9,-1.2,True,
485647_2011_WD30,101.2,69.3,True,
485674_2011_WF115,169.0,-53.6,True,
48569_1994_EN,258.7,-36.7,True,
4856_Seaborg,102.1,-23.0,True,
48585_1994_PK37,206.3,-33.7,True,
4858_Vorobjov,228.7,32.8,True,
48590_Asaiayumi,168.5,-4.9,True,
4859_Fraknoi,123.5,81.2,True,
485_Genua,27.9,-60.5,True,
48601_1995_BL,184.8,-22.6,True,
486055_2012_TT197,166.7,-72.9,True,
48611_1995_FS6,74.5,6.9,True,
48613_1995_FM11,76.2,-53.0,True,
4865_Sor,239.9,48.2,True,
48671_1995_YS3,217.6,29.2,True,
48677_1996_AQ7,232.8,75.1,True,
48680_1996_BU,211.6,-63.7,True,
48686_1996_EM1,246.6,67.2,True,
48689_1996_GP1,253.8,8.3,True,
4868_Knushevia,273.9,-50.8,True,
48698_1996_HJ20,159.8,21.7,True,
48699_1996_HN21,202.7,49.4,True,
48718_1996_RZ15,298.5,-9.7,True,
48724_1996_XZ26,136.7,-31.3,True,
4872_Grieg,253.5,37.3,True,
48740_1997_EF32,125.8,10.4,True,
48751_1997_GM8,100.3,-66.6,True,
487639_2015_OP22,67.0,71.8,True,
48766_1997_JY13,202.5,55.1,True,
48780_1997_RA2,60.1,52.9,True,
4879_Zykina,311.5,64.9,True,
487_Venetia,97.4,77.1,True,
48806_1997_UB21,222.4,31.8,True,
4880_Tovstonogov,282.5,-5.3,True,
48810_1997_VA7,183.8,-30.3,True,
48812_1997_WL,166.2,-5.9,True,
48816_1997_WP3,121.5,40.5,True,
4882_Divari,222.4,-45.4,True,
48842_Alexmazzanti,94.2,66.1,True,
488433_2016_XD22,99.5,-51.9,True,
48850_1998_FL57,73.9,-82.7,True,
48857_1998_FU133,70.1,-7.0,True,
48864_1998_HK43,57.0,41.5,True,
48865_1998_HT46,182.4,-77.9,True,
48898_1998_MO5,211.4,-50.3,True,
48899_1998_MM7,41.1,-67.7,True,
4891_Blaga,177.1,-30.5,True,
48934_Kocanova,114.2,53.8,True,
48955_1998_QE23,163.0,-7.2,True,
48971_1998_QC39,122.0,72.9,True,
48975_1998_QH40,233.2,49.6,True,
4897_Tomhamilton,227.0,-13.5,True,
48998_1998_QV51,202.7,37.5,True,
489_Comacina,113.7,-67.3,True,
49016_1998_QJ77,209.6,27.4,True,
49019_1998_QF85,227.0,33.2,True,
49056_1998_RZ39,269.4,23.4,True,
49059_1998_RP44,217.1,30.1,True,
49062_1998_RR47,234.2,75.9,True,
49082_1998_RB64,91.0,36.4,True,
4908_Ward,54.3,75.7,True,
4909_Couteau,124.3,-34.9,True,
490_Veritas,264.9,-82.0,True,
49117_1998_SC10,109.3,23.1,True,
491332_2011_WU134,114.4,-6.8,True,
49141_1998_SM41,79.2,51.6,True,
49159_1998_SK55,72.8,-22.5,True,
491762_2012_VB98,38.5,-81.7,True,
49190_1998_SL81,39.1,77.5,True,
49198_1998_SG107,142.6,0.1,True,
49205_1998_SZ117,136.8,-57.9,True,
49220_1998_SA129,298.6,-80.5,True,
4922_Leshin,335.2,-77.5,True,
49239_1998_SE164,109.4,8.1,True,
4926_Smoktunovskij,190.6,19.4,True,
49271_1998_UG15,148.4,69.0,True,
49283_1998_UG29,249.7,-80.7,True,
49306_1998_VS13,132.5,42.4,True,
4930_Rephiltim,225.7,-43.4,True,
49310_1998_VD17,158.0,23.3,True,
493111_2014_TN7,79.4,-53.2,True,
49314_1998_VN19,189.9,76.4,True,
4931_Tomsk,30.2,-12.3,True,
49320_1998_VJ26,160.2,35.8,True,
49325_1998_VK31,165.0,75.0,True,
4932_Texstapa,100.0,84.5,True,
49332_1998_VC44,60.6,-20.7,True,
4933_Tylerlinder,130.0,-80.8,True,
49344_1998_WC4,61.5,-6.3,True,
49380_1998_XU4,107.1,-52.7,True,
49389_1998_XS20,223.0,47.3,True,
4938_Papadopoulos,214.5,-48.0,True,
49393_1998_XC28,319.6,1.4,True,
49398_1998_XO41,137.4,-30.7,True,
493_Griseldis,141.3,79.7,True,
49407_1998_XC50,132.4,59.3,True,
49412_1998_XV55,216.5,-66.0,True,
4941_Yahagi,224.5,62.1,True,
49424_1998_XC80,246.7,-81.1,True,
49425_1998_XE80,144.5,-14.1,True,
49445_1998_YS8,206.1,26.8,True,
49449_1998_YN13,173.0,61.4,True,
49463_1999_AZ6,344.3,-34.8,True,
49466_Huanglin,220.6,-45.6,True,
4946_Askalaphus,94.6,35.2,True,
49477_1999_BA8,226.3,80.0,True,
49490_1999_BX24,216.9,-31.5,True,
49491_1999_BW25,226.4,17.4,True,
49494_1999_CJ1,32.4,67.7,True,
49496_1999_CC2,221.7,-56.3,True,
494_Virtus,146.1,1.3,True,
49513_1999_CK28,34.0,65.8,True,
49516_1999_CJ32,252.2,22.4,True,
49523_1999_CL38,268.8,-21.3,True,
49524_1999_CJ39,234.4,-9.7,True,
49532_1999_CJ54,235.8,-41.4,True,
49540_1999_CU63,78.6,69.4,True,
49550_1999_CO84,66.8,-21.7,True,
49555_1999_CK88,146.8,18.1,True,
49562_1999_CF100,194.2,54.2,True,
49567_1999_CP107,263.4,-21.7,True,
49570_1999_CQ110,37.9,-46.6,True,
49577_1999_CB124,284.5,-7.4,True,
49579_1999_CL124,320.1,42.6,True,
49580_1999_CL126,284.3,7.8,True,
4958_Wellnitz,317.3,30.8,True,
49597_1999_FY12,13.2,-74.2,True,
49598_1999_FU17,103.9,65.4,True,
4959_Niinoama,241.7,65.6,True,
49606_1999_FU27,328.5,72.5,True,
49614_1999_FB39,81.8,-8.2,True,
4961_Timherder,85.8,66.8,True,
49622_1999_GO3,221.6,63.8,True,
49624_1999_GR10,132.3,26.3,True,
49626_1999_GL16,212.3,13.0,True,
49633_1999_GC38,292.5,37.0,True,
4963_Kanroku,54.2,-58.7,True,
49646_1999_JX34,102.0,52.7,True,
49650_1999_JH61,283.5,51.5,True,
49666_1999_NZ57,188.9,3.8,True,
49669_1999_RZ30,224.0,-40.9,True,
49672_1999_RM103,179.6,42.0,True,
49678_1999_TQ7,264.8,-81.7,True,
4967_Glia,77.8,87.2,True,
49699_Hidetakasato,162.0,-60.2,True,
49700_Mather,90.0,-68.3,True,
49708_1999_VH26,256.2,-22.3,True,
49715_1999_VZ34,175.9,57.4,True,
4971_Hoshinohiroba,182.2,62.9,True,
49720_1999_VV52,141.6,14.5,True,
49731_1999_VR80,145.1,-29.4,True,
4974_Elford,133.9,13.8,True,
49754_1999_VL172,303.5,35.2,True,
49766_1999_WS,135.4,-84.7,True,
49773_1999_WJ8,146.7,-45.3,True,
49777_Cappi,204.3,-5.4,True,
49781_1999_XT7,254.8,67.6,True,
49789_1999_XY15,103.9,-7.8,True,
49801_1999_XP34,123.0,79.1,True,
49808_1999_XD40,208.4,-53.6,True,
4980_Magomaev,221.5,60.1,True,
49819_1999_XA59,100.2,-38.1,True,
49821_1999_XA70,63.1,-36.0,True,
49833_1999_XB84,86.7,-38.3,True,
49836_1999_XD85,34.0,81.5,True,
49839_1999_XY87,234.1,-26.3,True,
49853_1999_XG96,149.6,-77.8,True,
49857_1999_XD99,155.3,-68.1,True,
498586_2008_QC22,55.8,-50.5,True,
49859_1999_XB100,228.5,-42.5,True,
49866_1999_XG111,242.6,-82.9,True,
4986_Osipovia,268.6,-21.5,True,
49876_1999_XG131,94.3,85.2,True,
49879_1999_XH135,59.0,-82.6,True,
49886_1999_XX151,214.8,-30.7,True,
4988_Chushuho,115.6,68.9,True,
49898_1999_XZ160,239.2,20.4,True,
49900_1999_XV163,191.2,-64.6,True,
49902_1999_XS164,38.8,12.7,True,
49911_1999_XT169,103.7,-53.0,True,
49916_1999_XV171,209.5,38.8,True,
4991_Hansuess,56.2,67.4,True,
49927_1999_XG176,136.6,-63.4,True,
49937_1999_XO180,327.2,79.9,True,
49940_1999_XZ186,257.4,22.9,True,
49954_1999_XL216,190.7,82.7,True,
49975_1999_YZ2,137.8,27.0,True,
49978_1999_YT5,247.8,-19.3,True,
4997_Ksana,269.4,-21.2,True,
49988_2000_AE5,95.0,-83.2,True,
49998_2000_AA13,97.7,36.6,True,
4999_MPC,131.5,-65.1,True,
499_Venusia,218.7,-30.2,True,
49_Pales,217.4,29.8,True,
50024_2000_AZ40,63.9,-50.6,True,
50031_2000_AH47,38.6,75.4,True,
50043_2000_AC59,103.1,37.2,True,
50049_2000_AQ62,269.0,53.1,True,
50057_2000_AO66,191.5,53.1,True,
50058_2000_AQ67,150.6,-42.9,True,
50093_2000_AT96,117.5,72.2,True,
5010_Amenemhet,248.0,-39.1,True,
50112_2000_AJ116,216.4,29.9,True,
50116_2000_AA119,303.5,-81.5,True,
50120_2000_AC120,96.8,67.7,True,
5012_Eurymedon,130.1,-18.3,True,
50152_2000_AD141,122.0,79.3,True,
501540_2014_JF25,0.7,63.3,True,
50156_2000_AN142,145.6,-42.5,True,
50170_2000_AT158,150.5,-58.3,True,
5017_Tenchi,233.5,-56.4,True,
50182_2000_AB168,202.3,9.3,True,
50191_2000_AQ193,111.9,55.0,True,
50202_2000_AF203,31.7,-12.8,True,
50221_2000_AQ238,36.0,72.5,True,
50224_2000_AS239,207.4,-78.1,True,
50225_2000_AB240,253.9,-51.4,True,
50237_2000_BJ3,263.6,52.6,True,
50247_2000_BX14,63.4,80.5,True,
50251_Iorg,134.3,13.2,True,
50253_2000_BP24,308.2,-12.2,True,
50254_2000_BC25,175.4,43.8,True,
50266_2000_BU28,177.3,-32.8,True,
5026_Martes,216.7,-0.4,True,
50280_2000_CN17,266.0,-5.7,True,
50285_2000_CB25,227.2,48.6,True,
5028_Halaesus,103.4,22.1,True,
50293_2000_CH30,251.4,-7.1,True,
50299_2000_CD34,21.2,-86.0,True,
502_Sigune,65.9,74.6,True,
50321_2000_CH51,216.4,-64.3,True,
50335_2000_CM58,295.9,81.1,True,
5033_Mistral,192.6,-84.5,True,
50341_2000_CR63,152.2,-43.7,True,
50349_2000_CC70,239.9,35.8,True,
5035_Swift,222.4,55.6,True,
50361_2000_CE76,117.1,-67.0,True,
50369_2000_CK83,231.5,-11.0,True,
50380_2000_CE89,184.9,68.9,True,
50382_2000_CH89,120.1,72.6,True,
503960_2004_QF1,35.2,52.3,True,
50406_2000_CK116,324.1,-55.5,True,
5040_Rabinowitz,241.0,-80.7,True,
50410_2000_CK126,278.2,78.7,True,
50413_Petrginz,207.1,57.4,True,
50419_2000_DL7,337.5,77.9,True,
5041_Theotes,154.7,46.8,True,
50429_2000_DB16,113.9,-35.8,True,
5044_Shestaka,132.3,-3.3,True,
504744_2009_WH10,97.6,-23.3,True,
50485_2000_DX83,56.1,-34.1,True,
50489_2000_DY87,219.4,44.5,True,
5048_Moriarty,125.1,10.2,True,
5049_Sherlock,262.7,53.0,True,
50505_2000_DP98,202.9,-19.0,True,
50506_2000_DV99,134.7,-47.4,True,
5050_Doctorwatson,56.9,87.3,True,
505155_2012_QL1,34.0,-80.1,True,
50531_2000_EZ11,160.4,-23.9,True,
50536_2000_EK13,161.6,-54.0,True,
5053_Chladni,219.8,-16.0,True,
50540_2000_EK16,65.4,-36.7,True,
50563_2000_EF36,116.3,-51.0,True,
505657_2014_SR339,174.9,-64.2,True,
50565_2000_ES37,81.3,-23.2,True,
5056_Rahua,237.8,82.6,True,
50571_2000_EA39,105.7,7.5,True,
50597_2000_EY47,239.0,-40.5,True,
50602_2000_EM50,203.0,-33.7,True,
50605_2000_EJ55,235.4,-78.6,True,
5060_Yoneta,260.5,-21.8,True,
5061_McIntosh,43.8,64.2,True,
50624_2000_EL65,67.7,-21.9,True,
5063_Monteverdi,200.5,66.8,True,
50649_2000_EK90,226.2,17.4,True,
50659_2000_EW94,116.4,-75.3,True,
50662_2000_EG97,287.8,-50.3,True,
50671_2000_EL107,85.9,67.8,True,
50672_2000_EN107,200.5,75.7,True,
50681_2000_EG111,160.0,-76.5,True,
50689_2000_EJ119,286.9,64.4,True,
50694_2000_EM124,263.5,-6.4,True,
50695_2000_EU126,201.7,-35.0,True,
50706_2000_EX132,132.6,-3.1,True,
50717_Jimfox,71.6,50.3,True,
5072_Hioki,180.6,-14.5,True,
50733_2000_EV152,148.4,79.4,True,
5073_Junttura,152.9,60.1,True,
50740_2000_EO157,232.1,46.2,True,
507421_2012_PS30,100.4,-38.1,True,
50744_2000_EL164,62.8,-82.7,True,
50756_2000_ET181,263.9,37.8,True,
50758_2000_EB183,289.8,64.3,True,
50762_2000_EY184,104.0,-37.0,True,
50765_2000_FM,235.6,-9.0,True,
50767_2000_FV2,163.9,76.8,True,
50771_2000_FH5,187.5,-73.6,True,
50776_2000_FS12,311.1,49.2,True,
50779_2000_FA16,205.8,-17.8,True,
5077_Favaloro,107.1,-51.4,True,
50788_2000_FB21,158.9,-72.0,True,
50793_2000_FF23,172.0,59.4,True,
5079_Brubeck,215.4,14.1,True,
50807_2000_FJ28,231.9,18.8,True,
50811_2000_FZ29,77.2,67.1,True,
50812_2000_FC30,199.0,-56.5,True,
50818_2000_FV32,139.7,14.3,True,
50824_2000_FU35,219.2,60.9,True,
50833_2000_FE40,337.0,79.6,True,
5083_Irinara,268.0,8.4,True,
50843_2000_FS44,110.1,8.1,True,
50845_2000_FL45,59.7,79.1,True,
50853_2000_FC50,193.8,72.8,True,
50866_Davidesprizzi,338.3,23.0,True,
50869_2000_GJ8,137.4,-46.7,True,
5086_Demin,248.7,67.5,True,
50870_2000_GQ8,111.5,7.9,True,
50872_2000_GT10,219.2,77.3,True,
50879_2000_GT32,146.7,17.3,True,
508810_2000_WD13,236.6,56.6,True,
50899_2000_GM47,200.5,38.2,True,
5089_Nadherna,95.6,66.4,True,
50927_2000_GZ65,148.4,-28.5,True,
50928_2000_GT66,258.7,37.5,True,
50933_2000_GR68,274.8,-51.7,True,
5093_Svirelia,57.2,-78.3,True,
5094_Seryozha,257.6,87.0,True,
50956_2000_GO80,191.8,78.2,True,
5095_Escalante,49.8,67.3,True,
5096_Luzin,106.5,65.3,True,
509720_2008_SP157,114.1,-49.6,True,
5098_Tomsolomon,209.2,43.6,True,
50995_2000_GH95,143.9,-69.5,True,
50_Virginia,111.2,68.7,True,
51016_2000_GG106,271.2,-6.4,True,
5101_Akhmerov,314.7,-77.3,True,
51029_2000_GJ114,95.0,-68.4,True,
51033_2000_GD122,57.9,8.6,True,
51034_2000_GB124,176.9,75.5,True,
51048_2000_GB137,169.2,43.9,True,
51056_2000_GP140,112.9,-36.9,True,
51068_2000_GW156,105.9,7.4,True,
510728_2012_VZ92,143.3,-30.3,True,
51084_2000_GM171,197.5,-21.9,True,
51085_2000_GU172,212.5,-17.0,True,
51087_2000_GB177,136.4,-79.3,True,
510941_2013_ES104,93.9,6.5,True,
51097_2000_HA8,121.8,40.3,True,
51112_2000_HQ27,138.2,-0.6,True,
51134_2000_HG44,133.0,68.8,True,
51135_2000_HO44,197.0,55.6,True,
51160_2000_HR57,174.8,-81.6,True,
51165_2000_HO63,131.6,-64.3,True,
51167_2000_HF64,202.2,-22.1,True,
51169_2000_HQ65,165.6,-38.5,True,
5116_Korsor,270.8,67.7,True,
511703_2015_CQ25,179.8,73.8,True,
51171_2000_HW66,233.5,33.3,True,
51175_2000_HV69,197.9,23.0,True,
51179_2000_HM71,113.9,73.1,True,
5118_Elnapoul,316.0,30.9,True,
51205_2000_JV9,246.3,36.8,True,
51206_2000_JL11,340.8,-59.5,True,
5120_Bitias,319.3,26.7,True,
51215_2000_JL22,96.7,82.0,True,
51217_2000_JV22,133.9,-79.7,True,
51218_2000_JC23,331.4,40.6,True,
51233_2000_JX31,285.5,-53.5,True,
51236_2000_JE32,197.8,-24.1,True,
5123_Cynus,123.3,-50.7,True,
5124_Muraoka,96.9,-68.1,True,
51254_2000_JK57,262.3,51.8,True,
51263_2000_JM69,89.2,66.7,True,
51266_2000_JX71,7.0,71.6,True,
51273_2000_JV74,235.8,35.1,True,
512745_2016_UG31,31.0,-24.7,True,
51276_2000_JZ81,103.4,64.7,True,
51292_2000_KF30,56.9,-81.3,True,
51297_2000_KN45,171.1,-19.7,True,
512999_2017_UF42,131.1,64.9,True,
5129_Groom,279.8,-52.4,True,
51308_2000_KK62,193.2,-25.9,True,
51314_2000_KX73,221.1,-27.1,True,
513152_2003_QA104,68.3,21.8,True,
51318_2000_KT77,56.5,41.6,True,
51329_2000_LP32,308.8,3.3,True,
51349_2000_QQ173,269.0,-50.9,True,
51354_2000_RX25,44.3,61.9,True,
51356_2000_RY76,280.2,-4.4,True,
51359_2000_SC17,34.0,-13.6,True,
51373_2000_YF53,215.3,75.0,True,
51381_2001_BG51,68.3,44.1,True,
51385_2001_CR20,162.7,-71.3,True,
51388_2001_DE14,64.5,8.8,True,
51391_2001_DM21,152.5,46.4,True,
51462_2001_FX43,65.8,66.7,True,
5146_Moiwa,48.4,-77.3,True,
51495_2001_FO79,232.2,65.7,True,
514_Armida,175.4,70.4,True,
51515_2001_FS100,106.8,7.2,True,
5152_Labs,230.9,32.4,True,
5153_Gierasch,60.7,63.6,True,
5156_Golant,139.8,-63.0,True,
51576_2001_HW5,73.0,76.9,True,
51589_2001_HQ13,195.1,-61.6,True,
5158_Ogarev,103.2,22.3,True,
5159_Burbine,104.7,81.5,True,
5160_Camoes,192.6,-42.0,True,
51616_2001_HL35,52.5,77.6,True,
51637_2001_HP49,102.0,-63.2,True,
51638_2001_HF53,96.9,21.8,True,
51646_2001_HA62,78.6,21.9,True,
5165_Videnom,30.7,86.2,True,
51665_2001_JN10,161.4,22.2,True,
51674_2001_KE7,29.0,1.8,True,
5167_Joeharms,101.2,-79.6,True,
51682_2001_KM10,194.4,49.6,True,
51699_2001_KA21,87.5,-9.0,True,
516_Amherstia,69.3,-22.1,True,
51700_2001_KV23,174.3,81.6,True,
5170_Sissons,85.0,-8.4,True,
51727_2001_KV41,238.2,82.2,True,
51763_2001_LD8,210.9,39.8,True,
51785_2001_MG17,294.3,-51.5,True,
5178_Pattazhy,153.1,-25.5,True,
51790_2001_MG23,89.1,77.6,True,
517_Edith,186.7,-26.8,True,
5180_Ohno,247.4,-22.3,True,
51846_2001_OT88,259.7,-21.9,True,
51848_2001_OZ89,332.3,75.9,True,
51851_2001_OC93,275.9,8.6,True,
51858_2001_OQ105,55.7,-19.7,True,
51862_2001_PH,271.2,-51.2,True,
51876_2001_PU41,206.5,-66.5,True,
5187_Domon,226.5,2.4,True,
51887_2001_QA17,207.3,-82.1,True,
518_Halawe,221.9,-30.4,True,
51911_2001_QD68,190.0,4.3,True,
5191_Paddack,139.2,13.7,True,
51938_2001_QL159,202.2,76.0,True,
51940_2001_QB172,169.6,43.2,True,
51944_2001_QW194,262.0,23.2,True,
51955_2001_QG250,183.2,-75.6,True,
51996_2001_TH118,55.7,70.9,True,
5199_Dortmund,241.1,20.8,True,
519_Sylvania,255.3,-20.8,True,
52000_2001_UY22,322.0,-40.6,True,
5200_Pamal,77.0,-22.9,True,
52035_2002_PS43,295.7,6.2,True,
5203_Pavarotti,148.2,59.4,True,
52041_2002_PT61,130.7,-18.2,True,
5204_Herakleitos,267.3,53.4,True,
52054_2002_PB121,118.8,40.8,True,
52063_2002_QS18,53.1,52.9,True,
52075_2002_RL7,288.6,36.9,True,
52089_2027_P_L,168.2,-77.4,True,
5208_Royer,65.2,6.4,True,
52098_2568_P_L,114.1,-21.6,True,
520_Franziska,326.2,41.5,True,
52100_2591_P_L,112.9,53.9,True,
52113_3100_P_L,85.1,67.5,True,
52118_4103_P_L,190.8,61.8,True,
5212_Celiacruz,150.2,74.6,True,
52134_6059_P_L,142.5,15.3,True,
52146_7061_P_L,149.3,2.7,True,
5215_Tsurui,253.7,79.2,True,
52175_2204_T_2,99.7,-68.2,True,
52176_2233_T_2,61.5,-35.8,True,
52182_3130_T_2,76.0,21.2,True,
521_Brixia,160.5,-24.2,True,
52207_3403_T_3,188.9,73.2,True,
5220_Vika,224.0,31.1,True,
52225_Panchenko,209.3,76.3,True,
5225_Loral,145.8,-13.7,True,
52260_Ureshino,186.5,2.8,True,
52266_Van_Flandern,260.3,38.0,True,
5229_Irurita,289.9,22.2,True,
522_Helga,51.1,70.3,True,
52313_1991_VH9,69.5,38.5,True,
52324_1992_DV9,161.7,-7.7,True,
52330_1992_EA15,233.3,34.6,True,
52339_1992_RO2,83.0,67.7,True,
52362_1993_FS31,196.6,50.0,True,
52385_1993_OC,211.3,26.8,True,
5238_Naozane,145.0,85.2,True,
523_Ada,271.3,-36.4,True,
52410_1993_UG6,115.9,-51.8,True,
52411_1994_AA3,206.0,75.8,True,
52419_1994_HX,141.6,77.9,True,
52439_1994_QL,126.6,76.9,True,
5243_Clasien,206.6,59.1,True,
52440_1994_QN,356.1,70.7,True,
5244_Amphilochos,136.5,76.0,True,
524589_2003_KB14,54.2,22.7,True,
52470_1995_ST2,7.9,-79.5,True,
52474_1995_SH32,108.5,37.1,True,
5248_Scardia,39.4,74.3,True,
524985_2004_PA76,59.0,53.4,True,
5250_Jas,227.8,32.8,True,
52531_1996_TB8,56.8,-50.7,True,
5253_Fredclifford,170.0,58.3,True,
52550_1996_YB3,354.9,-11.7,True,
5255_Johnsophie,24.7,70.6,True,
5256_Farquhar,344.0,-76.0,True,
5262_Brucegoldberg,66.4,-59.0,True,
52647_1997_YD4,74.1,-52.2,True,
5264_Telephus,34.2,49.7,True,
52654_1998_AK5,333.5,-76.7,True,
52657_1998_AK7,273.2,-4.6,True,
52662_1998_BW12,240.9,-40.7,True,
52671_1998_DL4,206.4,37.7,True,
52678_1998_DC21,287.7,-81.0,True,
52679_1998_DZ22,74.8,22.6,True,
52685_1998_EZ9,321.0,15.3,True,
52688_1998_FL1,125.8,11.3,True,
5268_Cernohorsky,259.9,23.1,True,
52694_1998_FL28,29.1,79.5,True,
52706_1998_FO77,165.1,37.6,True,
52713_1998_FQ113,35.7,32.6,True,
5271_Kaylamaya,188.1,-28.9,True,
5272_Dickinson,180.5,31.4,True,
52743_1998_HW135,132.2,-61.4,True,
52750_1998_KK17,139.0,-79.0,True,
5275_Zdislava,284.6,37.4,True,
52793_1998_QN51,203.7,24.7,True,
5279_Arthuradel,14.0,75.6,True,
5281_Lindstrom,251.0,65.6,True,
52828_1998_RP39,142.4,-44.2,True,
5282_Yamatotakeru,159.2,-24.4,True,
52847_1998_RU67,107.0,66.4,True,
52862_1998_SR4,223.3,80.9,True,
5287_Heishu,299.6,35.9,True,
52898_1998_SO67,249.7,-81.3,True,
528_Rezia,197.7,-57.0,True,
52917_1998_SH105,206.2,-51.8,True,
52918_1998_SM106,263.5,-81.5,True,
5294_Onnetoh,11.6,-36.9,True,
52957_1998_TW1,193.0,47.5,True,
5296_Friedrich,260.1,-81.8,True,
52989_1998_UT23,84.6,-80.2,True,
52995_1998_UJ32,216.9,-47.5,True,
52999_1998_UQ34,157.4,83.4,True,
5299_Bittesini,207.6,54.0,True,
53019_1998_VW32,134.6,43.0,True,
53033_1998_WN9,104.0,37.6,True,
530428_2011_GU61,28.1,28.1,True,
53043_1998_WY21,221.9,16.2,True,
5307_Paul_Andre,128.4,59.9,True,
53100_1998_YH30,11.0,-52.5,True,
53104_1999_AP3,272.4,76.7,True,
53105_1999_AT3,214.6,13.8,True,
53120_1999_AE21,199.0,39.7,True,
5312_Schott,202.1,-5.8,True,
5314_Wilkickia,264.1,53.1,True,
53167_1999_CJ10,110.8,-67.4,True,
53168_1999_CV10,257.5,51.8,True,
53171_1999_CP21,251.4,64.8,True,
53177_1999_CR31,25.8,41.6,True,
5317_Verolacqua,264.8,8.5,True,
53196_1999_CF55,77.0,-51.9,True,
53213_1999_CU80,90.6,-82.3,True,
53225_1999_CG94,211.3,-32.3,True,
5322_Ghaffari,169.2,-77.0,True,
53236_1999_CC118,93.3,65.9,True,
53248_1999_DA3,157.2,73.8,True,
53250_Beucher,176.6,42.6,True,
53252_Sardegna,252.0,-35.5,True,
53264_1999_FL8,60.1,-35.9,True,
53277_1999_FU32,287.0,-82.6,True,
5327_Gertwilkens,35.7,-14.2,True,
53289_1999_GD5,86.9,-53.0,True,
5328_Nisiyamakoiti,278.8,-21.3,True,
53294_1999_GS16,275.4,53.1,True,
53299_1999_GJ26,214.2,13.7,True,
5329_Decaro,36.9,48.8,True,
53308_1999_HJ8,70.6,-37.4,True,
53309_1999_HT8,134.3,61.3,True,
5330_Senrikyu,230.7,46.1,True,
53312_1999_JZ,200.8,36.9,True,
5331_Erimomisaki,206.6,41.9,True,
53324_1999_JZ18,131.0,52.0,True,
53329_1999_JK27,153.2,-57.6,True,
53339_1999_JA47,144.5,31.4,True,
5334_Mishima,95.5,67.5,True,
53353_1999_JC70,106.7,70.9,True,
53357_1999_JM73,217.1,80.0,True,
53364_1999_JL77,53.1,-82.2,True,
53365_1999_JO78,86.1,-50.6,True,
53374_1999_JC84,154.9,21.5,True,
53382_1999_JL91,25.9,-10.7,True,
53399_1999_JG112,276.5,-87.4,True,
533_Sara,93.4,66.4,True,
53404_1999_KX,171.6,-18.3,True,
53418_1999_PY3,7.0,-53.3,True,
5341_Purgathofer,58.3,-82.0,True,
53425_1999_SO4,150.9,-67.8,True,
53434_1999_VD25,268.7,77.3,True,
53445_1999_XB103,30.3,-26.0,True,
5344_Ryabov,8.8,-71.6,True,
53453_1999_XX135,215.7,45.4,True,
534710_2014_VA23,134.5,-62.5,True,
53471_2000_AU30,131.1,-49.0,True,
5347_Orestelesca,282.6,-37.4,True,
5348_Kennoguchi,245.0,-55.1,True,
53494_2000_AP68,182.5,30.7,True,
5350_Epetersen,242.4,-54.0,True,
53515_2000_AT136,19.3,7.5,True,
53519_2000_AQ142,247.1,-51.4,True,
53525_2000_AN161,70.2,-65.8,True,
53548_2000_BA14,54.8,69.3,True,
5354_Hisayo,63.6,-50.8,True,
5355_Akihiro,155.0,81.5,True,
53563_2000_CJ29,87.5,66.4,True,
53573_2000_CW38,251.7,-21.3,True,
5358_Meineko,76.4,-7.8,True,
53593_2000_CJ58,167.3,-49.7,True,
5359_Markzakharov,185.7,2.5,True,
535_Montague,90.1,50.8,True,
53602_2000_CL72,102.6,-37.8,True,
53605_2000_CY76,296.4,21.2,True,
5360_Rozhdestvenskij,89.7,66.5,True,
5361_Goncharov,247.4,76.3,True,
5362_Johnyoung,215.2,-31.9,True,
53632_2000_CP123,196.4,37.7,True,
53635_2000_DZ3,115.3,55.0,True,
53683_2000_DR77,125.2,-82.1,True,
5371_Albertoaccomazzi,195.7,81.0,True,
53729_2000_EF37,286.7,-81.7,True,
53757_2000_EP74,122.6,-66.3,True,
5377_Komori,60.8,-35.7,True,
53803_2000_EN121,72.1,-86.5,True,
53816_2000_EV137,205.4,42.1,True,
53832_2000_EQ158,305.0,-23.1,True,
53838_2000_EA194,219.1,-44.8,True,
53848_2000_FT13,327.4,61.8,True,
53850_2000_FP16,136.0,29.9,True,
5385_Kamenka,220.9,-52.9,True,
53863_2000_FJ26,163.6,-22.3,True,
53868_2000_FP30,237.5,-53.7,True,
53879_2000_FE36,317.0,2.1,True,
53886_2000_FY39,62.8,69.0,True,
5388_Mottola,313.1,-52.5,True,
53900_2000_FV49,232.7,34.3,True,
53908_2000_GT2,85.7,5.7,True,
53921_2000_GC25,284.7,-81.4,True,
5392_Parker,303.3,82.8,True,
539540_2016_RN11,103.5,37.2,True,
5395_Shosasaki,196.3,74.8,True,
53969_2000_GV65,86.1,-8.5,True,
53980_2000_GK73,91.3,-53.2,True,
53986_2000_GH77,150.9,-79.2,True,
5399_Awa,64.3,69.9,True,
539_Pamina,294.1,74.7,True,
53_Kalypso,69.5,-37.0,True,
54003_2000_GN91,177.1,-48.5,True,
540187_2017_QH55,68.3,23.1,True,
5401_Minamioda,279.8,-52.3,True,
540301_2017_RL75,144.7,-79.3,True,
54050_2000_GE126,251.9,67.6,True,
54056_2000_GT133,301.8,-42.1,True,
54058_2000_GG134,93.4,-67.1,True,
54062_2000_GX135,109.7,-37.3,True,
5407_1992_AX,233.0,4.2,True,
54087_2000_GO172,253.8,52.8,True,
5408_The,267.0,-21.6,True,
54095_2000_HS1,122.7,-66.4,True,
540_Rosamunde,201.6,75.6,True,
541025_2017_YO14,128.2,68.9,True,
5411_Liia,246.1,36.6,True,
5414_Sokolov,90.6,-23.4,True,
54157_2000_HG48,167.6,-64.1,True,
5416_Estremadoyro,271.7,52.7,True,
541_Deborah,52.7,42.7,True,
54221_2000_HN100,223.4,57.7,True,
54224_2000_JM6,224.6,3.3,True,
54234_2000_JD16,300.6,-6.5,True,
54238_2000_JD19,42.3,48.4,True,
54256_2000_JC30,205.5,-31.8,True,
54269_2000_JZ36,118.6,52.9,True,
54298_2000_JE62,304.2,5.5,True,
54299_2000_JV62,236.8,50.7,True,
54310_2000_JO73,63.2,24.6,True,
54311_2000_JR73,232.1,-11.8,True,
54315_2000_JU75,68.5,66.1,True,
54316_2000_JV75,217.9,75.0,True,
54323_2000_JQ86,194.4,-43.8,True,
5433_Kairen,249.4,52.4,True,
5436_Eumelos,132.4,54.0,True,
54387_2000_KF64,79.5,52.3,True,
54406_2000_LR4,69.0,68.6,True,
5440_Terao,166.8,41.2,True,
54415_2000_LR13,60.4,56.3,True,
5441_Andymurray,239.4,-54.4,True,
54432_2000_LG31,50.6,-34.0,True,
54433_2000_LH32,83.2,6.6,True,
54445_2000_MW5,63.9,-82.9,True,
5445_Williwaw,190.0,65.1,True,
54466_2000_OO4,307.4,-77.0,True,
5446_Heyler,173.3,58.1,True,
5450_Sokrates,73.6,-37.5,True,
5451_Plato,159.5,50.3,True,
54522_Menaechmus,67.2,-67.5,True,
5452_1937_NN,287.1,84.4,True,
54535_2000_QJ39,52.1,-65.3,True,
54539_2000_QR56,89.8,21.4,True,
54548_2000_QO76,36.6,-0.1,True,
5454_Kojiki,263.9,83.2,True,
54554_2000_QS105,307.5,-27.5,True,
54555_2000_QK112,118.9,-36.1,True,
54558_2000_QR125,88.7,36.4,True,
54562_2000_QU140,99.7,-67.5,True,
5456_Merman,206.2,53.3,True,
54571_2000_QG155,17.0,-76.5,True,
54583_2000_QT180,170.6,-4.0,True,
54588_2000_QE192,290.2,50.6,True,
5458_Aizman,187.1,-12.8,True,
54592_2000_QA216,308.2,71.7,True,
5459_Saraburger,172.2,-84.4,True,
54601_2000_RZ13,56.5,10.7,True,
54603_2000_RF16,212.1,27.6,True,
54627_2000_SN72,199.0,-80.4,True,
54636_2000_SX140,322.5,14.8,True,
5465_Chumakov,131.7,-81.8,True,
54665_2000_UL110,161.4,-7.9,True,
54671_2000_WW102,184.1,17.5,True,
54676_2000_YP12,188.1,70.2,True,
54685_2001_CT33,135.2,46.0,True,
54689_2001_DH101,95.7,21.7,True,
54697_2001_FA70,93.5,51.2,True,
54708_2001_HH18,61.2,8.1,True,
5470_Kurtlindstrom,222.9,30.9,True,
5471_Tunguska,207.9,42.9,True,
54725_2001_KT5,285.4,8.1,True,
5474_Gingasen,151.7,72.3,True,
54750_2001_KW45,155.5,37.7,True,
54770_2001_LS10,92.9,66.9,True,
54771_2001_LJ12,38.1,31.9,True,
547734_2010_VM62,238.3,-57.1,True,
54774_2001_LY14,71.1,-8.3,True,
5477_Holmes,160.7,-39.1,True,
54787_2001_MO5,131.2,-73.9,True,
54794_2001_MN10,209.6,27.3,True,
54799_2001_MR14,193.4,-10.1,True,
5481_Kiuchi,219.5,-13.7,True,
5482_Korankei,252.5,67.8,True,
54839_2001_NQ21,253.4,67.8,True,
5484_Inoda,316.6,64.2,True,
54855_2001_OA21,222.5,79.1,True,
5486_1991_UT2,278.1,79.4,True,
5487_1991_UM4,137.2,57.4,True,
54884_2001_OW58,202.9,-34.2,True,
54900_2001_OL74,93.0,-38.3,True,
54903_2001_OV77,226.2,80.7,True,
54908_2001_OY80,158.1,31.5,True,
54939_2001_OP107,99.8,-83.2,True,
5493_Spitzweg,281.0,85.4,True,
54947_2001_PM3,233.4,80.8,True,
5494_Johanmohr,252.7,-52.5,True,
54959_2001_PS8,212.6,-2.5,True,
5495_Rumyantsev,339.4,-5.3,True,
54972_2001_PY42,177.3,69.7,True,
55011_2001_QV29,166.5,-52.0,True,
55018_2001_QH33,66.7,-6.5,True,
55022_2001_QQ38,192.4,-38.3,True,
55023_2001_QV38,201.8,-5.9,True,
550388_2012_FQ77,276.5,-21.0,True,
5505_Rundetaarn,224.5,45.6,True,
55061_2001_QK74,100.6,21.8,True,
55064_2001_QP80,349.7,-39.8,True,
5506_Artiglio,220.6,1.3,True,
55073_2001_QY92,69.1,82.8,True,
5509_Rennsteig,127.5,26.2,True,
550_Senta,195.9,52.0,True,
55102_2001_QX137,295.0,-80.6,True,
5510_1988_RF7,201.5,54.9,True,
55113_2001_QD158,114.6,53.2,True,
55124_2001_QU170,138.3,28.7,True,
55125_2001_QD173,51.7,-49.8,True,
5513_Yukio,188.8,84.4,True,
55143_2001_QS195,205.3,59.8,True,
55147_2001_QT199,66.5,21.7,True,
5514_Karelraska,244.9,36.6,True,
5515_Naderi,115.1,-21.4,True,
5516_Jawilliamson,100.0,81.4,True,
55172_2001_QY257,23.8,-78.2,True,
5517_Johnerogers,161.3,55.7,True,
55182_2001_QB282,320.8,15.3,True,
55191_2001_QG297,64.3,64.9,True,
55195_2001_RC13,224.7,-55.7,True,
5519_Lellouch,303.8,50.6,True,
551_Ortrud,106.9,67.5,True,
55208_2001_RJ35,68.3,-21.9,True,
55213_2001_RC49,306.3,72.3,True,
55218_2001_RW60,284.9,67.5,True,
5521_Morpurgo,232.5,47.5,True,
55220_2001_RE63,178.4,-78.0,True,
55228_2001_RR72,152.7,-11.3,True,
55232_2001_RR74,257.1,-52.1,True,
55234_2001_RC75,274.5,75.6,True,
552372_2013_XV21,92.8,65.1,True,
5523_Luminet,175.8,74.6,True,
5524_Lecacheux,167.8,-21.2,True,
5525_1991_TS4,152.2,17.0,True,
55272_2001_RG155,261.7,23.2,True,
55279_2001_SX17,100.1,22.0,True,
55283_2001_SN20,230.9,-28.0,True,
55288_2001_SZ30,198.9,23.2,True,
5528_1992_AJ,177.5,67.2,True,
55314_2001_SC64,292.2,52.3,True,
55328_2001_SJ110,97.6,-38.3,True,
55378_2001_SA255,96.7,-23.3,True,
55392_2001_SA280,216.3,57.8,True,
55397_Hackman,324.2,-1.3,True,
55398_2001_SX289,249.7,22.1,True,
553_Kundry,19.1,82.5,True,
55401_2001_SX316,205.9,76.6,True,
554141_2012_PF35,203.1,-78.0,True,
55414_2001_TM9,262.6,53.1,True,
55420_2001_TV20,282.2,61.6,True,
55422_2001_TW30,125.7,-19.4,True,
5542_Moffatt,242.9,63.9,True,
55451_2001_TM123,1.6,-67.1,True,
55453_2001_TZ127,303.9,71.8,True,
5545_Makarov,262.8,-85.9,True,
55465_2001_TS167,224.4,48.3,True,
55484_2001_UC24,296.1,63.1,True,
5549_Bobstefanik,79.9,-52.1,True,
554_Peraga,198.0,65.4,True,
55526_2001_VV58,71.5,-7.8,True,
55567_2002_CS6,293.2,46.3,True,
55578_2002_GK105,120.4,10.0,True,
55582_2002_PM42,145.5,-68.9,True,
55592_2002_PY128,235.4,-8.8,True,
5559_Beategordon,207.7,54.9,True,
555_Norma,78.3,66.5,True,
5561_Iguchi,251.6,37.4,True,
55622_2002_TY143,310.5,-12.8,True,
55651_4043_P_L,85.4,36.5,True,
5567_Durisen,87.2,-8.6,True,
55681_1143_T_2,64.2,-36.4,True,
5570_Kirsan,262.7,-52.0,True,
5572_Bliskunov,79.4,52.5,True,
55736_1987_QC1,251.1,66.1,True,
55744_1990_RL7,55.8,39.6,True,
55771_1992_PD1,98.8,-23.2,True,
5578_Takakura,236.0,-40.7,True,
5580_Sharidake,344.2,-62.2,True,
55815_Melindakim,188.0,53.4,True,
5582_1989_CU8,107.8,-52.5,True,
5583_Braunerova,130.6,-18.2,True,
55848_1996_SF6,140.5,0.1,True,
5584_Izenberg,138.3,-16.1,True,
55854_Stoppani,97.8,51.4,True,
5585_Parks,330.4,25.0,True,
55866_Javiersierra,62.6,53.4,True,
55895_1998_AP,183.0,32.8,True,
55897_Antoinecailleau,205.8,54.8,True,
55921_1998_FK50,115.3,-79.5,True,
55923_1998_FD55,97.9,-38.3,True,
55925_1998_FY57,68.6,52.1,True,
55927_1998_FN60,99.5,6.9,True,
5592_Oshima,255.0,67.0,True,
55937_1998_FN105,26.8,71.9,True,
55942_1998_HJ12,93.2,-67.7,True,
5594_Jimmiller,73.5,80.8,True,
55954_1998_HX68,324.0,27.7,True,
55956_1998_HO100,199.6,77.6,True,
55965_1998_KN14,145.4,-79.3,True,
55973_1998_QA49,322.9,-80.0,True,
5598_Carlmurray,233.4,49.4,True,
56005_1998_SK169,111.2,-37.1,True,
56006_1998_TJ13,136.0,73.9,True,
56016_1998_UO36,104.2,-37.7,True,
5603_Rausudake,159.6,53.6,True,
56063_1998_XM93,266.8,8.4,True,
5607_1993_EN,83.1,65.9,True,
56086_1999_AA21,255.5,51.2,True,
56088_Wuheng,337.4,9.5,True,
5608_Olmos,214.6,86.2,True,
56095_Buniatishvili,258.6,68.2,True,
5610_Balster,271.6,-36.5,True,
56112_1999_CK5,30.4,64.7,True,
56116_1999_CZ7,76.5,-65.0,True,
56117_1999_CC9,36.0,-77.2,True,
56136_1999_CK55,290.5,22.1,True,
56142_1999_CZ77,127.1,83.7,True,
56143_1999_CO82,320.0,47.2,True,
56144_1999_CB83,99.2,-8.2,True,
5614_Yakovlev,244.7,67.2,True,
5615_Iskander,132.8,72.9,True,
56175_1999_FY24,345.0,-57.2,True,
5617_Emelyanenko,118.7,51.9,True,
561_Ingwelde,263.2,-87.6,True,
56218_1999_HP4,75.3,64.7,True,
56228_1999_JX24,291.9,64.1,True,
56239_1999_JO46,123.3,73.5,True,
5623_Iwamori,114.2,-82.9,True,
56241_1999_JU53,167.3,-71.7,True,
56249_1999_JS74,59.0,-80.3,True,
5624_Shirley,237.3,-79.1,True,
5625_Jamesferguson,212.1,13.0,True,
56263_1999_JF95,145.9,33.2,True,
56264_1999_JV95,185.4,-79.7,True,
56271_1999_JK102,168.2,-71.8,True,
56274_1999_JM104,284.6,52.8,True,
56278_1999_KB,135.4,-81.4,True,
56287_1999_LM10,72.3,-8.4,True,
56292_1999_NK40,239.3,-8.8,True,
56293_1999_NH44,106.7,-67.9,True,
5630_Billschaefer,122.9,55.5,True,
56326_1999_VV203,207.5,66.8,True,
56330_1999_XS12,164.8,41.5,True,
56337_1999_XG136,238.7,80.5,True,
5635_Cole,223.2,47.8,True,
56361_Marcomontagni,85.6,-53.3,True,
56371_2000_EC15,100.9,-23.1,True,
56385_2000_EN48,149.0,60.4,True,
56386_2000_EG54,148.0,-28.4,True,
56388_2000_EN69,136.4,-59.7,True,
56411_2000_FE35,210.4,-18.1,True,
56424_2000_GG5,198.4,54.7,True,
56436_2000_GZ46,132.0,71.2,True,
56458_2000_GA96,116.3,69.2,True,
5645_1990_SP,304.5,61.7,True,
56460_2000_GE96,139.6,42.9,True,
5649_Donnashirley,301.9,-82.5,True,
564_Dudu,170.6,-63.3,True,
56517_2000_HU20,99.7,37.1,True,
56521_2000_HE22,56.5,40.0,True,
5652_Amphimachus,133.3,-61.6,True,
56552_2000_HL78,268.9,53.0,True,
5655_Barney,101.9,64.0,True,
56573_2000_JD24,42.8,-79.8,True,
56578_2000_JJ26,141.2,69.0,True,
5657_Groombridge,299.8,66.6,True,
56589_2000_JH33,328.0,79.7,True,
56604_2000_JN56,265.9,53.1,True,
56606_2000_JF58,201.4,23.9,True,
5662_Wendycalvin,237.5,50.1,True,
566359_2017_ST114,98.8,21.7,True,
56637_2000_KG14,113.6,-21.7,True,
56640_2000_KZ19,116.7,23.5,True,
56650_2000_KE42,114.8,-79.2,True,
56652_2000_KJ48,93.4,-53.2,True,
56653_2000_KS48,265.6,79.3,True,
5665_Begemann,165.6,-71.8,True,
56674_2000_KS77,261.4,-50.5,True,
56678_Alicewessen,46.2,-17.4,True,
56689_2000_LD14,180.2,79.4,True,
56693_2000_LY20,180.2,62.3,True,
566_Stereoskopia,260.5,-21.5,True,
5670_Rosstaylor,212.4,13.1,True,
56713_2000_MC3,97.6,-82.2,True,
56716_2000_MZ3,159.1,22.7,True,
56729_2000_NM14,207.8,-80.0,True,
56735_2000_NB18,131.2,-62.5,True,
56742_2000_NB25,76.2,-22.8,True,
56746_2000_OO2,73.9,69.8,True,
56748_2000_OF4,101.8,7.1,True,
56753_2000_OG6,138.1,29.1,True,
56776_2000_OQ38,136.8,-16.5,True,
56778_2000_OM39,112.9,38.4,True,
5677_Aberdonia,159.3,67.4,True,
568090_2003_QK88,104.5,66.3,True,
56811_2000_PG19,95.5,-53.3,True,
56820_2000_QK8,89.4,-52.5,True,
56827_2000_QB28,82.3,67.8,True,
56830_2000_QT29,227.1,-77.7,True,
56855_2000_QJ73,128.7,64.9,True,
56857_2000_QS75,39.9,-15.6,True,
56862_2000_QS90,77.6,37.2,True,
56876_2000_QN111,70.9,22.6,True,
56879_2000_QW118,85.0,67.3,True,
5687_Yamamotoshinobu,204.2,-57.1,True,
56885_2000_QP127,303.0,-23.2,True,
568_Cheruskia,317.7,2.2,True,
56901_2000_QR162,43.7,-81.3,True,
56915_2000_QW206,284.5,37.3,True,
56920_2000_RA1,314.2,-70.9,True,
56923_2000_RB19,72.6,-7.4,True,
56929_2000_RY27,58.3,9.3,True,
56934_2000_RE41,131.7,-3.6,True,
56938_2000_RO65,199.4,71.4,True,
569494_2005_US65,230.7,-78.0,True,
56950_2000_SA2,94.1,21.3,True,
56952_2000_SU3,211.2,-74.8,True,
56954_2000_SF7,125.3,79.4,True,
56955_2000_ST14,66.0,-7.3,True,
56969_2000_SW106,66.4,-21.7,True,
56979_2000_SB175,287.2,8.3,True,
5697_Arrhenius,48.1,-49.0,True,
56980_2000_SS177,298.0,34.9,True,
56990_2000_SZ242,117.2,70.7,True,
56_Melete,169.5,-4.5,True,
5700_Homerus,215.6,-17.4,True,
57015_2000_TH40,327.8,13.0,True,
57016_2000_TY41,105.2,-66.7,True,
5701_Baltuck,227.7,59.3,True,
57020_2000_TX58,54.8,38.9,True,
57023_2000_UH10,151.6,-79.2,True,
5702_Morando,128.5,-72.6,True,
57030_2000_UW102,135.4,42.4,True,
57036_2000_WV182,244.0,78.0,True,
57038_2001_AX39,231.6,81.0,True,
5703_Hevelius,343.7,6.9,True,
57041_2001_EN12,109.1,38.5,True,
57043_2001_FS13,93.7,51.7,True,
57050_2001_LF11,97.8,-52.0,True,
5706_Finkelstein,150.1,48.2,True,
570_Kythera,33.1,81.0,True,
5712_Funke,127.7,77.6,True,
5714_Krasinsky,106.9,-52.6,True,
57192_2001_QO33,205.5,58.2,True,
5720_Halweaver,187.6,3.3,True,
5722_Johnscherrer,263.5,82.4,True,
57230_2001_QK77,128.0,76.8,True,
5723_Hudson,232.6,-11.5,True,
57290_2001_QM169,177.1,69.4,True,
572_Rebekka,229.5,-44.4,True,
5734_Noguchi,135.2,62.4,True,
57350_2001_QU285,257.9,-50.1,True,
57353_2001_QM288,315.5,-26.0,True,
57356_2001_QG293,197.6,-8.2,True,
57359_Robcrawford,120.0,-66.7,True,
5735_Loripaul,74.0,-84.1,True,
573660_2009_NL2,194.0,-79.8,True,
5737_Itoh,78.4,-67.9,True,
573_Recha,283.1,79.3,True,
57410_2001_RD126,193.1,-77.3,True,
57412_2001_RP150,198.5,-39.6,True,
57413_2001_SE,85.2,-68.4,True,
574617_2010_TK11,79.4,-23.1,True,
57481_2001_ST153,64.9,53.0,True,
5749_Urduja,236.9,35.3,True,
5752_1992_CJ,218.4,-0.4,True,
57537_2001_TQ13,166.5,-75.3,True,
5753_Yoshidatadahiko,307.1,79.9,True,
5754_1992_FR2,208.6,57.2,True,
57552_2001_TM31,67.3,-21.8,True,
575537_2011_UW82,52.9,-65.0,True,
57557_2001_TH39,88.0,-81.8,True,
57572_2001_TY63,200.4,53.7,True,
5757_Ticha,299.3,51.3,True,
57605_2001_TA106,156.9,-76.3,True,
57612_2001_TY116,158.6,-77.2,True,
57633_2001_TJ182,137.4,-16.4,True,
5763_Williamtobin,104.3,22.2,True,
57655_2001_TU228,268.7,-35.3,True,
57657_2001_TF230,198.5,-36.2,True,
57661_2001_UQ12,105.8,7.0,True,
57662_2001_UJ13,150.8,-58.8,True,
5766_Carmelofalco,94.8,-53.2,True,
57688_2001_UH73,167.7,-74.5,True,
5768_Pittich,269.9,51.9,True,
576_Emanuela,268.6,-6.4,True,
5771_Somerville,207.0,55.2,True,
577387_2013_CG229,98.0,-23.2,True,
5773_Hopper,232.2,-10.4,True,
57745_2001_UT170,85.6,-23.4,True,
57756_2001_VQ16,79.9,20.7,True,
5779_Schupmann,340.7,76.6,True,
577_Rhea,142.8,-14.7,True,
5780_Lafontaine,273.9,23.4,True,
57820_2001_WQ40,140.4,77.5,True,
5782_Akirafujiwara,182.6,46.6,True,
57832_2001_XL18,83.2,-38.0,True,
57833_2001_XD26,13.5,59.3,True,
57836_2001_XL39,87.4,-66.6,True,
57837_2001_XZ39,88.5,-77.2,True,
5784_Yoron,244.6,-39.9,True,
5787_1992_FA1,240.3,-40.3,True,
57887_2002_AR201,92.7,-53.4,True,
57905_2002_EO30,79.9,36.1,True,
579257_2014_PQ47,91.3,-38.4,True,
5794_Irmina,203.2,-73.6,True,
57950_2002_JV72,123.1,-79.2,True,
57968_2002_LQ52,224.5,-12.8,True,
5796_Klemm,85.4,81.6,True,
57989_2002_RU32,148.0,-75.2,True,
57993_2002_RX56,149.4,63.0,True,
579_Sidonia,218.3,-41.9,True,
58000_2002_TC103,239.4,48.9,True,
58007_2002_TL234,122.7,79.1,True,
5800_Pollock,210.2,27.3,True,
58010_2002_TB266,231.7,47.7,True,
58023_2002_VR40,178.1,-50.1,True,
58026_2002_VS55,57.9,54.3,True,
5806_Archieroy,247.9,52.2,True,
580_Selene,188.6,64.6,True,
58110_1980_UF1,130.7,-59.6,True,
58112_1981_EC3,129.0,66.5,True,
58141_1981_UW22,176.5,29.5,True,
58143_1983_VD7,208.3,-42.1,True,
5815_Shinsengumi,45.6,-43.2,True,
58196_Ashleyess,273.7,-6.1,True,
5819_Lauretta,101.4,-38.1,True,
581_Tauntonia,214.4,28.2,True,
5820_Babelsberg,261.8,8.3,True,
58214_Amorim,75.3,-66.6,True,
58222_1993_FA18,222.2,16.2,True,
5823_Oryo,178.2,-0.8,True,
58247_1993_PH3,89.3,51.5,True,
58255_1993_RS5,85.0,67.1,True,
5826_Bradstreet,220.4,46.1,True,
58299_1994_PH3,75.8,-37.9,True,
5829_Ishidagoro,297.4,21.1,True,
5831_Dizzy,330.8,43.3,True,
58321_1994_PQ38,77.9,-53.0,True,
5833_Peterson,190.8,74.8,True,
58340_1994_YO1,116.2,65.5,True,
58359_1995_KP4,104.8,21.8,True,
5840_Raybrown,262.5,8.3,True,
58420_1996_BU4,145.8,-59.5,True,
58423_1996_BW11,37.3,41.2,True,
58427_1996_EV7,56.3,68.6,True,
58430_1996_FZ1,113.1,-6.8,True,
584344_2016_XX21,344.2,6.7,True,
5845_Davidbrewster,45.7,-64.5,True,
584667_2017_PD31,122.8,10.4,True,
58471_1996_RS3,66.8,67.5,True,
5849_Bhanji,114.1,-49.5,True,
58500_1996_VU1,310.0,-83.9,True,
58521_1997_AC8,156.7,-62.6,True,
58524_1997_BE1,90.9,21.6,True,
5852_Nanette,173.3,-65.3,True,
58581_1997_SB3,116.2,8.6,True,
5858_Borovitskia,204.4,76.8,True,
58592_1997_SB35,164.0,80.9,True,
585_Bilkis,54.6,-34.8,True,
58603_1997_TM25,169.1,79.1,True,
58636_1997_WQ13,97.6,-23.3,True,
5864_Montgolfier,145.4,82.2,True,
586704_2004_RH143,159.8,75.0,True,
5867_1988_RE,226.1,-69.0,True,
586811_2004_UE6,149.2,-76.3,True,
586841_2004_XW102,99.3,-8.2,True,
58686_1998_BB1,111.2,6.5,True,
586_Thekla,159.1,86.1,True,
5870_Baltimore,355.1,64.1,True,
58715_1998_DK3,87.5,-8.4,True,
5871_Bobbell,234.0,-23.2,True,
58751_1998_FZ11,130.1,-49.1,True,
58754_1998_FT12,199.5,8.2,True,
58760_1998_FB21,252.2,-80.9,True,
587694_2006_SG59,148.7,58.5,True,
5876_1990_DM2,220.6,60.8,True,
58771_1998_FP49,202.3,71.9,True,
5877_Toshimaihara,181.0,31.7,True,
58783_1998_FN74,261.4,-81.6,True,
58784_1998_FJ75,108.5,-37.5,True,
58787_1998_FW78,149.0,-58.0,True,
58791_1998_FH82,322.7,14.7,True,
58795_1998_FE87,57.6,80.0,True,
58798_1998_FU100,104.4,-37.2,True,
58801_1998_FP105,78.6,-81.3,True,
5880_1992_MA,179.2,-76.1,True,
5881_Akashi,115.1,69.5,True,
58833_1998_HM33,75.0,21.3,True,
58835_1998_HG39,118.9,-35.9,True,
58837_1998_HQ46,264.3,-84.1,True,
58841_1998_HT54,72.0,35.9,True,
5884_Dolezal,265.6,-51.7,True,
58854_1998_HV87,172.5,12.5,True,
58859_1998_HD98,69.1,21.5,True,
588771_2008_TQ91,108.1,-22.4,True,
58887_1998_HD144,206.9,42.2,True,
5888_Ruders,157.7,-80.1,True,
58905_1998_KE11,59.8,54.6,True,
5892_Milesdavis,60.8,9.2,True,
58938_1998_QJ18,57.0,64.7,True,
58939_1998_QY20,113.2,-51.4,True,
58948_1998_QT54,218.1,-64.3,True,
58952_1998_QO74,215.1,29.6,True,
58969_1998_RO6,150.4,78.1,True,
58974_1998_RP22,147.3,32.0,True,
5897_Novotna,50.3,-81.7,True,
589_Croatia,235.7,-42.3,True,
590070_2011_FN55,35.9,0.0,True,
5900_Jensen,231.4,-26.5,True,
59028_1998_SV117,289.9,-81.4,True,
59046_1998_TW17,215.7,-45.0,True,
59049_1998_TC31,117.7,-6.9,True,
5904_Wurttemberg,209.3,84.2,True,
59065_1998_UB43,132.6,-47.0,True,
59083_1998_VZ25,152.0,48.0,True,
59084_1998_VD26,148.7,60.2,True,
59092_1998_VT42,132.8,-64.1,True,
59096_1998_WT3,128.7,-3.3,True,
59098_1998_WN7,1.9,72.9,True,
59115_1998_XG3,165.7,80.2,True,
59123_1998_XN16,310.6,-74.1,True,
59129_1998_XC27,157.4,34.1,True,
59133_1998_XM41,115.8,24.2,True,
59148_1998_XB78,51.6,-18.8,True,
59150_1998_XV90,201.7,40.3,True,
591565_2013_XJ19,114.6,-67.1,True,
5916_van_der_Woude,211.4,28.3,True,
59171_1999_AP2,61.7,-20.9,True,
591875_2014_GJ44,15.3,-6.5,True,
5918_1991_NV3,170.2,56.6,True,
5920_Davidbell,226.7,-38.0,True,
5921_1992_UL,100.9,21.7,True,
59239_Alhazen,79.4,-23.1,True,
5923_Liedeke,166.1,-52.3,True,
5924_Teruo,148.3,-28.3,True,
5925_1994_CP1,128.5,-65.3,True,
59283_1999_CF50,97.1,51.6,True,
5928_Pindarus,157.4,-77.6,True,
59297_1999_CD66,241.2,-24.5,True,
592_Bathseba,305.2,66.1,True,
59306_1999_CN79,265.2,-82.4,True,
59309_1999_CY84,156.1,-73.1,True,
59313_1999_CF88,210.9,74.8,True,
5931_Zhvanetskij,253.6,52.4,True,
5932_Prutkov,170.6,11.2,True,
5933_Kemurdzhian,182.1,-44.0,True,
59346_1999_CC137,109.3,23.0,True,
5934_Mats,79.6,83.9,True,
5935_Ostankino,139.2,-0.2,True,
59360_1999_DY1,268.7,-87.0,True,
59385_1999_FH15,154.3,46.5,True,
59390_Habermas,96.8,-67.5,True,
59417_Giocasilli,52.0,-34.3,True,
59419_Presov,95.1,36.5,True,
59441_1999_GZ29,137.6,-77.2,True,
5945_Roachapproach,192.5,48.2,True,
59462_1999_GQ45,280.7,-82.8,True,
59467_1999_GQ57,44.3,-64.4,True,
59472_1999_HX,336.7,57.9,True,
59487_1999_JZ1,221.1,-81.6,True,
59498_1999_JG8,155.0,-26.5,True,
59515_1999_JP15,44.6,-64.0,True,
59517_1999_JA16,175.3,-59.2,True,
59525_1999_JE23,301.1,-47.1,True,
59533_1999_JT26,133.7,27.8,True,
59537_1999_JQ29,157.5,62.3,True,
59544_1999_JH32,128.9,58.1,True,
59545_1999_JZ32,155.4,-40.4,True,
5955_Khromchenko,220.8,57.8,True,
59573_1999_JK49,159.3,69.1,True,
5957_Irina,77.7,67.4,True,
59584_1999_JT55,94.3,-23.4,True,
59611_1999_JY67,80.1,-52.8,True,
59627_1999_JH76,273.9,23.4,True,
59633_1999_JC78,148.7,18.5,True,
59637_1999_JF82,79.8,69.5,True,
59645_1999_JH89,320.0,-0.0,True,
59665_1999_JF97,207.2,-36.2,True,
59671_1999_JW99,288.4,-82.2,True,
59678_1999_JM101,24.4,-59.2,True,
59679_1999_JM102,109.5,22.9,True,
5968_Trauger,116.6,55.1,True,
59716_1999_JP131,169.1,-18.9,True,
59739_1999_LP8,31.9,44.9,True,
59755_1999_LY32,233.4,47.5,True,
59771_1999_NX17,88.3,66.4,True,
59773_1999_NZ21,142.5,14.9,True,
59779_1999_NU40,73.8,-37.5,True,
59788_1999_ND56,144.0,0.8,True,
59793_Clapies,219.9,-75.9,True,
5979_1992_XF,351.8,-39.0,True,
59817_1999_RC21,93.5,51.4,True,
5981_Kresilas,241.5,-23.0,True,
59824_1999_RQ27,317.2,-25.6,True,
59827_1999_RF32,280.7,-37.1,True,
5982_Polykletus,263.2,-51.9,True,
5983_Praxiteles,254.4,51.1,True,
59840_1999_RD49,265.8,-82.6,True,
59843_1999_RD59,221.6,-84.4,True,
59847_1999_RT71,83.8,-80.0,True,
59852_1999_RN82,217.6,-14.0,True,
59857_1999_RF93,181.3,58.5,True,
59859_1999_RM94,258.5,-50.8,True,
59862_1999_RT97,110.6,-52.2,True,
5986_Xenophon,204.7,58.0,True,
59870_1999_RH109,146.7,-28.6,True,
59871_1999_RL111,111.7,36.9,True,
5987_Liviogratton,256.2,-83.7,True,
5988_Gorodnitskij,92.6,66.5,True,
59900_1999_RH143,97.7,-8.2,True,
59909_1999_RK155,106.1,-50.9,True,
59913_1999_RB157,113.6,36.9,True,
59915_1999_RF159,72.8,-51.6,True,
59917_1999_RC161,108.9,-22.3,True,
59930_1999_RE176,224.0,-12.1,True,
59937_1999_RH189,85.7,66.9,True,
59948_1999_RX213,80.0,21.3,True,
59955_1999_RX226,162.7,-61.9,True,
59960_1999_RY233,21.6,6.5,True,
59982_1999_SF9,213.9,28.6,True,
59985_1999_SN11,137.5,28.9,True,
59990_1999_SA17,97.0,-82.5,True,
59999_1999_TP3,201.1,-4.6,True,
5999_Plescia,126.6,27.5,True,
60008_Jarda,152.2,-26.6,True,
6000_United_Nations,170.5,-68.3,True,
60014_1999_TW27,70.1,-83.1,True,
6001_Thales,231.9,64.0,True,
60036_1999_TD94,262.8,-82.8,True,
60037_1999_TH94,68.4,-7.1,True,
6003_1988_VO1,212.5,-2.3,True,
60045_1999_TD104,243.7,21.2,True,
60057_1999_TZ117,119.8,-6.3,True,
6005_1989_BD,356.9,-64.1,True,
60078_1999_TS146,102.5,-22.9,True,
60079_1999_TB147,134.1,-64.6,True,
60099_1999_TW173,100.5,67.6,True,
600_Musa,220.4,46.6,True,
60107_1999_TY201,246.8,67.2,True,
60111_1999_TL213,44.1,40.2,True,
60114_1999_TD222,329.4,-77.7,True,
60116_1999_TW222,156.6,38.1,True,
60123_1999_TU240,100.0,-67.7,True,
6013_Andanike,140.2,-0.8,True,
60143_1999_TV292,175.6,74.4,True,
60147_1999_TC320,88.5,51.6,True,
6014_Chribrenmark,239.8,-10.0,True,
60175_1999_VQ1,100.2,-23.1,True,
60182_1999_VS10,179.7,86.5,True,
60187_1999_VL23,276.6,9.7,True,
60194_1999_VU43,108.8,-67.6,True,
60199_1999_VF56,126.6,26.2,True,
60202_1999_VU58,109.6,-7.7,True,
60215_1999_VQ81,206.1,10.8,True,
6021_1991_TM,104.0,7.3,True,
60256_1999_WB20,120.6,-35.8,True,
60258_1999_XL4,147.5,-44.3,True,
6025_Naotosato,68.9,39.0,True,
60260_1999_XO6,158.0,19.3,True,
6026_Xenophanes,99.9,81.4,True,
60288_1999_XW114,198.3,56.0,True,
6028_1994_ER1,201.3,64.5,True,
602_Marianna,255.3,63.8,True,
60302_1999_XM180,171.7,68.5,True,
60303_1999_XW184,173.6,-42.4,True,
60329_2000_AL11,78.2,-23.0,True,
6032_Nobel,139.4,30.8,True,
60337_2000_AF51,222.8,79.5,True,
60359_2000_AJ100,156.6,71.6,True,
60362_2000_AU103,44.9,10.3,True,
60368_2000_AQ119,287.1,7.4,True,
60374_2000_AY144,85.5,68.5,True,
60383_2000_AR184,155.8,60.5,True,
60395_2000_AJ237,51.7,71.5,True,
6039_Parmenides,254.4,-82.7,True,
60412_2000_CT22,276.2,-21.6,True,
604136_2015_LD11,101.9,-62.9,True,
60415_2000_CP24,140.4,82.3,True,
6041_Juterkilian,309.2,-85.1,True,
60429_2000_CJ52,132.7,58.0,True,
60440_2000_CY82,254.5,37.4,True,
60442_2000_CQ83,260.8,77.6,True,
6045_1991_RG9,148.3,48.1,True,
60476_2000_DV36,146.2,-79.5,True,
6048_1991_UC1,212.5,-18.1,True,
6049_Toda,189.0,50.4,True,
604_Tekmessa,231.8,-81.5,True,
605185_2016_EV8,78.8,-80.7,True,
6052_Junichi,276.0,8.4,True,
60573_2000_ED118,246.6,21.7,True,
60589_2000_EU139,112.8,-36.7,True,
60590_2000_EE140,202.8,-5.6,True,
605952_2017_BO4,139.2,-0.2,True,
60606_2000_EC171,253.5,8.3,True,
6060_Doudleby,209.3,59.9,True,
60616_2000_FH1,278.6,23.2,True,
60657_2000_FT47,97.5,-8.4,True,
60658_2000_FG48,206.2,-34.6,True,
60669_Georgpick,205.3,-19.2,True,
60704_2000_GK55,114.4,-51.9,True,
6070_Rheinland,258.6,67.3,True,
6071_Sakitama,230.1,-82.0,True,
60727_2000_GO75,152.5,77.5,True,
6072_Hooghoudt,224.8,81.5,True,
6073_Tahtiseuraursa,341.2,74.5,True,
60745_2000_GQ93,166.4,-70.1,True,
6074_Bechtereva,239.9,66.0,True,
60751_2000_GU98,333.4,59.0,True,
60766_2000_GU124,258.8,-37.3,True,
6076_Plavec,87.1,50.9,True,
60793_2000_HQ7,355.1,74.2,True,
6079_Gerokurat,254.6,52.2,True,
6083_Janeirabloom,267.1,-83.5,True,
60847_2000_HC64,225.5,81.5,True,
60852_2000_HU65,44.2,-44.7,True,
60866_2000_HM79,229.6,77.3,True,
60867_2000_HD81,60.4,-51.0,True,
60880_2000_HG90,283.6,-84.7,True,
60888_2000_JA14,97.5,6.8,True,
60889_2000_JC15,131.3,78.9,True,
6088_Hoshigakubo,151.8,49.8,True,
60898_2000_JQ25,275.1,85.8,True,
60901_2000_JX26,213.8,-79.7,True,
60905_2000_JP29,163.5,64.7,True,
6091_Mitsuru,174.8,-42.7,True,
60928_2000_JR45,84.9,-53.4,True,
6092_Johnmason,215.2,14.0,True,
60930_2000_JX46,101.9,-38.0,True,
60933_2000_JK51,196.8,-37.1,True,
6094_Hisako,179.9,68.3,True,
60953_2000_JT62,248.1,-49.2,True,
6096_1991_UB2,182.8,-30.1,True,
609_Fulvia,183.7,32.7,True,
61015_2000_KJ42,56.9,9.7,True,
6101_Tomoki,100.1,-53.0,True,
6103_1993_HV,145.8,-45.6,True,
61057_2000_KD76,127.4,-50.0,True,
6105_Verrocchio,120.8,10.3,True,
61079_2000_LY17,112.0,-7.2,True,
6107_Osterbrock,287.4,-3.9,True,
61095_2000_LP28,212.8,59.2,True,
610_Valeska,308.0,76.0,True,
61107_2000_LR31,120.8,10.0,True,
6110_Kazak,229.9,-57.4,True,
61111_2000_LD33,177.6,30.1,True,
61113_2000_LP33,11.3,-74.9,True,
61117_2000_LX34,61.0,9.7,True,
6113_Tsap,112.6,67.0,True,
61149_2000_NU11,91.3,66.7,True,
6115_Martinduncan,200.7,37.2,True,
6116_Still,215.2,-16.1,True,
61177_2000_NJ23,337.2,-80.6,True,
61187_2000_NM27,184.0,63.8,True,
61190_Johnschutt,223.5,73.3,True,
611_Valeria,294.6,-39.5,True,
61210_2000_OU9,47.1,-45.9,True,
61220_2000_OO12,62.5,-51.2,True,
61224_2000_OO13,66.4,71.8,True,
61226_2000_OR13,47.2,-33.2,True,
6123_Aristoteles,227.3,48.7,True,
61245_2000_ON22,93.9,6.6,True,
6124_Mecklenburg,217.3,-32.0,True,
61253_2000_OM24,66.5,54.3,True,
61258_2000_OD26,107.8,22.7,True,
6125_Singto,214.4,44.1,True,
61263_2000_OR28,283.5,-85.5,True,
6126_Hubelmatt,254.8,79.6,True,
61271_2000_OE31,132.7,42.7,True,
61277_2000_OS34,287.6,-82.3,True,
61278_2000_OU34,231.9,3.5,True,
6127_Hetherington,245.0,-23.8,True,
61295_2000_OX44,241.1,36.1,True,
61298_2000_OG46,97.1,36.8,True,
612_Veronika,180.0,68.2,True,
61307_2000_OJ49,64.0,-7.1,True,
61310_2000_OQ50,281.6,-84.8,True,
6131_Towen,169.0,59.7,True,
61320_2000_OZ51,100.9,-68.2,True,
61346_2000_PD8,166.7,51.0,True,
61348_2000_PF8,141.3,15.1,True,
61350_2000_PL9,183.7,-52.7,True,
61359_2000_PW13,91.6,-23.4,True,
61364_2000_PH20,163.6,56.3,True,
6138_Miguelhernandez,130.4,76.3,True,
6139_Naomi,181.5,43.2,True,
613_Ginevra,108.7,22.5,True,
61407_2000_QK10,97.1,-53.3,True,
61419_2000_QM14,85.7,66.5,True,
6142_Tantawi,272.9,-81.7,True,
61454_2000_QE30,88.7,-52.5,True,
61456_2000_QH30,151.3,-26.8,True,
61463_2000_QT31,117.0,53.4,True,
61470_2000_QK35,171.0,66.0,True,
61484_2000_QY41,97.9,36.8,True,
614889_2000_YW100,222.0,-67.9,True,
614_Pia,134.2,70.9,True,
6151_Viget,143.8,60.6,True,
61527_2000_QP61,64.8,-81.6,True,
61531_2000_QR62,300.8,62.2,True,
61542_2000_QH64,65.4,6.9,True,
61549_2000_QJ68,109.3,-76.0,True,
61583_2000_QH83,142.9,-30.0,True,
61591_2000_QS86,243.5,-82.1,True,
615_Roswitha,104.2,-83.2,True,
61626_2000_QA102,68.9,64.4,True,
6163_Reimers,176.8,30.6,True,
61644_2000_QE109,25.8,-79.5,True,
6166_Univsima,270.6,38.2,True,
61671_2000_QH119,348.4,-83.5,True,
61672_2000_QQ120,129.7,-47.7,True,
61676_2000_QM123,111.0,7.7,True,
61677_2000_QC124,109.5,68.2,True,
61708_2000_QF138,264.6,-85.1,True,
61745_2000_QF154,280.2,-84.5,True,
61748_2000_QY155,67.5,79.9,True,
6174_Polybius,160.7,-34.7,True,
61766_2000_QX167,142.7,59.5,True,
61767_2000_QB168,270.5,-20.8,True,
61768_2000_QK168,123.7,-49.5,True,
6176_Horrigan,186.1,33.7,True,
61770_2000_QE170,94.1,-38.0,True,
61771_2000_QJ170,8.7,-87.4,True,
6177_Fecamp,260.6,52.6,True,
61780_2000_QQ175,158.8,5.8,True,
61797_2000_QO183,163.8,65.6,True,
6179_Brett,32.4,-78.7,True,
617_Patroclus,335.3,-17.7,True,
61806_2000_QZ185,67.5,-7.0,True,
6180_Bystritskaya,182.0,73.7,True,
61816_2000_QR190,104.6,68.7,True,
61841_2000_QW199,67.3,-50.6,True,
61882_2000_QA218,116.8,-5.9,True,
61894_2000_QT224,189.1,-52.3,True,
61895_2000_QV224,105.1,37.8,True,
618_Elfriede,176.9,85.2,True,
61907_2000_QK230,89.8,36.1,True,
61914_2000_RK,140.8,-15.3,True,
6191_Eades,171.7,11.2,True,
61945_2000_RO13,102.9,-63.7,True,
61947_2000_RG14,122.9,23.6,True,
61952_2000_RG17,135.1,45.3,True,
61955_2000_RK18,87.6,66.8,True,
61961_2000_RC20,102.5,-37.3,True,
61964_2000_RQ21,58.3,10.4,True,
6196_Bernardbowen,204.9,-18.0,True,
61974_2000_RC27,90.1,66.5,True,
61975_2000_RJ27,120.6,-6.0,True,
61979_2000_RO28,291.2,-81.7,True,
6197_Taracho,175.2,81.4,True,
6198_Shirakawa,100.4,-68.1,True,
61992_2000_RN33,287.3,22.5,True,
61_Danae,190.1,-7.8,True,
62016_2000_RP42,168.9,67.5,True,
62029_2000_RD55,351.6,-9.8,True,
62030_2000_RK56,93.8,-65.6,True,
62033_2000_RC59,325.2,-85.1,True,
62042_2000_RF65,298.0,-5.3,True,
6204_MacKenzie,259.3,-83.6,True,
62050_2000_RM67,179.4,73.3,True,
6205_Menottigalli,188.5,19.7,True,
62070_2000_RC77,86.5,35.1,True,
62072_2000_RD78,136.3,-16.7,True,
620_Drakonia,263.4,66.8,True,
62108_2000_RS97,263.6,73.6,True,
62112_2000_RM99,260.6,-52.3,True,
62116_2000_RC101,176.0,66.6,True,
62120_2000_RL102,47.4,-87.8,True,
62124_2000_RP103,171.7,44.2,True,
6212_Franzthaler,99.9,-77.9,True,
62139_2000_SB12,143.9,-14.3,True,
62157_2000_SH24,119.8,55.3,True,
62158_2000_SK25,156.7,-57.9,True,
6215_Mehdia,84.5,66.8,True,
62161_2000_SU25,139.2,67.1,True,
6216_San_Jose,140.3,-73.6,True,
62176_2000_SJ36,142.5,-80.6,True,
62185_2000_SK39,143.2,29.6,True,
62192_2000_SL46,137.1,-16.4,True,
6220_Stepanmakarov,225.3,-63.2,True,
62220_2000_ST66,63.2,24.7,True,
6223_Dahl,106.4,-51.8,True,
62262_2000_SO86,133.0,-64.7,True,
62263_2000_SD87,145.5,33.0,True,
6228_Yonezawa,274.1,67.3,True,
62298_2000_SK116,197.2,-51.3,True,
6229_Tursachan,145.8,63.1,True,
62321_2000_SP123,152.8,62.7,True,
62326_2000_SE124,203.9,-32.7,True,
6232_Zubitskia,278.5,-51.0,True,
62348_2000_SB142,133.2,-57.7,True,
62349_2000_SH142,155.9,-78.0,True,
6234_Sheilawolfman,213.0,55.8,True,
6235_Burney,212.8,43.3,True,
62387_2000_SQ162,115.1,-21.4,True,
62390_2000_SA166,133.7,51.1,True,
62394_2000_SU169,336.1,-84.8,True,
62400_2000_SA171,138.2,76.9,True,
62405_2000_SR175,118.2,36.6,True,
62413_2000_SE179,114.1,-51.8,True,
6241_Galante,198.6,59.6,True,
62421_2000_SJ184,48.5,-85.0,True,
6242_1990_OJ2,155.3,67.3,True,
62458_2000_SP211,261.1,-84.5,True,
62468_2000_SA214,166.4,-68.0,True,
62470_2000_SH216,319.1,56.7,True,
62473_2000_SZ217,159.8,-23.9,True,
62479_2000_SD220,155.8,5.4,True,
62491_2000_SN224,156.8,63.4,True,
6251_Setsuko,78.9,-67.0,True,
62531_2000_SH254,197.0,22.5,True,
62539_2000_SR259,106.2,22.6,True,
6253_1992_FJ,163.1,54.0,True,
6255_Kuma,228.4,48.4,True,
62579_2000_SA281,164.2,-55.5,True,
6259_Maillol,64.5,65.1,True,
62605_2000_SV320,107.9,-37.4,True,
6260_Kelsey,85.7,66.8,True,
62625_2000_SG351,42.6,-16.4,True,
62627_2000_SH352,122.5,-66.4,True,
62646_2000_SO361,110.1,-52.3,True,
62648_2000_SC363,151.9,4.2,True,
62651_2000_SB364,348.4,-88.1,True,
6265_1985_TW3,57.1,67.1,True,
6270_Kabukuri,333.3,-17.5,True,
62715_2000_TR43,191.6,-85.6,True,
62721_2000_TM50,68.0,35.4,True,
62734_2000_TX60,153.2,-76.2,True,
62753_2000_UM7,103.4,-22.9,True,
62755_2000_UF8,90.4,-67.8,True,
62766_2000_UB15,133.8,-2.9,True,
62768_2000_UT17,268.2,86.7,True,
62772_2000_UY19,119.2,-51.2,True,
6279_1977_UO5,272.9,-83.6,True,
62802_2000_UG37,143.3,46.9,True,
62816_2000_UC44,110.0,-7.0,True,
62827_2000_UX50,182.1,-14.6,True,
62838_2000_UB60,74.5,-37.7,True,
62842_2000_UF63,79.2,-38.1,True,
62855_2000_UE77,144.5,31.7,True,
62858_2000_UT78,82.4,50.7,True,
62860_2000_UJ80,118.2,84.1,True,
6286_1983_EU,55.3,-50.1,True,
62873_2000_UK87,118.7,-35.7,True,
6287_Lenham,110.6,-22.1,True,
62884_2000_UY93,259.2,-81.3,True,
62897_2000_UL103,142.1,-68.4,True,
6289_Lanusei,169.8,82.2,True,
6291_Renzetti,255.3,-20.9,True,
62927_2000_VT14,132.0,44.1,True,
62932_2000_VF18,34.5,-28.1,True,
6293_Oberpfalz,210.4,42.6,True,
62948_2000_VE32,146.8,-28.9,True,
6294_Czerny,190.0,82.8,True,
62953_2000_VR35,156.9,-40.3,True,
6296_Cleveland,186.9,19.1,True,
62978_2000_VW52,135.0,-30.8,True,
6297_1988_VZ1,96.3,-68.3,True,
62982_2000_VW58,339.5,75.1,True,
6298_Sawaoka,206.3,10.9,True,
629_Bernardina,40.0,-1.5,True,
62_Erato,209.8,27.3,True,
63002_2000_WH22,118.7,75.9,True,
63006_2000_WE24,102.0,7.0,True,
63014_2000_WJ39,224.9,-76.7,True,
63016_2000_WE40,211.0,42.1,True,
63034_2000_WV67,254.1,-81.0,True,
6304_Josephus_Flavius,236.8,-25.2,True,
63053_2000_WU99,88.2,-68.1,True,
63060_2000_WD118,124.7,59.2,True,
6306_Nishimura,321.6,-0.6,True,
63072_2000_WP125,186.6,32.1,True,
63074_2000_WU125,103.2,-37.6,True,
63085_2000_WM135,87.9,-23.4,True,
63108_2000_WB154,108.6,-7.5,True,
6310_Jankonke,153.7,36.7,True,
63124_2000_WK174,55.3,64.0,True,
63128_2000_WD182,88.2,-38.2,True,
63135_2000_WX190,297.2,-56.4,True,
63152_2000_XC27,137.7,30.3,True,
63153_2000_XF28,104.3,-52.1,True,
63154_2000_XR37,125.1,-81.8,True,
6317_Dreyfus,249.7,-37.0,True,
6319_Beregovoj,183.3,32.5,True,
631_Philippina,131.3,-3.6,True,
63207_2001_AK6,150.8,66.1,True,
63214_2001_AP20,59.1,-82.0,True,
63224_2001_AQ37,222.7,-76.8,True,
63249_2001_BW35,66.7,65.5,True,
6325_1991_EA1,176.2,67.1,True,
63261_2001_CA2,181.9,-15.1,True,
63263_2001_CC4,204.2,25.8,True,
6326_Idamiyoshi,338.1,76.8,True,
6329_Hikonejyo,234.3,34.2,True,
632_Pyrrha,94.2,-83.0,True,
6332_Vorarlberg,212.7,28.0,True,
63347_2001_FA94,91.7,-52.3,True,
63352_2001_FG129,97.1,68.4,True,
63387_Brazos_Bend,202.3,65.9,True,
63389_Noshiro,69.8,-63.4,True,
6338_Isaosato,178.7,-70.5,True,
63395_2001_JX9,154.3,50.9,True,
63408_2001_KA38,35.8,49.6,True,
63411_2001_KK41,214.0,-33.0,True,
63428_2001_MC1,169.2,-4.6,True,
63437_2001_MY23,272.3,23.4,True,
63442_2001_NO6,330.4,-1.1,True,
63458_2001_OT6,230.1,18.4,True,
6345_Hideo,197.9,22.8,True,
63461_2001_OJ8,40.3,-31.3,True,
63462_2001_OE9,59.4,41.2,True,
6346_Syukumeguri,197.2,38.1,True,
63475_2001_OB32,59.1,40.6,True,
63476_2001_OL37,164.3,-76.3,True,
6347_1995_BM4,187.2,-26.3,True,
63499_2001_ON69,86.5,-8.7,True,
634_Ute,208.7,43.0,True,
63525_2001_PU2,148.2,58.5,True,
63547_2001_PD57,211.7,12.8,True,
635582_2013_WX40,136.2,-32.0,True,
635584_2013_WR61,113.1,-21.7,True,
6355_Univermoscow,133.8,-17.4,True,
63563_2001_QU15,175.1,-65.4,True,
63579_2001_QO29,134.4,41.8,True,
635857_2014_FJ12,113.1,73.0,True,
6359_Dubinin,50.9,-45.8,True,
635_Vundtia,183.0,33.9,True,
63611_2001_QX75,116.2,-51.0,True,
63614_2001_QF77,109.6,49.8,True,
63619_2001_QV78,160.9,72.0,True,
63625_2001_QC80,129.5,-63.6,True,
6362_Tunis,206.5,56.4,True,
63640_2001_QM94,144.7,-60.5,True,
6364_Casarini,269.4,23.4,True,
6365_Nickschneider,301.6,-78.8,True,
63681_2001_QE147,190.6,71.5,True,
63687_2001_QH154,211.8,-1.1,True,
6371_Heinlein,208.5,58.9,True,
63769_2001_QU291,201.8,-64.6,True,
63778_2001_RY1,294.7,-81.2,True,
63789_2001_RD18,115.0,-65.4,True,
6378_1987_SE13,110.4,8.1,True,
63795_2001_RL21,111.9,-21.9,True,
6379_Vrba,241.6,81.3,True,
63801_2001_RM27,84.4,80.9,True,
6380_Gardel,206.2,-4.7,True,
6381_Toyama,263.4,-21.5,True,
63844_2001_RK80,62.1,-6.0,True,
6385_Martindavid,214.7,-29.1,True,
63880_2001_RX142,290.8,-8.3,True,
63883_2001_SO,135.5,-16.9,True,
6389_Ogawa,64.1,87.2,True,
6392_Takashimizuno,141.2,-82.0,True,
63939_2001_SD55,101.4,-53.1,True,
6393_1990_HM1,132.0,44.4,True,
63995_2001_SF110,216.6,-47.8,True,
640291_2000_QC7,85.7,-23.4,True,
6402_Holstein,80.2,87.7,True,
640327_2000_SA377,137.7,13.9,True,
6403_Steverin,126.2,9.2,True,
6405_Komiyama,212.8,43.5,True,
6406_Mikejura,256.2,-7.2,True,
64087_2001_SH285,85.8,-53.4,True,
6408_Saijo,124.5,-19.7,True,
6409_1992_VC,235.4,-81.0,True,
640_Brambilla,174.9,45.2,True,
6410_Fujiwara,257.7,8.3,True,
641305_2003_QA108,86.6,20.4,True,
641329_2003_ST234,139.3,-44.9,True,
64149_2001_TC41,88.7,-53.3,True,
6414_Mizunuma,137.3,-1.4,True,
64150_2001_TF41,152.1,31.5,True,
6415_1993_VR3,147.3,-68.2,True,
6416_Nyukasayama,238.4,82.0,True,
64192_2001_TL70,121.4,-20.3,True,
6419_Susono,198.3,38.0,True,
642314_2005_QS74,57.1,-20.0,True,
6423_Harunasan,138.7,65.1,True,
64254_2001_TX168,162.5,-39.2,True,
6427_1995_FY,267.8,83.0,True,
64280_2001_TC235,214.0,42.2,True,
642_Clara,266.6,-81.6,True,
64309_2001_UM30,222.5,-81.3,True,
64338_2001_UU64,214.5,28.8,True,
6434_Jewitt,116.8,83.3,True,
64358_2001_UR92,105.4,-37.7,True,
6439_Tirol,247.3,6.7,True,
643_Scheherezade,296.9,7.2,True,
64427_2001_VR8,148.0,-60.3,True,
64433_2001_VC15,98.0,-82.8,True,
64472_2001_VE43,177.0,-16.5,True,
6449_Kudara,66.9,-67.4,True,
644_Cosima,238.9,-39.6,True,
6450_Masahikohayashi,182.1,-69.5,True,
64515_2001_VE93,146.1,2.1,True,
64518_2001_VK94,139.8,-63.5,True,
64522_2001_VJ98,65.4,-67.2,True,
64528_2001_VZ105,54.2,-34.6,True,
64543_2001_VK120,204.0,-87.2,True,
645493_2007_TV12,232.7,-77.3,True,
6454_1991_UG1,272.2,-31.7,True,
6455_1992_HE,239.5,-36.1,True,
64572_2001_WA39,71.6,7.2,True,
64577_2001_WQ41,202.7,38.6,True,
64599_2001_XD19,214.5,79.2,True,
645_Agrippina,86.3,-68.2,True,
6461_Adam,261.0,-34.7,True,
64627_2001_XD43,104.8,37.6,True,
6463_Isoda,352.8,17.0,True,
64675_2001_XL67,132.1,-17.8,True,
64688_2001_XC77,82.0,-23.2,True,
646_Kastalia,209.6,66.9,True,
64707_2001_XA91,93.3,51.4,True,
64717_2001_XH100,50.2,-4.5,True,
6474_Choate,98.1,52.1,True,
6475_Refugium,207.8,79.4,True,
6479_Leoconnolly,179.9,69.7,True,
6480_Scarlatti,120.5,-82.2,True,
64821_2001_XJ239,111.5,22.8,True,
6483_Nikolajvasil_ev,63.9,72.7,True,
64853_2001_YO22,206.3,68.9,True,
64882_2001_YQ72,219.8,1.2,True,
6488_Drebach,249.3,-21.5,True,
64899_2001_YJ83,205.9,-32.8,True,
64909_2001_YT90,130.5,79.0,True,
64920_2001_YS101,140.3,-61.5,True,
6493_Cathybennett,228.0,81.4,True,
64941_2001_YJ118,71.9,-52.5,True,
64948_2001_YH124,265.9,52.7,True,
64949_2001_YO124,346.3,-22.4,True,
6495_1992_UB1,176.8,59.4,True,
6496_Kazuko,124.3,-50.4,True,
64979_2002_AZ22,119.9,-20.6,True,
6497_Yamasaki,82.8,67.4,True,
64990_2002_AK54,59.7,-5.9,True,
64995_2002_AV57,68.5,-7.0,True,
6499_Michiko,243.7,-50.1,True,
649_Josefa,99.6,-23.1,True,
64_Angelina,72.8,-83.2,True,
6501_Isonzo,118.0,-21.0,True,
6502_1993_XR1,201.0,8.8,True,
65035_2002_AG116,88.7,-23.4,True,
65054_2002_AF169,153.2,-11.1,True,
65081_2002_BS11,75.9,35.6,True,
65089_2002_BB26,112.1,8.4,True,
65122_2002_CB59,175.4,29.8,True,
65129_2002_CO73,77.9,-80.0,True,
6513_1987_UW1,68.2,-86.8,True,
65141_2002_CL108,68.9,-22.0,True,
6514_Torahiko,198.7,-55.7,True,
651_Antikleia,197.2,77.2,True,
65200_2002_CL294,113.1,-79.1,True,
6520_Sugawa,178.5,61.0,True,
65228_2002_EH58,121.7,-35.6,True,
652329_2013_YF47,142.4,-0.6,True,
65244_Ianwong,73.4,-37.6,True,
65246_2002_EH146,309.1,-85.1,True,
65254_2002_FY26,50.4,-46.0,True,
65257_2002_FU36,129.3,-18.5,True,
65269_2002_GR34,218.1,-79.3,True,
6536_Vysochinska,202.4,-53.6,True,
6538_Muraviov,223.8,-59.2,True,
6539_Nohavica,266.0,-83.5,True,
65409_2002_RM212,161.5,-21.8,True,
65429_2002_TV177,201.5,-39.3,True,
6545_Leitus,193.5,75.3,True,
65477_2003_AX37,65.7,50.1,True,
6549_Skryabin,175.4,46.0,True,
65523_5578_P_L,73.3,-67.9,True,
65535_6773_P_L,185.9,79.3,True,
65546_3256_T_1,144.6,-72.4,True,
65557_1606_T_2,106.1,36.5,True,
655895_2015_SK17,5.4,64.2,True,
65595_2430_T_3,158.9,6.9,True,
6559_Nomura,147.5,67.5,True,
65611_3498_T_3,142.1,-45.7,True,
65632_5177_T_3,90.7,-23.4,True,
65657_Hube,127.1,-65.4,True,
65662_1986_QD1,207.6,76.1,True,
65665_1986_RP5,131.9,-73.3,True,
65676_1989_CC3,210.2,42.7,True,
65684_1990_QY5,114.4,-21.5,True,
65688_Jarnac,219.0,84.9,True,
6569_Ondaatje,24.1,15.7,True,
65700_1991_VW6,50.4,-81.2,True,
6571_Sigmund,78.5,68.5,True,
65722_1993_FY35,264.4,-21.0,True,
65726_1993_FL60,223.9,64.3,True,
65732_1993_OJ10,54.2,42.6,True,
65765_1994_UR1,168.4,-76.1,True,
65769_Mahalia,268.7,61.4,True,
65791_1995_UE45,170.4,-72.4,True,
657_Gunlod,220.8,-28.8,True,
65813_1996_TT5,205.3,55.5,True,
65846_1997_BT2,59.6,81.8,True,
6585_O_Keefe,282.4,67.3,True,
65860_1997_HW7,145.3,60.3,True,
65866_Wynneozrics,235.6,61.5,True,
65870_1997_UK9,153.7,46.5,True,
6588_1985_RC4,203.8,71.9,True,
65941_1998_FU87,145.2,1.1,True,
65942_1998_FL90,156.5,72.9,True,
65944_1998_FZ99,67.6,-67.5,True,
6594_Tasman,193.4,21.6,True,
6596_Bittner,218.3,-56.9,True,
65987_1998_HD152,207.9,-33.6,True,
65991_1998_KL36,44.1,-1.3,True,
65999_1998_ND,61.7,58.6,True,
659_Nestor,137.0,-16.5,True,
66011_1998_QR17,73.8,-52.8,True,
66012_1998_QM23,97.8,51.2,True,
66018_1998_QA31,90.9,81.6,True,
66055_1998_QQ90,95.0,36.0,True,
6605_Carmontelle,250.2,66.7,True,
66062_1998_RG1,94.7,67.2,True,
66064_1998_RW4,97.5,-8.4,True,
66068_1998_RG26,112.2,7.9,True,
6607_Matsushima,175.3,29.1,True,
66085_1998_RG67,152.7,-25.7,True,
660_Crescentia,198.0,40.1,True,
66100_1998_SG17,143.6,61.9,True,
66101_1998_SK22,161.6,-72.6,True,
66109_1998_SB35,142.5,-46.6,True,
66126_1998_SX112,59.8,63.8,True,
6613_Williamcarl,256.1,22.8,True,
66149_1998_TS33,187.0,64.5,True,
66156_1998_UV25,179.0,-14.9,True,
66160_1998_UC38,144.9,47.0,True,
66164_1998_VC8,260.4,23.1,True,
66170_1998_VJ30,200.8,37.5,True,
66172_1998_VX45,143.0,-61.8,True,
66173_1998_VE50,153.1,-26.5,True,
66174_1998_VZ52,39.1,-77.2,True,
66176_1998_WR4,237.8,49.4,True,
66177_1998_WE5,79.0,49.5,True,
66180_1998_WD14,145.9,-72.5,True,
66188_1998_XK79,191.2,-11.0,True,
661941_2005_SE289,94.7,-8.5,True,
6619_Kolya,297.0,48.3,True,
66202_1999_BJ21,250.6,64.0,True,
66223_1999_CE77,58.2,-35.6,True,
66227_1999_CR109,167.2,-48.5,True,
66242_1999_FY17,234.1,66.0,True,
66268_1999_JJ3,153.0,-42.8,True,
66269_1999_JN3,169.0,-4.7,True,
66270_1999_JK4,173.7,13.1,True,
6627_1981_FT,153.0,-26.3,True,
66283_1999_JU13,136.0,43.0,True,
66284_1999_JU15,279.6,79.8,True,
66295_1999_JC29,139.2,-30.1,True,
6629_Kurtz,209.5,-64.8,True,
662_Newtonia,270.8,53.4,True,
66307_1999_JV40,78.5,-82.6,True,
66312_1999_JJ43,147.0,16.4,True,
66332_1999_JE60,152.4,-11.3,True,
66335_1999_JZ61,186.5,-28.5,True,
6633_1986_TR4,180.8,71.6,True,
6634_1987_KB,189.1,51.5,True,
6635_Zuber,138.7,47.0,True,
663819_2007_VC228,131.5,-81.8,True,
66397_1999_KP14,145.7,-44.4,True,
66408_1999_LA35,57.6,69.6,True,
66439_1999_NG55,132.3,-31.3,True,
66443_1999_NW57,87.6,35.8,True,
66448_1999_OY1,198.4,-7.9,True,
66469_1999_RL18,35.0,56.1,True,
66470_1999_RP18,98.1,-23.2,True,
66479_Healy,78.8,6.9,True,
66482_1999_RW37,104.0,52.2,True,
66488_1999_RD44,247.2,48.3,True,
6649_Yokotatakao,258.5,-22.0,True,
66507_1999_RT84,157.5,-70.9,True,
6650_Morimoto,64.6,-35.9,True,
66522_1999_RG102,215.2,45.2,True,
66528_1999_RV105,125.7,-19.4,True,
6652_1991_SJ1,95.0,-38.4,True,
66530_1999_RJ108,202.6,36.7,True,
6653_Feininger,185.0,46.4,True,
66548_1999_RL124,29.4,-38.4,True,
66558_1999_RX134,260.1,75.6,True,
6655_Nagahama,140.1,85.3,True,
66566_1999_RL139,68.6,-79.7,True,
66584_1999_RM161,355.9,71.7,True,
6659_Pietsch,161.2,49.6,True,
66600_1999_RQ184,198.5,-35.4,True,
66609_1999_RW198,122.8,81.1,True,
6660_Matsumoto,355.1,-86.3,True,
66611_1999_RZ198,139.2,15.3,True,
66614_1999_RE200,129.7,78.3,True,
66616_1999_RY200,149.9,33.4,True,
6661_Ikemura,132.5,84.8,True,
66621_1999_RD204,96.2,20.9,True,
66635_1999_RR212,287.1,64.5,True,
66636_1999_RA213,120.2,-49.4,True,
66638_1999_RD218,80.6,6.7,True,
66644_1999_RL231,88.5,-37.1,True,
6664_Tennyo,191.4,-24.1,True,
66660_1999_TH2,57.9,-88.3,True,
66672_1999_TB18,85.2,21.6,True,
66678_1999_TR28,94.1,-53.2,True,
6667_Sannaimura,115.4,72.3,True,
66686_1999_TX37,47.1,-84.6,True,
666_Desdemona,107.0,21.6,True,
66709_1999_TS95,245.7,-80.3,True,
66747_1999_TO139,118.8,66.4,True,
66759_1999_TU185,309.8,59.1,True,
66774_1999_TD220,291.7,-48.6,True,
66782_1999_TT225,107.2,-52.7,True,
6679_Gurzhij,154.2,48.7,True,
667_Denise,308.5,-78.1,True,
66803_1999_TD273,292.6,63.3,True,
66810_1999_UM4,151.7,47.9,True,
6682_Makarij,60.8,-73.3,True,
66834_1999_UT46,90.8,-8.6,True,
66843_Pulido,104.4,-37.7,True,
66848_1999_VX5,157.7,-56.8,True,
66849_1999_VM8,122.4,-50.8,True,
66851_1999_VT9,225.0,-39.6,True,
66862_1999_VL37,157.5,86.0,True,
66864_1999_VD44,156.4,-25.4,True,
66865_1999_VG44,325.2,-76.2,True,
66866_1999_VS45,337.4,-80.5,True,
66867_1999_VN47,40.5,76.7,True,
6686_Hernius,216.2,60.3,True,
66878_1999_VM63,168.2,57.6,True,
66898_1999_VS114,203.2,57.7,True,
668_Dora,133.4,82.9,True,
66921_1999_VY178,89.2,-52.9,True,
66925_1999_VZ190,262.7,52.7,True,
66932_1999_VL213,133.3,-48.8,True,
66936_1999_WD5,174.2,-2.5,True,
66949_1999_XO7,223.4,-38.4,True,
6694_1986_PF,151.9,61.1,True,
66954_1999_XV19,152.0,71.0,True,
6695_Barrettduff,249.9,-35.2,True,
66960_1999_XN36,60.1,64.5,True,
66966_1999_XJ52,65.8,-82.9,True,
66979_1999_XR86,52.5,8.3,True,
66983_1999_XB92,186.6,-12.4,True,
66993_1999_XJ107,149.1,-79.4,True,
66998_1999_XY113,77.7,52.4,True,
67009_1999_XS122,96.7,-53.0,True,
6700_Kubisova,200.7,38.6,True,
67017_1999_XV132,253.2,7.5,True,
6701_Warhol,257.3,-22.3,True,
67024_1999_XS153,219.4,-15.0,True,
67048_1999_XJ203,202.2,22.9,True,
67049_1999_XB204,49.1,-82.2,True,
67052_1999_XY207,48.4,-80.8,True,
67055_1999_XC211,67.0,64.3,True,
67064_1999_XM260,61.4,70.1,True,
67067_1999_YC6,235.9,-52.6,True,
6706_1988_VD3,122.2,9.6,True,
67097_2000_AF71,146.5,62.0,True,
670_Ottegebe,111.7,70.7,True,
67108_2000_AB100,193.1,20.6,True,
67110_2000_AF101,130.0,59.0,True,
67122_2000_AY123,201.7,24.1,True,
67123_2000_AL124,54.1,8.9,True,
6713_Coggie,164.4,-6.7,True,
67145_2000_AW173,61.1,-20.8,True,
67154_2000_AJ194,165.0,47.5,True,
67157_2000_AR198,186.1,29.8,True,
6715_Sheldonmarks,130.6,11.4,True,
67164_2000_AJ229,240.6,20.7,True,
67170_2000_AC244,139.8,-15.6,True,
67173_2000_BR17,113.2,39.2,True,
67182_2000_BQ28,266.4,38.0,True,
67192_2000_CH49,111.4,-37.1,True,
67197_2000_CU79,116.7,69.1,True,
67198_2000_CR91,86.0,-68.4,True,
67199_2000_CP96,153.6,-10.9,True,
67200_2000_CG97,235.6,-79.2,True,
67202_2000_CJ108,197.3,56.5,True,
67210_2000_DF29,130.2,-65.3,True,
67215_2000_DL53,88.3,36.1,True,
67216_2000_DU56,190.8,-57.8,True,
6721_Minamiawaji,105.0,53.4,True,
67229_2000_DX108,223.4,-26.7,True,
67234_2000_ED12,97.3,-37.2,True,
67249_2000_EJ96,112.4,8.5,True,
67250_2000_EH97,211.8,26.4,True,
67260_2000_EJ127,80.2,21.2,True,
67270_2000_FJ12,110.4,-37.3,True,
6727_1991_TF4,142.0,-29.7,True,
67296_2000_GA80,65.6,66.9,True,
6729_Emiko,279.4,52.7,True,
67304_2000_GZ157,39.2,82.0,True,
67319_2000_HC57,212.8,-45.4,True,
6732_1992_CG1,55.1,68.3,True,
67340_2000_JJ21,207.7,59.1,True,
67346_2000_JB54,184.9,66.0,True,
67349_2000_JF66,214.3,28.8,True,
6735_Madhatter,70.5,66.7,True,
67364_2000_KQ71,38.9,75.3,True,
67396_2000_PV2,95.4,-23.3,True,
6741_Liyuan,293.0,-39.2,True,
67422_2000_QZ83,258.9,-81.3,True,
6742_Biandepei,11.3,86.9,True,
67433_2000_QZ112,131.8,-64.7,True,
67438_2000_QU123,125.7,42.6,True,
67447_2000_QJ151,149.7,-67.3,True,
6746_Zagar,123.2,80.3,True,
6747_Ozegahara,179.9,56.7,True,
67481_2000_RQ11,178.3,-75.2,True,
67494_2000_RL28,97.5,-52.8,True,
67506_2000_RL47,92.4,21.5,True,
67509_2000_RU50,89.0,66.5,True,
6750_Katgert,124.4,-70.7,True,
67514_2000_RS60,79.1,68.5,True,
67536_2000_RX104,178.6,45.3,True,
67547_2000_SE43,94.8,-53.0,True,
67550_2000_SG56,82.3,-68.2,True,
67564_2000_SS87,199.9,56.2,True,
67584_2000_SB123,229.5,-27.1,True,
6758_Jesseowens,139.3,13.3,True,
67602_2000_SR147,138.5,-44.7,True,
67605_2000_SE149,178.8,-43.3,True,
67611_2000_SW160,248.2,50.5,True,
67612_2000_SA161,152.4,-25.8,True,
67617_2000_ST168,188.1,61.3,True,
6764_Kirillavrov,307.0,33.5,True,
67652_2000_SX233,37.1,13.8,True,
67663_2000_SG268,117.9,-85.9,True,
6767_Shirvindt,120.2,-75.9,True,
67681_2000_SH293,158.2,59.0,True,
6769_Brokoff,142.8,61.4,True,
676_Melitta,279.9,8.2,True,
67711_Mitsuotoyokawa,196.9,38.4,True,
67717_2000_UA8,79.7,-68.0,True,
67722_2000_UE15,206.2,-19.7,True,
6774_Vladheinrich,14.1,87.5,True,
67754_2000_UF49,135.1,-1.6,True,
67755_2000_US49,136.3,-63.1,True,
67758_2000_UF55,169.3,26.9,True,
67760_2000_UY57,152.0,47.5,True,
6776_Dix,63.8,66.4,True,
67788_2000_UR95,120.8,-35.3,True,
67791_2000_UP100,137.8,-30.8,True,
67795_2000_UC104,149.2,-26.2,True,
677_Aaltje,219.7,31.1,True,
67802_2000_VB4,74.0,-81.7,True,
67840_2000_VZ60,286.9,-21.6,True,
6786_Doudantsutsuji,73.6,22.1,True,
67876_2000_WH37,121.8,-35.3,True,
67887_2000_WA59,172.0,-46.8,True,
6788_1991_PH15,200.7,-36.6,True,
67898_2000_WV87,354.5,72.8,True,
67899_2000_WB88,189.3,-54.2,True,
67903_2000_WV94,193.9,5.9,True,
67904_2000_WJ96,160.9,75.5,True,
67905_2000_WN96,128.0,75.4,True,
67909_2000_WJ98,218.7,-30.6,True,
67920_2000_WB113,208.7,-65.9,True,
6792_Akiyamatakashi,50.6,81.4,True,
67947_2000_WR153,231.3,4.4,True,
6795_Ornskoldsvik,195.9,37.8,True,
67982_2000_XH16,92.1,66.1,True,
6798_Couperin,255.8,37.8,True,
67992_2000_XU22,201.1,37.8,True,
67994_2000_XX24,84.8,-52.7,True,
67996_2000_XX28,85.1,6.3,True,
67_Asia,120.6,83.6,True,
68000_2000_XM32,108.2,-81.4,True,
68004_2000_XD38,162.5,67.3,True,
68021_Taiki,86.2,-67.7,True,
68022_2000_YP18,155.7,-64.0,True,
68023_2000_YW18,41.2,12.4,True,
68066_2000_YE71,71.7,-52.2,True,
68067_2000_YM72,69.0,72.9,True,
68068_2000_YF73,165.1,7.9,True,
68071_2000_YV80,183.5,-44.6,True,
68082_2000_YF101,198.5,23.5,True,
68083_2000_YH101,108.1,38.3,True,
68086_2000_YX104,178.5,68.4,True,
68087_2000_YP105,102.6,-37.9,True,
6808_Plantin,273.0,-82.6,True,
68097_2000_YJ115,232.1,-52.2,True,
680_Genoveva,330.5,-44.1,True,
68105_2000_YV126,113.5,21.3,True,
68106_2000_YK128,89.5,-68.1,True,
6811_Kashcheev,161.5,37.3,True,
68120_2001_AT10,66.0,53.4,True,
68130_2001_AO17,254.8,76.1,True,
6813_Amandahendrix,78.1,52.4,True,
68145_2001_AF44,51.4,-41.2,True,
68153_2001_BV,134.5,-69.6,True,
68160_2001_BC18,108.1,7.7,True,
68165_2001_BH28,78.9,-38.1,True,
6816_Barbcohen,194.1,67.9,True,
68171_2001_BL33,214.6,-57.6,True,
68186_2001_BZ51,75.0,7.0,True,
6818_Sessyu,177.8,56.3,True,
68219_2001_CJ38,14.7,55.4,True,
6821_Ranevskaya,194.8,-9.5,True,
68224_2001_DG11,82.7,-52.4,True,
6824_Mallory,64.5,53.0,True,
68265_2001_EK14,216.0,-70.7,True,
68280_2001_FR8,123.9,-75.4,True,
68283_2001_FE17,120.1,55.6,True,
68284_2001_FJ17,118.6,-66.9,True,
68293_2001_FF49,140.3,-42.2,True,
68300_2001_FD95,129.2,-64.7,True,
68301_2001_FZ95,124.5,58.4,True,
68313_2001_FK118,197.1,-7.8,True,
68316_2001_FG145,182.7,-67.7,True,
68317_2001_FB151,59.0,-34.8,True,
6831_1991_UM1,224.5,16.9,True,
68325_Begues,13.4,78.6,True,
68328_2001_HS44,123.5,-66.3,True,
6834_Hunfeld,174.4,41.4,True,
6835_Molfino,179.1,30.4,True,
6838_Okuda,173.4,66.8,True,
68393_2001_QT65,120.9,80.0,True,
683_Lanzia,183.0,-58.5,True,
68422_2001_QJ296,117.7,24.0,True,
6842_Krosigk,162.1,68.8,True,
68439_2001_RB104,125.6,77.0,True,
6843_Heremon,135.0,57.0,True,
68479_2001_TX40,126.7,-65.6,True,
6849_Doloreshuerta,259.3,38.1,True,
68509_2001_UA135,84.7,6.7,True,
68510_2001_UX154,133.3,43.0,True,
6852_Nannibignami,229.4,80.1,True,
68535_2001_VP97,224.6,48.4,True,
68541_2001_WE40,167.0,41.1,True,
68545_2001_XQ23,177.3,-69.2,True,
6854_Georgewest,165.9,-87.9,True,
68553_2001_XF68,290.4,-33.1,True,
68570_2001_YQ4,211.9,-34.1,True,
68580_2001_YG91,205.2,10.5,True,
6861_1991_FA3,128.1,-33.6,True,
6866_Kukai,43.4,-30.9,True,
68677_2002_CW133,53.5,11.6,True,
6868_Seiyauyeda,261.1,82.3,True,
686_Gersuind,328.0,-44.0,True,
68712_2002_CO249,78.9,-68.0,True,
6871_Verlaine,181.5,0.6,True,
6872_1993_CN1,258.1,-52.4,True,
68775_2002_EH154,250.8,-81.3,True,
68782_2002_FW7,74.5,37.9,True,
68794_2002_GZ6,266.3,37.6,True,
68796_2002_GF9,143.6,-46.2,True,
68817_2002_GV70,116.1,56.6,True,
68835_2002_GC105,68.0,63.4,True,
68843_2002_GJ127,162.0,7.6,True,
68853_Vaimaca,89.4,-78.7,True,
68860_2002_JF2,62.0,64.6,True,
68862_2002_JU5,101.2,-8.1,True,
68863_2002_JS6,69.4,21.2,True,
68871_2002_JC35,218.3,-44.8,True,
68879_2002_JB47,110.5,-76.6,True,
6887_Hasuo,156.2,50.5,True,
688_Melanie,126.1,43.3,True,
68908_2002_JW117,210.5,27.6,True,
6891_Triconia,152.7,81.8,True,
68992_2002_TF54,160.2,-39.5,True,
68_Leto,105.9,-7.5,True,
69000_2002_TL173,291.2,-8.3,True,
69004_2002_TL198,259.2,-50.2,True,
6900_1988_XD1,92.7,51.6,True,
6902_Hideoasada,138.4,-31.1,True,
69035_2002_XR30,285.1,74.2,True,
6905_Miyazaki,61.9,63.2,True,
690_Wratislavia,159.2,47.5,True,
6910_Ikeguchi,167.3,-67.9,True,
69148_2003_GH8,93.9,-53.1,True,
69160_2029_P_L,155.3,62.9,True,
6920_Esaki,262.2,66.5,True,
69224_4388_T_3,87.5,-23.4,True,
69229_5188_T_3,80.0,6.8,True,
69234_1978_VO2,235.2,35.0,True,
69265_1988_RF6,58.6,-35.1,True,
69267_1988_RO6,143.3,14.3,True,
69272_1989_SC2,130.3,-65.0,True,
6928_Lanna,71.8,70.2,True,
69291_1990_WG1,171.0,-51.9,True,
69292_1990_WH2,170.1,-52.3,True,
69299_1992_EW6,102.4,-52.2,True,
69315_1992_UR2,31.6,66.0,True,
6931_Kenzaburo,128.8,-65.5,True,
69332_1993_LJ1,29.9,2.0,True,
69333_1993_OU8,96.8,-38.2,True,
69347_1993_TM41,125.2,26.8,True,
69349_1993_VU,10.8,-83.8,True,
6934_1994_YN2,44.2,78.0,True,
69354_1994_CZ2,132.7,40.9,True,
6938_Soniaterk,202.1,-20.9,True,
69399_1995_GD4,147.7,-79.8,True,
6940_1972_HL1,246.6,-81.4,True,
69418_1995_WX42,329.7,12.4,True,
69446_1996_SL4,282.6,-82.6,True,
69456_1996_TO33,143.6,0.8,True,
6946_1980_RX1,90.9,66.6,True,
69472_1996_XN1,156.7,-9.7,True,
69488_1997_AV3,158.4,-55.4,True,
69489_1997_AB4,102.0,6.8,True,
694_Ekard,244.2,64.4,True,
69507_1997_CQ27,101.1,-53.1,True,
69559_1997_UG5,70.8,33.5,True,
6955_Ekaterina,219.3,15.3,True,
6956_Holbach,186.4,-12.4,True,
69593_1998_EN21,42.0,80.9,True,
69596_Balkowski,39.1,13.3,True,
69600_1998_FC23,265.0,53.0,True,
69620_1998_FP53,134.1,13.5,True,
69625_1998_FG58,139.1,27.1,True,
69640_1998_FP76,66.8,68.2,True,
69658_1998_FC114,104.3,-65.7,True,
69676_1998_HV13,134.6,-31.8,True,
6968_1991_VX3,117.4,-82.8,True,
69695_1998_HL36,89.2,51.1,True,
69702_1998_HP57,122.1,-5.1,True,
69706_1998_HJ77,111.8,8.2,True,
69715_1998_HG104,161.3,-76.4,True,
69716_1998_HG105,139.2,46.4,True,
69729_1998_HE149,101.4,22.1,True,
69741_1998_KR43,196.3,20.5,True,
69754_Mosesmendel,239.8,35.0,True,
69760_1998_PR,82.9,21.8,True,
69766_1998_QZ19,96.1,6.6,True,
69777_1998_QJ49,95.4,-52.7,True,
69785_1998_QU71,242.4,-56.6,True,
69786_1998_QS77,197.8,76.9,True,
69787_1998_QH80,221.5,-79.7,True,
69792_1998_QS96,29.5,19.2,True,
69797_1998_RF6,140.1,-46.7,True,
69799_1998_RD12,101.6,-38.0,True,
69809_1998_RM33,134.6,-62.3,True,
69816_1998_RS57,72.1,6.9,True,
69818_1998_RP61,93.0,-53.3,True,
6981_Chirman,264.4,-6.1,True,
69820_1998_RR63,96.2,67.5,True,
69826_1998_RE72,238.6,50.9,True,
69829_1998_RS74,280.1,-81.6,True,
69835_1998_RV78,102.8,-37.8,True,
69854_1998_SS54,245.3,-36.4,True,
69861_1998_SP58,251.2,-53.6,True,
69883_1998_SK98,132.5,-48.9,True,
6988_1994_WE3,133.5,71.5,True,
69897_1998_SN131,88.4,36.6,True,
69899_1998_SZ137,275.5,52.6,True,
698_Ernestina,303.5,66.3,True,
69904_1998_SH143,137.8,30.0,True,
6990_Toya,105.6,-7.6,True,
69917_1998_TF,195.9,6.8,True,
69922_1998_TF20,123.9,-65.9,True,
69928_1998_TY32,134.3,-63.1,True,
69930_1998_TQ33,135.4,28.3,True,
69933_1998_UA7,198.4,-6.3,True,
6993_1995_BJ4,190.0,34.8,True,
69942_1998_UC31,29.0,-81.8,True,
69949_Thierrydemange,150.7,17.8,True,
69953_1998_VO17,149.8,2.8,True,
69955_1998_VK21,142.7,-14.7,True,
69970_1998_WV,149.7,-60.8,True,
69980_1998_WP15,143.1,65.4,True,
69983_1998_WO17,171.1,-3.8,True,
69985_1998_WV22,207.9,51.7,True,
699_Hela,218.0,-16.4,True,
70004_Richardgalli,165.3,71.2,True,
70005_1998_XN28,144.0,-44.7,True,
70008_1998_XA53,186.0,-29.0,True,
70018_1998_YP9,215.0,-16.9,True,
70020_1998_YR29,264.6,64.5,True,
70022_1999_AF7,206.8,56.7,True,
70032_1999_CZ13,340.4,36.3,True,
70033_1999_CO20,136.3,-16.7,True,
70036_1999_CZ48,301.0,-23.0,True,
70050_1999_GG44,313.6,64.5,True,
7005_Henninghaack,236.1,-26.2,True,
70063_1999_JT43,130.4,-33.0,True,
70066_1999_JC45,156.9,-78.2,True,
70073_1999_JN54,97.1,21.8,True,
70074_1999_JY54,164.5,-63.3,True,
70079_1999_JE61,24.0,70.3,True,
70085_1999_JD68,40.0,-43.1,True,
7008_Pavlov,251.2,52.4,True,
70104_1999_JG138,304.3,19.7,True,
70106_1999_KH10,6.6,74.8,True,
70125_1999_NZ,108.0,54.0,True,
70130_1999_NO6,118.9,-20.8,True,
7017_Uradowan,123.0,-4.6,True,
7023_Heiankyo,236.1,-24.1,True,
70241_1999_RE73,171.0,82.9,True,
70244_1999_RL75,82.8,-53.3,True,
7024_Impey,221.9,61.3,True,
70256_1999_RX88,92.8,21.5,True,
7025_1993_QA,74.7,6.3,True,
70282_1999_RW111,130.6,-32.8,True,
70292_1999_RC123,100.7,-52.6,True,
70297_1999_RG129,139.7,29.9,True,
7029_1993_XT2,103.1,52.9,True,
702_Alauda,119.9,79.5,True,
70306_1999_RL134,208.5,64.4,True,
70309_1999_RL136,92.6,-68.0,True,
70311_1999_RG137,252.2,-37.3,True,
70314_1999_RN138,41.1,46.4,True,
70317_1999_RP143,61.7,-82.8,True,
70321_1999_RC149,115.5,22.7,True,
70329_1999_RY163,177.6,-16.1,True,
70330_1999_RS165,210.6,-87.3,True,
70339_1999_RQ170,148.3,-12.8,True,
70349_1999_RV180,238.7,77.9,True,
7034_1994_YT2,89.8,51.3,True,
70356_1999_RP185,72.5,-67.8,True,
70366_1999_RQ198,157.2,68.5,True,
70367_1999_RH199,279.7,-5.6,True,
70369_1999_RL205,197.7,7.5,True,
7036_Kentarohirata,188.2,-55.4,True,
70379_1999_RL212,233.1,77.1,True,
7037_Davidlean,186.6,-26.3,True,
70380_1999_RQ212,245.2,6.5,True,
70404_1999_RR245,135.9,-62.0,True,
70409_Srnin,97.5,-78.3,True,
70410_1999_SE3,175.5,53.2,True,
70414_1999_SF6,145.4,-80.1,True,
70415_1999_SJ11,237.8,-78.8,True,
7042_Carver,128.9,-62.6,True,
70434_1999_TL4,191.8,-81.0,True,
70438_1999_TX6,150.1,-62.9,True,
70440_1999_TV7,116.0,9.2,True,
70447_1999_TG14,147.2,-79.6,True,
70449_Gruebel,127.0,-63.0,True,
70450_1999_TL18,190.6,18.7,True,
7045_1974_FJ,263.6,79.7,True,
7046_Reshetnev,237.7,20.1,True,
70473_1999_TQ33,201.5,55.6,True,
70478_1999_TN40,196.0,20.9,True,
70503_1999_TN98,102.7,-81.9,True,
70513_1999_TC104,95.6,-53.1,True,
7053_1989_FA,93.8,-68.3,True,
70548_1999_TF134,198.0,22.7,True,
70581_1999_TJ165,86.8,-38.4,True,
70586_1999_TE170,80.6,-8.3,True,
70587_1999_TF170,116.8,-6.3,True,
7058_Al_Tusi,260.3,-22.0,True,
705_Erminia,250.0,44.1,True,
70602_1999_TD188,253.2,7.4,True,
70608_1999_TC197,135.4,-61.0,True,
7060_Al_Ijliya,114.9,38.0,True,
7061_Pieri,188.7,20.0,True,
70632_1999_TN220,178.0,-80.2,True,
70638_1999_TY232,138.3,66.3,True,
7063_Johnmichell,174.8,71.1,True,
70651_1999_TV248,112.3,72.0,True,
70683_1999_UT8,144.4,0.6,True,
70685_1999_UR12,109.4,-66.7,True,
7068_Minowa,257.7,-36.5,True,
70697_1999_UR26,63.6,50.2,True,
70699_1999_US27,74.8,7.4,True,
7069_1994_YG2,186.5,32.3,True,
706_Hirundo,277.1,-20.5,True,
7070_1994_YO2,201.3,40.2,True,
70718_HEAF,167.5,10.7,True,
70719_1999_UB52,183.7,33.8,True,
70720_Davidskillman,217.1,43.3,True,
7072_Beijingdaxue,238.9,20.4,True,
70730_1999_VN5,173.8,-18.4,True,
7073_Rudbelia,167.1,41.0,True,
70747_1999_VT22,200.4,35.7,True,
70754_1999_VO26,134.5,-63.5,True,
70778_1999_VH40,242.8,-38.3,True,
70789_1999_VF49,164.4,8.4,True,
70806_1999_VD64,143.4,-29.4,True,
70824_1999_VL81,148.8,75.4,True,
70825_1999_VZ81,129.7,-81.1,True,
7082_La_Serena,199.7,-23.9,True,
70835_1999_VY90,284.6,22.8,True,
7083_Kant,79.3,68.4,True,
7084_1991_BR,76.8,-37.9,True,
70850_Schur,38.3,-80.3,True,
7086_Bopp,317.1,32.1,True,
70879_1999_VF162,113.1,68.3,True,
7089_1992_FX1,55.3,-34.9,True,
70945_1999_WB10,202.3,76.3,True,
7094_Godaisan,216.2,45.9,True,
70966_1999_XD18,274.0,23.4,True,
70973_1999_XY20,158.3,-83.6,True,
70990_1999_XA33,121.7,80.2,True,
70996_1999_XY35,22.9,-9.6,True,
709_Fringilla,129.9,77.1,True,
71000_Hughdowns,142.0,70.1,True,
71001_Natspasoc,276.8,52.9,True,
71010_1999_XD45,223.2,30.8,True,
71029_1999_XS66,100.2,-87.2,True,
71030_1999_XM67,167.8,-5.2,True,
710430_2013_UF1,98.4,35.5,True,
71057_1999_XE96,113.1,82.0,True,
71058_1999_XL96,193.5,-58.8,True,
7105_Yousyozan,258.8,68.0,True,
7106_Kondakov,77.7,78.7,True,
71072_1999_XL112,175.6,-59.9,True,
71089_1999_XH132,273.7,-51.0,True,
71092_1999_XO133,281.1,-5.7,True,
71093_1999_XW133,305.7,79.5,True,
71102_1999_XH144,161.2,38.2,True,
71105_1999_XP151,212.7,42.8,True,
7110_Johnpearse,204.7,77.7,True,
71112_1999_XP155,179.0,-15.9,True,
71118_1999_XH159,12.9,75.6,True,
71119_1999_XJ161,218.5,-42.4,True,
71124_1999_XR173,51.4,87.2,True,
71126_1999_XU174,343.2,77.3,True,
7112_Ghislaine,184.4,50.0,True,
71136_1999_XV178,216.3,77.3,True,
71138_1999_XY179,140.3,-72.1,True,
71146_1999_XQ183,126.3,-80.5,True,
71147_1999_XZ183,205.5,39.2,True,
71149_1999_XE186,158.5,-9.0,True,
71153_1999_XR190,140.5,31.0,True,
71156_1999_XA194,163.2,63.3,True,
7116_Mentall,164.1,-73.7,True,
71186_1999_XX222,213.1,-0.7,True,
71191_1999_XX229,96.4,-38.2,True,
71193_1999_XG231,151.4,19.3,True,
71194_1999_XH231,139.4,30.7,True,
71195_1999_XO231,152.9,4.2,True,
71199_1999_XM236,198.7,48.7,True,
71202_1999_XJ241,90.5,-23.4,True,
7120_Davidgavine,128.3,55.5,True,
71212_1999_XX257,171.2,-67.7,True,
71214_1999_XG261,47.0,-81.5,True,
7121_Busch,120.0,-82.6,True,
71225_1999_YU13,254.9,52.4,True,
71230_1999_YR17,102.3,-8.0,True,
71232_1999_YH26,130.7,-65.2,True,
71234_2000_AE2,322.4,56.7,True,
71249_2000_AK14,174.5,-33.5,True,
7124_Glinos,192.2,54.8,True,
71253_2000_AT15,104.5,68.6,True,
71270_2000_AZ31,66.6,69.0,True,
71272_2000_AY33,223.0,58.8,True,
71284_2000_AE50,205.6,71.4,True,
71293_2000_AX58,240.5,5.8,True,
71295_2000_AG59,279.3,77.0,True,
71299_2000_AY62,219.7,-14.2,True,
71308_2000_AU70,144.7,-44.9,True,
71329_2000_AH86,205.2,25.5,True,
7132_Casulli,292.4,-80.6,True,
71330_2000_AZ86,81.5,6.2,True,
71345_2000_AH104,166.8,41.9,True,
71353_2000_AT110,75.5,-22.8,True,
71355_2000_AE112,199.7,23.9,True,
71361_2000_AP129,251.5,-21.7,True,
71364_2000_AW134,133.0,-33.2,True,
71374_2000_AJ141,122.3,77.1,True,
71377_2000_AG145,257.6,37.3,True,
7137_Ageo,199.6,84.7,True,
71381_2000_AD149,128.6,42.9,True,
71388_2000_AT154,103.4,-22.9,True,
71391_2000_AK161,264.8,-51.7,True,
71398_2000_AV168,263.3,51.7,True,
7139_Tsubokawa,49.7,28.3,True,
713_Luscinia,181.4,49.0,True,
71402_2000_AM170,157.7,37.3,True,
71406_2000_AK173,248.7,-36.7,True,
71408_2000_AT175,254.7,-37.9,True,
71414_2000_AW185,213.5,42.9,True,
71415_2000_AD187,164.3,25.6,True,
71419_2000_AH191,236.2,-81.4,True,
71421_2000_AJ192,135.9,-78.0,True,
71425_2000_AC197,178.9,64.9,True,
71434_2000_AJ205,292.4,-80.5,True,
71451_2000_AD243,24.5,-26.0,True,
71457_2000_AV247,170.7,-86.2,True,
71469_2000_BQ14,131.3,13.1,True,
71472_2000_BO15,85.1,65.2,True,
7148_Reinholdbien,140.3,-0.5,True,
71511_2000_CF51,198.9,-6.6,True,
71513_2000_CD55,234.3,19.4,True,
71524_2000_CM78,132.8,-32.8,True,
71543_2000_CM120,203.9,25.3,True,
71550_2000_DG6,149.1,31.2,True,
71555_Manuecharpentier,124.0,-19.8,True,
71556_Page,238.5,-57.4,True,
7155_1979_YN,198.2,38.9,True,
71566_2000_DU34,200.4,23.3,True,
71572_2000_DW42,195.8,-25.7,True,
7158_IRTF,180.6,68.4,True,
71600_2000_DK87,161.0,-55.4,True,
71602_2000_DO95,265.3,-82.7,True,
71603_2000_DU98,117.0,9.4,True,
71615_Ramakers,197.9,53.3,True,
71631_2000_EX75,60.7,-46.6,True,
71634_2000_EK80,130.7,-62.1,True,
7163_Barenboim,258.5,-6.7,True,
71640_2000_EF94,227.1,2.2,True,
71641_2000_ER96,85.8,65.9,True,
71643_2000_EJ103,170.8,-72.7,True,
71646_2000_EO110,244.0,-51.1,True,
71659_2000_EC128,267.3,-21.3,True,
71660_2000_EJ130,229.6,-75.7,True,
71669_Dodsonprince,234.1,33.1,True,
7167_Laupheim,125.9,57.2,True,
71683_2000_FE12,210.5,26.0,True,
71691_2000_FH37,99.0,21.9,True,
71698_2000_FW55,135.5,79.1,True,
716_Berkeley,163.3,-39.4,True,
71706_2000_GY38,159.5,48.5,True,
7170_Livesey,279.1,-35.7,True,
71710_2000_GG83,179.0,-0.4,True,
71718_2000_GV124,102.1,70.7,True,
71720_2000_GK167,253.6,67.8,True,
71721_2000_GL167,243.1,-24.5,True,
7172_Multatuli,223.5,31.5,True,
71730_2000_JY3,274.2,-34.0,True,
71733_2000_JQ47,217.0,-32.5,True,
7174_Semois,127.0,-45.9,True,
71754_2000_RO45,130.2,24.9,True,
7176_Kuniji,156.6,48.0,True,
71773_2000_SO106,81.9,66.5,True,
7177_Melvyntaylor,83.5,-65.9,True,
7178_Ikuookamoto,210.9,-2.2,True,
71803_2000_SF275,279.3,23.2,True,
71829_2000_UK53,137.0,14.3,True,
7184_1991_RB25,199.3,36.7,True,
71885_Denning,190.3,20.0,True,
71908_2000_WC37,264.6,38.3,True,
71910_2000_WJ41,228.0,2.5,True,
7192_Cieletespace,59.7,-51.2,True,
71933_2000_WW61,97.9,21.6,True,
7193_Yamaoka,109.6,-22.2,True,
71945_2000_WG87,202.0,24.1,True,
71950_2000_WN98,207.6,68.8,True,
7196_Baroni,138.3,30.7,True,
71975_2000_WG133,105.3,-67.7,True,
7199_Brianza,146.6,1.4,True,
71_Niobe,40.8,-63.5,True,
72000_2000_WJ186,128.7,58.0,True,
72013_2000_XN11,145.4,-45.7,True,
72016_2000_XF13,259.9,-20.3,True,
72019_2000_XV14,129.5,-81.4,True,
72022_2000_XE22,74.1,7.5,True,
7202_Kigoshi,216.5,67.9,True,
72033_2000_XQ35,44.3,73.8,True,
72034_2000_XS35,106.0,-80.3,True,
72036_2000_XM44,127.3,72.5,True,
72066_2000_YX21,228.5,18.0,True,
720826_2002_QQ15,72.0,-22.4,True,
72082_2000_YG40,178.6,-15.7,True,
72099_2000_YQ50,226.3,63.3,True,
7209_Cyrus,226.3,79.0,True,
7211_Xerxes,43.9,67.4,True,
721274_2003_SA18,251.7,-85.1,True,
72127_2000_YS71,180.7,30.5,True,
7213_Conae,165.2,22.8,True,
7215_Gerhard,215.9,40.5,True,
72161_2000_YZ102,85.0,49.0,True,
7217_Dacke,206.1,-31.8,True,
72209_2000_YD143,92.1,66.7,True,
7222_Alekperov,114.3,54.4,True,
72276_2001_AN45,187.0,-52.1,True,
72278_2001_AZ51,60.3,37.2,True,
7228_MacGillivray,265.8,-21.5,True,
72304_2001_BC32,204.4,10.2,True,
72313_2001_BM43,149.0,46.7,True,
72316_2001_BX44,189.5,4.1,True,
7233_Majella,331.1,-42.0,True,
72342_2001_BS66,107.4,-37.6,True,
72345_2001_BC69,178.2,45.1,True,
72358_2001_BH76,40.5,-79.1,True,
72361_2001_BX77,72.6,71.7,True,
72373_2001_CE5,252.4,-81.3,True,
7239_Mobberley,178.5,70.5,True,
723_Hammonia,234.0,81.7,True,
72405_2001_CD27,201.6,36.5,True,
7240_Hasebe,79.7,-23.1,True,
72410_2001_CD28,189.4,-65.0,True,
72411_2001_CP28,144.7,-14.1,True,
72419_2001_CJ34,168.2,-66.0,True,
72423_2001_CS38,272.8,-51.6,True,
72439_2001_CE45,239.2,-50.2,True,
72440_2001_CH45,49.1,-18.1,True,
7244_Villa_Lobos,133.3,43.7,True,
72450_2001_DV5,44.8,77.4,True,
72451_2001_DW5,255.8,-35.7,True,
72452_2001_DL6,84.0,-51.2,True,
72459_2001_DP18,91.7,4.3,True,
72462_2001_DL21,219.4,-76.7,True,
72464_2001_DU21,267.2,78.0,True,
7247_Robertstirling,288.7,-38.5,True,
72496_2001_DO61,95.2,6.7,True,
72504_2001_DA69,336.6,78.2,True,
7251_Kuwabara,138.4,44.9,True,
72536_2001_DM102,128.5,-33.8,True,
72562_2001_EM7,200.9,-22.1,True,
7256_Bonhoeffer,196.6,-23.3,True,
72572_2001_EL14,204.0,24.1,True,
72589_2001_FY3,2.2,69.5,True,
72591_2001_FO5,354.6,75.3,True,
72596_Zilkha,103.0,-37.9,True,
72603_2001_FG15,144.4,-44.5,True,
7260_Metelli,118.6,9.4,True,
72612_2001_FT19,79.7,-38.1,True,
72615_2001_FK21,322.9,78.9,True,
7262_Sofue,203.3,40.7,True,
72633_Randygroth,145.8,-13.7,True,
72634_2001_FF33,111.1,75.5,True,
72637_2001_FA36,104.7,-37.5,True,
7263_Takayamada,94.2,-83.0,True,
72647_2001_FO42,209.0,83.1,True,
72660_2001_FA47,89.9,66.6,True,
72678_2001_FY60,264.6,-21.2,True,
7267_Victormeen,356.9,-78.7,True,
72685_2001_FG66,252.6,8.3,True,
726_Joella,328.4,-57.7,True,
727263_2010_FL73,139.4,59.4,True,
72727_2001_FP96,126.6,-50.1,True,
72748_2001_FR126,84.2,65.1,True,
72749_2001_FX126,156.1,-75.9,True,
72751_2001_FW128,275.8,67.1,True,
72764_2001_FA144,154.7,-56.1,True,
72777_2001_FJ154,189.4,71.4,True,
72779_2001_FA159,79.6,68.5,True,
72789_2001_FG173,53.8,-81.9,True,
72790_2001_FR175,187.3,-26.3,True,
727_Nipponia,59.5,-6.1,True,
72800_2001_FR188,172.9,-33.7,True,
72803_2001_GD,145.6,-54.2,True,
72809_2001_GW5,287.7,-22.1,True,
7280_Bergengruen,106.1,67.6,True,
7284_1989_VW,154.3,-68.9,True,
7285_Seggewiss,213.1,-76.3,True,
72860_2001_HL48,216.8,-0.7,True,
72862_2001_HE50,290.8,-39.0,True,
72885_2001_KJ14,181.4,14.9,True,
72894_2001_KE45,155.5,-10.2,True,
72897_2001_KM55,163.2,72.5,True,
72898_2001_KO56,156.8,-41.6,True,
7289_Kamegamori,206.5,66.6,True,
72904_2001_KM74,159.3,7.3,True,
72912_Fobarsti,93.2,6.0,True,
72932_2002_AB62,83.7,21.7,True,
72949_Colesanti,116.1,-6.2,True,
729956_2011_TW14,144.2,-79.8,True,
729_Watsonia,238.8,78.3,True,
7301_Matsuitakafumi,173.1,-73.0,True,
730325_2012_CB13,110.1,50.2,True,
7303_1993_FS1,227.5,-84.0,True,
7304_Namiki,37.9,41.4,True,
73054_2002_EO153,155.7,50.0,True,
73063_2002_FG10,209.1,-83.1,True,
73075_2002_GL4,295.7,47.6,True,
73084_2002_GX16,95.1,51.7,True,
7308_Hattori,236.9,-56.4,True,
730_Athanasia,168.0,-68.8,True,
7310_1995_OL1,96.9,6.7,True,
73111_2002_GK40,127.3,-63.0,True,
73127_2002_GD68,66.5,-67.2,True,
73154_2002_GD110,100.2,36.8,True,
7316_Hajdu,262.9,82.4,True,
7318_Dyukov,232.1,-58.1,True,
7319_Katterfeld,268.2,23.4,True,
73209_2002_JM19,39.3,13.3,True,
73213_2002_JN22,167.4,-48.9,True,
7321_Minervahoyt,80.5,86.8,True,
7322_Lavrentina,53.5,65.0,True,
73251_2002_JM42,121.1,68.4,True,
7328_Casanova,98.7,-53.1,True,
73307_2002_JE74,143.8,33.2,True,
7331_Balindblad,252.7,-19.0,True,
7333_Bec_Borsenberger,229.5,-27.1,True,
73356_2002_JP146,153.8,-59.4,True,
73374_2002_KC14,108.3,23.1,True,
7340_1991_UA2,268.6,-51.6,True,
73410_2002_LV26,57.3,-35.1,True,
73434_2002_LB58,263.5,-36.7,True,
73442_Feruglio,203.2,55.8,True,
7346_Boulanger,208.8,-64.1,True,
73483_2002_PB72,113.5,-6.5,True,
73484_2002_PD72,132.7,-73.7,True,
73486_2002_PY85,219.5,29.0,True,
73487_2002_PD89,189.2,-11.8,True,
73506_2002_TJ144,280.3,-36.6,True,
73527_2003_NC3,191.3,54.0,True,
73539_Carmenperrella,178.0,-0.9,True,
73546_2003_OM31,84.7,-53.1,True,
73547_2003_PW,59.9,-49.5,True,
7354_Ishiguro,139.0,-80.0,True,
7355_Bottke,290.4,7.0,True,
7358_Oze,199.1,37.4,True,
736279_2015_RO122,226.5,-75.9,True,
73628_4170_T_3,52.0,67.5,True,
7362_Rogerbyrd,163.8,-6.9,True,
73634_5077_T_3,111.8,82.1,True,
7363_Esquibel,112.9,69.6,True,
73715_1992_SC21,79.0,-80.0,True,
73716_1992_YT3,61.2,8.6,True,
73724_1993_FA25,339.5,76.4,True,
73736_1993_QT6,110.0,-22.2,True,
73757_1994_CH10,186.8,45.1,True,
73774_1994_PH19,74.6,37.5,True,
73778_1994_PP37,103.6,-37.8,True,
73789_1995_BO6,201.9,57.5,True,
73819_Isaootuki,153.3,48.1,True,
7381_Mamontov,122.6,-65.4,True,
73821_1995_WY15,154.2,-72.6,True,
73833_1996_CP2,129.5,-62.6,True,
73873_1997_BF1,211.6,67.8,True,
7391_Strouhal,93.7,-53.4,True,
7393_Luginbuhl,147.9,59.3,True,
73945_1997_SS28,202.1,58.6,True,
739555_2017_XC60,182.0,68.5,True,
73961_1997_WP25,256.3,-19.8,True,
73969_1997_YK12,237.0,66.4,True,
73989_1998_ED12,101.8,-23.0,True,
73_Klytia,199.4,84.4,True,
74040_1998_HU83,78.3,51.6,True,
74047_1998_HF107,33.2,-13.3,True,
74052_1998_JB1,111.0,23.5,True,
74067_1998_MH3,149.7,29.3,True,
74070_1998_MC9,133.2,13.7,True,
74092_Xiangda,158.7,35.6,True,
74119_1998_QH52,290.5,-80.6,True,
74141_1998_QK77,107.7,70.1,True,
74143_1998_QP77,268.8,-36.5,True,
74147_1998_QR86,197.4,49.1,True,
74167_1998_RF2,139.4,-1.5,True,
74206_1998_RY58,90.3,-53.4,True,
7421_Kusaka,99.6,64.1,True,
74245_1998_SO59,297.8,-85.5,True,
74276_1998_SZ118,123.8,-49.5,True,
74278_1998_SR119,68.0,54.1,True,
7428_Abekuniomi,213.0,-64.8,True,
7429_Hoshikawa,224.2,84.4,True,
742_Edisona,164.0,-78.8,True,
7430_Kogure,322.7,85.7,True,
74316_1998_UW15,104.7,-7.7,True,
74321_1998_UT21,107.8,23.0,True,
74344_1998_VD34,188.9,70.1,True,
74348_1998_VT53,77.7,51.0,True,
74349_1998_VM54,34.7,-40.8,True,
74351_1998_VT54,180.9,70.4,True,
74357_1998_WZ12,294.3,-87.1,True,
74358_1998_WH13,167.3,71.5,True,
7437_Torricelli,174.4,45.2,True,
74399_1998_XR73,195.1,-55.0,True,
74403_1998_YR5,214.7,59.0,True,
74432_1999_BM12,266.2,38.4,True,
74440_1999_CD6,196.8,76.6,True,
74454_1999_CV28,223.8,77.3,True,
74460_1999_CW32,335.2,72.9,True,
74466_1999_CS41,208.2,-34.5,True,
74473_1999_CY55,149.0,42.3,True,
74477_1999_CY66,213.1,60.1,True,
74481_1999_CL83,195.8,-48.8,True,
74488_1999_CX110,244.1,21.3,True,
74489_1999_CC120,97.0,36.8,True,
74491_1999_CN122,280.7,58.1,True,
74493_1999_CQ122,263.3,37.9,True,
7449_Dollen,293.0,-51.4,True,
744_Aguntina,27.9,51.3,True,
74511_1999_FH8,75.9,-8.2,True,
74521_1999_FF36,229.6,80.7,True,
74528_1999_GV34,63.0,83.1,True,
74532_1999_GO47,200.8,70.7,True,
74538_1999_JS12,315.4,-45.2,True,
745_Mauritia,186.5,-79.1,True,
74629_1999_RB45,130.4,-3.4,True,
7462_Grenoble,58.2,-65.0,True,
74669_1999_RN96,95.0,-38.4,True,
7466_1989_VC2,230.0,32.7,True,
74672_1999_RY104,232.6,-52.8,True,
74674_1999_RJ105,104.8,-22.7,True,
7467_1989_WQ1,194.8,6.3,True,
7471_1991_YD,221.5,-83.3,True,
74721_1999_RH167,156.4,-55.1,True,
7472_Kumakiri,135.0,-32.7,True,
74730_1999_RU175,291.9,-81.2,True,
74733_1999_RV178,251.4,-80.8,True,
74735_1999_RB180,132.1,28.1,True,
74760_1999_RY210,201.1,-66.3,True,
74779_1999_RF241,357.5,85.5,True,
7477_Conversiluca,153.2,20.1,True,
747_Winchester,270.2,37.9,True,
7481_San_Marcello,261.7,-52.1,True,
74831_1999_TU25,103.7,-7.8,True,
74832_1999_TH26,83.8,-80.6,True,
74850_1999_TO63,133.6,43.4,True,
74860_1999_TZ89,107.9,-52.5,True,
74881_1999_TE105,177.0,28.4,True,
7488_Robertpaul,243.1,51.3,True,
748972_2014_CX11,204.6,10.2,True,
74898_1999_TL123,249.8,-80.7,True,
748_Simeisa,235.9,19.8,True,
74939_1999_TO174,355.5,-84.4,True,
7494_Xiwanggongcheng,194.2,-8.7,True,
74991_1999_TD269,41.4,-84.5,True,
74999_1999_TM278,93.3,66.9,True,
74_Galatea,259.5,-7.0,True,
7500_Sassi,217.4,-28.4,True,
75010_1999_UP,134.8,-32.3,True,
75011_1999_UQ1,237.1,-78.7,True,
7502_Arakida,266.7,-21.6,True,
75044_1999_UG42,135.8,28.7,True,
75065_1999_VO10,154.3,32.3,True,
75079_1999_VN24,109.8,-7.1,True,
7507_Israel,157.5,-68.1,True,
75089_1999_VY30,209.5,-45.0,True,
75118_1999_VP60,78.9,22.0,True,
75135_1999_VT77,107.6,-83.1,True,
7514_1986_ED,204.6,-33.0,True,
75183_1999_VB160,116.5,68.3,True,
751_Faina,201.8,-31.2,True,
75202_1999_VV178,69.2,81.7,True,
75209_1999_VM192,106.7,-75.3,True,
7521_Wylezalek,210.9,43.0,True,
75223_Wupatki,155.7,-10.1,True,
75254_1999_XC4,309.3,-81.4,True,
75265_1999_XE13,153.1,53.1,True,
75266_1999_XG13,199.0,8.0,True,
75267_1999_XJ13,266.2,-83.6,True,
75269_1999_XU15,226.4,-74.6,True,
7528_Huskvarna,205.9,25.9,True,
75294_1999_XU28,248.4,49.8,True,
75300_1999_XJ34,169.8,11.7,True,
75301_1999_XN34,220.7,62.6,True,
75317_1999_XO43,78.5,-38.0,True,
75348_1999_XF64,153.3,-75.4,True,
75351_1999_XY67,100.5,-8.2,True,
75352_1999_XH68,182.5,-69.5,True,
75353_1999_XL69,114.7,68.9,True,
7535_1995_WU2,122.7,-66.1,True,
7537_Solvay,207.6,70.1,True,
75384_1999_XS91,231.3,-43.2,True,
7538_Zenbei,67.7,23.4,True,
753_Tiflis,217.5,86.1,True,
75409_1999_XR104,25.6,-22.0,True,
7541_Nieuwenhuis,137.4,-80.7,True,
75423_Gladyswest,133.0,42.4,True,
75453_1999_XS142,226.9,2.0,True,
75467_1999_XS160,153.8,-37.8,True,
75471_1999_XW164,30.0,82.4,True,
75473_1999_XY164,121.0,-35.4,True,
754759_2016_UL,207.8,-55.5,True,
75481_1999_XB172,180.1,0.1,True,
75483_1999_XE173,183.6,31.2,True,
7548_Engstrom,82.3,-83.3,True,
75495_1999_XM181,95.4,-52.5,True,
75497_1999_XW183,196.5,81.1,True,
754_Malabar,83.1,65.5,True,
75520_1999_XN205,194.6,-20.7,True,
75525_1999_XQ209,99.6,-68.3,True,
75533_1999_XM226,147.1,47.9,True,
75546_1999_XC256,213.0,-82.7,True,
7555_Venvolkov,208.2,11.6,True,
75571_2000_AT4,196.5,-37.0,True,
75580_2000_AF13,46.4,69.5,True,
75599_2000_AG24,47.0,8.1,True,
75617_2000_AA41,55.8,66.5,True,
75640_2000_AE55,215.6,-56.4,True,
75653_2000_AG64,187.7,34.8,True,
7565_Zipfel,138.2,42.7,True,
75661_2000_AB79,209.1,-49.6,True,
75671_2000_AG92,228.1,70.3,True,
7569_1989_BK,260.5,-35.9,True,
756_Lilliana,124.4,26.2,True,
75713_2000_AR118,206.8,-4.7,True,
75717_2000_AU120,87.9,21.4,True,
7571_Weisse_Rose,246.5,-23.2,True,
7572_Znokai,217.0,83.3,True,
75738_2000_AF145,23.1,4.0,True,
75768_2000_AE186,151.4,-27.8,True,
75773_2000_AC196,7.4,-52.4,True,
75775_2000_AG197,132.3,78.1,True,
75782_2000_AG203,326.9,61.9,True,
75804_2000_AH236,75.0,65.4,True,
75814_2000_BX3,266.4,38.2,True,
75838_2000_BX29,192.5,76.3,True,
7583_Rosegger,208.5,43.0,True,
75840_2000_BG30,139.1,81.0,True,
75855_2000_CT5,78.0,-23.0,True,
7585_1991_PK8,218.5,-67.8,True,
75882_2000_CC32,258.8,68.2,True,
75888_2000_CU35,256.4,-52.9,True,
7593_Cernuschi,230.8,32.6,True,
75947_2000_CB87,287.3,82.1,True,
75951_2000_CK90,188.9,61.9,True,
75962_2000_CH100,114.9,65.5,True,
7596_Yumi,144.5,-79.1,True,
7597_Shigemi,180.6,62.5,True,
759_Vinifera,218.3,80.1,True,
75_Eurydike,265.9,38.4,True,
7600_Vacchi,113.6,-7.0,True,
76066_2000_DC75,133.3,-60.7,True,
76087_2000_DK93,143.8,-14.4,True,
76103_2000_DF103,302.2,-8.3,True,
76115_2000_DU107,94.2,-38.3,True,
76118_2000_DT110,331.3,60.1,True,
7611_Hashitatsu,37.9,80.2,True,
76123_2000_EE,138.8,31.0,True,
76154_2000_ET20,182.6,-53.3,True,
76180_2000_ER36,85.6,67.3,True,
76187_2000_EX40,97.2,21.8,True,
76190_2000_EG42,106.1,-7.5,True,
761_Brendelia,215.9,-59.2,True,
76217_2000_EC67,147.6,48.5,True,
76230_2000_EP75,97.8,-77.6,True,
76238_2000_EU81,166.7,-20.9,True,
76244_2000_EW85,152.8,49.1,True,
76249_2000_EV87,127.7,-49.9,True,
7624_Gluck,69.0,-51.6,True,
76253_2000_ER93,60.5,9.8,True,
7625_Louisspohr,118.0,56.5,True,
76269_2000_EM107,244.5,21.4,True,
76283_2000_ET119,282.4,66.5,True,
7628_Evgenifedorov,97.7,-51.9,True,
762_Pulcova,208.6,39.6,True,
76312_2000_ER138,32.4,79.1,True,
76347_2000_ET158,243.1,-9.4,True,
76348_2000_EC159,171.5,59.5,True,
76359_2000_EN169,218.4,53.8,True,
7635_Carolinesmith,221.5,-81.2,True,
76363_2000_EK173,157.7,-25.1,True,
76368_2000_ES174,265.0,-36.6,True,
76373_2000_EE182,216.3,53.8,True,
76397_2000_FN12,141.7,-30.8,True,
763_Cupido,229.9,63.5,True,
76400_2000_FR12,200.6,-35.6,True,
76424_2000_FH21,18.0,77.6,True,
76437_2000_FD29,253.2,7.5,True,
76446_2000_FT32,312.1,65.0,True,
76447_2000_FY32,158.6,-24.8,True,
7644_Cslewis,100.0,5.9,True,
7645_Pons,222.6,46.4,True,
76464_2000_FP46,275.9,-36.4,True,
76465_2000_FQ46,248.4,-54.6,True,
76470_2000_FC57,198.4,-52.2,True,
76471_2000_FD57,261.5,52.9,True,
76474_2000_FK58,186.6,-75.9,True,
7648_Tomboles,181.0,-57.4,True,
76517_2000_GT44,138.2,-16.1,True,
76541_2000_GX79,350.1,-83.0,True,
76549_2000_GG85,173.2,45.4,True,
7655_Adamries,192.1,-74.4,True,
7658_1993_BM12,76.8,-22.9,True,
76602_2000_GS159,275.8,63.9,True,
76608_2000_GK163,325.2,-14.8,True,
7663_1994_RX1,91.5,50.3,True,
76644_2000_HY24,135.8,-45.4,True,
76651_2000_HV33,190.1,4.4,True,
76660_2000_HC37,238.3,34.4,True,
7666_Keyaki,183.3,58.4,True,
7667_1995_BL3,264.8,-50.1,True,
76692_2000_HY75,276.9,-51.9,True,
76718_2000_JW16,230.1,-75.4,True,
7671_Albis,127.3,-64.2,True,
76721_2000_JW22,201.3,-68.6,True,
76732_2000_JZ53,198.0,76.2,True,
76743_2000_JG66,235.0,48.7,True,
76744_2000_JZ68,91.3,66.8,True,
76747_2000_JO72,143.5,80.1,True,
7675_Gorizia,125.0,-19.6,True,
76769_2000_KC34,68.9,30.3,True,
7677_Sawa,249.4,-85.7,True,
7678_Onoda,90.8,66.5,True,
7680_Cari,152.3,73.2,True,
76855_2000_WD63,216.5,82.7,True,
76867_2000_YM5,220.5,67.0,True,
76871_2000_YZ28,130.7,-49.1,True,
76898_2000_YS105,342.5,82.3,True,
7691_Brady,158.4,-24.2,True,
7693_Hoshitakuhai,93.8,51.1,True,
7694_Krasetin,197.7,69.0,True,
76958_2001_BZ32,46.6,79.0,True,
76993_2001_BB73,95.3,87.2,True,
769_Tatjana,255.2,-81.4,True,
77006_2001_CT5,173.4,82.3,True,
7701_Zrzavy,150.2,17.4,True,
77027_2001_CH26,228.2,17.9,True,
77033_2001_CJ30,109.7,71.1,True,
7704_Dellen,221.0,-27.4,True,
77056_2001_DD12,65.6,50.8,True,
7706_Mien,182.2,59.0,True,
77079_2001_DX30,257.3,22.9,True,
7707_Yes,70.5,20.4,True,
77086_2001_DB36,204.5,56.5,True,
77156_2001_EE11,66.5,65.6,True,
77163_2001_EM19,244.2,-24.4,True,
7716_Ube,257.4,-37.4,True,
77198_2001_FK17,118.5,-20.9,True,
771_Libera,149.9,68.5,True,
7722_Firneis,242.5,-37.0,True,
77232_2001_FA38,116.1,-6.1,True,
77301_2001_FL77,117.8,-51.6,True,
77336_2001_FW96,3.6,64.1,True,
77350_2001_FN118,116.9,39.8,True,
7736_Nizhnij_Novgorod,244.1,36.5,True,
77374_2001_FT136,11.3,60.5,True,
77397_2001_FQ160,187.2,-52.1,True,
77405_2001_FH169,16.8,80.5,True,
7740_Petit,295.8,80.7,True,
77411_2001_FX172,300.9,20.4,True,
77427_2001_GX4,193.8,-45.4,True,
77430_2001_GR5,141.4,0.6,True,
7743_1986_JA,241.8,-40.4,True,
7744_1986_QA1,96.7,51.9,True,
77475_2001_HM28,113.9,-6.4,True,
77481_2001_HE30,307.6,19.0,True,
77489_2001_HC35,289.9,51.0,True,
77494_2001_HM36,259.9,23.1,True,
774_Armor,216.0,80.4,True,
77505_2001_HA46,276.5,-36.6,True,
77518_2001_HA52,138.4,-46.9,True,
7755_Haute_Provence,96.7,-53.3,True,
7756_Scientia,59.7,-20.5,True,
77576_2001_KS11,185.4,-25.7,True,
7757_Kameya,255.9,60.9,True,
77589_2001_KC17,56.7,8.0,True,
77598_2001_KE23,287.5,-6.6,True,
7760_1990_RW3,233.8,-54.8,True,
77615_2001_KN37,352.4,71.7,True,
77621_Koten,210.8,12.5,True,
77643_2001_KH60,145.4,67.2,True,
77645_2001_KX66,198.0,76.8,True,
7764_1991_AB,263.6,8.7,True,
7765_1991_AD,203.6,56.3,True,
77663_2001_LR14,195.8,68.2,True,
77668_2001_LL19,281.2,-81.5,True,
7766_Jododaira,97.1,-64.7,True,
77670_2001_MH11,273.6,-51.3,True,
77672_2001_MV17,207.1,-4.9,True,
7767_Tomatic,37.6,69.7,True,
77685_2001_NA3,257.5,-37.4,True,
7771_Tvaren,209.2,43.0,True,
77731_2001_OA70,37.0,-1.5,True,
7773_Kyokuchiken,175.1,68.7,True,
77744_2001_OB101,192.1,21.2,True,
77760_2001_PW38,121.0,-66.5,True,
77761_2001_PJ41,281.8,77.3,True,
77765_2001_PG51,310.7,18.2,True,
77768_2001_QM,269.1,66.8,True,
77796_2001_QL68,135.0,-56.6,True,
77813_2001_QN134,287.4,-49.2,True,
77814_2001_QY146,129.3,43.3,True,
77856_Noblitt,262.0,-36.6,True,
77859_2001_RY131,311.7,-54.0,True,
77867_2001_RS153,180.0,66.8,True,
77870_MOTESS,163.5,46.6,True,
77873_2001_SQ46,87.3,36.5,True,
778_Theobalda,210.0,25.7,True,
7790_Miselli,21.7,69.5,True,
77952_2002_GU141,95.6,21.6,True,
77960_2002_HB13,222.7,31.9,True,
7796_Jaracimrman,205.3,54.1,True,
78005_2002_JB52,233.3,-77.3,True,
7800_Zhongkeyuan,173.3,-2.9,True,
7804_Boesgaard,195.5,80.4,True,
78067_2002_LN1,115.2,-83.5,True,
78075_2002_LK13,331.3,-39.3,True,
7807_Grier,149.3,51.9,True,
78094_2002_LD32,162.8,58.0,True,
7811_Zhaojiuzhang,190.8,-27.2,True,
78127_2002_NW10,186.7,-57.9,True,
78146_2002_NF22,71.6,-7.6,True,
78155_2002_NA26,51.6,-65.5,True,
7817_Zibiturtle,292.8,-84.7,True,
78181_2002_NY34,305.9,-78.8,True,
78225_2002_OS10,25.8,-78.4,True,
78241_2002_OY22,6.1,70.0,True,
78269_2002_PM27,259.9,37.7,True,
78283_2002_PR42,279.4,-37.1,True,
7828_Noriyositosi,166.2,60.0,True,
78290_2002_PM50,107.0,-67.8,True,
78299_2002_PF55,177.0,-1.3,True,
7829_Jaroff,349.0,-45.4,True,
78300_2002_PK55,174.7,-49.2,True,
78304_2002_PG58,129.4,59.0,True,
7831_Francois_Xavier,175.1,-2.1,True,
7836_1993_TG,114.9,76.5,True,
78381_2002_PQ135,246.7,87.6,True,
7838_Feliceierman,126.1,58.0,True,
78400_2002_QG5,248.8,67.6,True,
78404_2002_QG14,279.6,-6.5,True,
78424_2002_QB42,132.0,70.0,True,
78452_2002_RZ24,316.8,58.1,True,
78455_2002_RR29,133.3,68.7,True,
78479_2002_RO52,242.1,-81.1,True,
78486_2002_RN59,120.9,-65.3,True,
78489_2002_RZ60,144.8,47.3,True,
78495_2002_RZ64,125.7,-19.4,True,
784_Pickeringia,200.3,58.5,True,
7850_Buenos_Aires,248.3,36.5,True,
7852_Itsukushima,280.6,87.6,True,
78532_2002_RQ104,321.2,-13.2,True,
78539_2002_RV116,227.4,45.7,True,
7853_Confucius,109.4,-51.7,True,
78583_2002_SS10,269.6,-84.5,True,
7858_Bolotov,152.5,17.7,True,
7859_Lhasa,239.1,75.5,True,
78624_2002_TL14,232.0,82.0,True,
78644_2002_TA44,152.4,-73.8,True,
78652_Quero,243.4,67.1,True,
7865_Francoisgros,306.4,-82.1,True,
7867_Burian,94.4,-78.7,True,
78681_2002_TK136,240.1,-80.9,True,
78683_2002_TE137,257.8,-22.2,True,
78695_2002_TT168,203.0,9.6,True,
78698_2002_TD171,272.3,37.5,True,
78704_2002_TY177,171.8,59.9,True,
7872_1990_UC,76.8,52.9,True,
78749_2002_TN278,334.4,-31.3,True,
78761_2002_UQ7,191.1,-10.5,True,
78784_2002_VY78,339.9,57.6,True,
78791_2002_VO123,201.3,-34.0,True,
78793_2002_WM13,250.7,-21.4,True,
7880_1992_OM7,143.5,-43.5,True,
78814_2003_PX3,96.5,36.7,True,
78820_2003_QT6,268.8,-83.1,True,
7885_Levine,149.0,54.5,True,
78863_2003_QJ78,106.5,72.1,True,
78869_2003_QV88,262.1,81.2,True,
78882_2003_RD23,29.6,-79.1,True,
78904_2003_SE81,92.1,66.7,True,
78957_2003_SE226,121.2,41.0,True,
78959_2003_SL232,256.8,-82.7,True,
7896_Svejk,205.0,87.7,True,
78970_2003_SB298,143.6,-58.7,True,
78974_2003_SF307,241.5,-40.7,True,
78983_2003_UA49,74.7,22.1,True,
78986_2003_UY65,114.6,55.5,True,
789_Lena,161.4,53.0,True,
79006_4261_P_L,118.9,-35.8,True,
79043_3330_T_2,88.2,-68.4,True,
79056_1132_T_3,127.6,-73.2,True,
7905_Juzoitami,215.4,42.5,True,
79061_2286_T_3,104.1,66.6,True,
79082_5047_T_3,79.7,-66.7,True,
7909_Ziffer,231.2,76.2,True,
7910_Aleksola,125.7,71.5,True,
79121_1990_EG1,213.0,-1.4,True,
79122_1990_RV7,182.2,-61.9,True,
79130_Bandanomori,141.2,48.0,True,
79131_1990_UN4,313.7,33.0,True,
79148_1992_SN3,200.1,55.7,True,
79169_1993_FY33,140.6,58.7,True,
79195_1993_TZ24,77.3,65.1,True,
791_Ani,55.8,74.3,True,
7920_1981_XM2,334.5,-58.6,True,
79229_1994_PE20,261.6,-84.1,True,
7922_Violalaurenti,218.7,15.2,True,
79254_Tsuda,71.9,-7.6,True,
79280_1995_SE32,90.2,21.6,True,
7928_Bijaoui,242.6,-9.3,True,
7929_1987_SK12,169.4,55.8,True,
79309_1995_YH21,207.3,-31.0,True,
7930_1987_VD,186.8,71.0,True,
79320_1996_HS25,115.7,64.7,True,
79338_1996_TG22,70.5,64.8,True,
79345_1996_VN32,73.8,37.3,True,
79350_1996_YW,139.8,-62.7,True,
7937_1990_QA2,218.0,-44.7,True,
793_Arizona,135.2,-72.4,True,
7942_1991_OK1,176.1,38.7,True,
79436_1997_TD6,28.5,74.6,True,
7943_1991_PQ12,208.9,-64.2,True,
79447_1997_WQ1,143.5,-81.2,True,
79458_1997_YM,74.1,-67.5,True,
7945_Kreisau,266.1,8.4,True,
7946_1991_RV13,231.8,-27.2,True,
79489_1998_FP34,103.9,60.8,True,
7948_Whitaker,235.8,-10.3,True,
794_Irenaea,158.4,73.7,True,
79502_1998_FB143,263.3,53.0,True,
79506_1998_HG7,287.1,8.0,True,
7950_Berezov,253.4,64.5,True,
7953_Kawaguchi,85.0,66.9,True,
7954_Kitao,88.5,66.7,True,
79551_1998_QB47,127.0,-63.2,True,
7957_Antonella,264.1,-36.3,True,
79585_1998_RD16,102.6,22.3,True,
7958_Leakey,313.6,64.7,True,
79609_1998_RC50,147.7,-84.7,True,
7960_Condorcet,235.9,19.8,True,
79621_1998_RF62,68.2,-50.9,True,
7963_Falcinelli,303.2,47.8,True,
79647_Ballack,209.6,56.5,True,
7964_1995_DD2,148.0,-61.5,True,
79685_1998_SN55,105.1,-83.2,True,
7969_1997_RP3,228.7,-57.2,True,
796_Sarita,167.2,76.5,True,
79710_1998_SK102,74.4,-8.0,True,
7974_Vermeesch,151.1,63.4,True,
7975_1974_FD,289.0,50.7,True,
7976_Pinigin,241.6,80.8,True,
79777_1998_UR19,304.0,35.1,True,
79796_1998_VX6,134.0,-62.0,True,
7979_Pozharskij,70.8,-83.1,True,
79800_1998_VP11,180.3,-58.5,True,
7980_Senkevich,162.9,-7.3,True,
79827_1998_WU3,163.6,-22.0,True,
79869_1998_YG5,168.1,26.9,True,
79873_1998_YJ10,217.3,14.7,True,
79899_1999_BF6,133.2,78.5,True,
798_Ruth,105.2,65.2,True,
79904_1999_BO13,47.4,-2.3,True,
7991_Kaguyahime,227.9,47.9,True,
7992_Yozan,279.3,-37.0,True,
79940_1999_CJ83,108.4,64.1,True,
79947_1999_CG90,264.8,-6.3,True,
79954_1999_CX99,293.3,52.1,True,
7995_Khvorostovsky,155.9,-10.0,True,
79967_1999_CY124,294.2,6.6,True,
79981_1999_DC5,283.5,-20.2,True,
79985_1999_ED4,216.0,41.5,True,
79998_1999_FH27,234.7,-26.5,True,
80000_1999_FR33,61.5,40.1,True,
80023_1999_JY1,135.9,-1.4,True,
80026_1999_JH8,54.5,-77.8,True,
80027_1999_JV11,196.4,-38.4,True,
8003_Kelvin,39.3,83.1,True,
80047_1999_JN50,307.4,-27.5,True,
80089_1999_LR,45.3,-54.0,True,
8008_1988_TQ4,199.0,-7.1,True,
800_Kressmannia,253.1,-52.4,True,
8010_Bohnhardt,227.2,-44.1,True,
80152_1999_TF195,222.2,-80.7,True,
8015_Marksimons,64.0,82.4,True,
8016_1990_QW10,101.4,-53.0,True,
80171_1999_UO6,63.1,-82.8,True,
80180_Elko,118.5,-36.1,True,
8018_1990_SW,226.4,64.7,True,
80225_1999_VT160,72.2,-67.8,True,
8022_Scottcrossfield,98.7,51.7,True,
80238_1999_VH218,156.9,6.5,True,
8025_Forrestpeterson,20.9,73.8,True,
80265_1999_XV21,245.2,21.5,True,
80275_1999_XY31,265.2,-82.6,True,
80276_1999_XL32,221.2,-26.4,True,
8027_Robertrushworth,47.8,88.6,True,
80299_1999_XJ60,136.4,14.3,True,
802_Epyaxa,196.3,62.5,True,
80308_1999_XX71,206.2,26.0,True,
8030_Williamknight,166.2,8.2,True,
8031_Williamdana,75.8,-37.5,True,
80379_1999_XV159,214.8,-75.1,True,
803_Picka,113.6,-21.7,True,
80405_1999_XF186,106.6,-52.6,True,
80462_2000_AH18,96.5,-8.3,True,
80472_2000_AN29,209.4,55.7,True,
80514_2000_AV58,96.8,-38.3,True,
80527_2000_AS64,208.0,-64.8,True,
8057_Hofmannsthal,94.4,21.6,True,
8058_Zuckmayer,228.9,83.2,True,
80594_2000_AA145,201.1,38.6,True,
80606_2000_AD159,127.0,41.2,True,
8061_Gaudium,205.2,87.6,True,
80623_2000_AE184,149.4,34.4,True,
80625_2000_AN193,146.4,-13.5,True,
80666_2000_BP14,147.1,-59.2,True,
8066_Poldimeri,162.4,58.3,True,
8068_Vishnureddy,265.9,-51.6,True,
806_Gyldenia,227.0,-76.2,True,
80742_2000_CH37,145.2,46.7,True,
80750_2000_CR44,204.2,-5.0,True,
80770_2000_CB61,205.0,42.6,True,
80771_2000_CJ61,211.4,59.5,True,
80775_2000_CN65,215.9,-32.3,True,
80776_2000_CV65,347.9,72.0,True,
8083_Mayeda,214.2,76.2,True,
80842_2000_DW14,94.7,-8.4,True,
80860_2000_DZ25,244.9,6.7,True,
80861_2000_DU26,148.4,-57.2,True,
8086_Peterthomas,280.6,-84.1,True,
80875_2000_DU35,282.5,-88.3,True,
80892_2000_DO50,206.6,26.0,True,
8090_1991_RO23,238.4,20.3,True,
8094_1992_UG3,58.2,-65.2,True,
80954_2000_DZ98,135.9,-58.8,True,
8095_1992_WS2,220.6,-14.0,True,
80981_2000_EK10,262.9,65.9,True,
81024_2000_EZ42,64.6,65.6,True,
8102_Yoshikazu,154.0,-41.7,True,
8104_Kumamori,265.8,-21.3,True,
81052_2000_EV63,278.9,-36.8,True,
8105_1994_WH2,109.6,-67.7,True,
81068_2000_EC77,113.3,-36.9,True,
8106_Carpino,246.9,-38.8,True,
81074_2000_EZ84,164.5,71.7,True,
8107_1995_BR4,251.9,52.5,True,
81102_2000_EU110,85.9,-38.2,True,
81105_2000_EM114,140.7,15.7,True,
81126_2000_EQ129,41.4,-16.0,True,
8113_Matsue,151.2,-11.8,True,
81141_2000_EP137,110.4,-77.8,True,
8115_Sakabe,134.9,-73.9,True,
811653_2000_QS211,89.9,-68.2,True,
8116_Jeanperrin,203.0,-33.6,True,
81174_2000_EO170,231.5,4.3,True,
81182_2000_EW183,42.8,64.4,True,
81205_2000_FW10,273.8,-81.6,True,
81219_2000_FU20,192.1,-51.2,True,
8123_Canaletto,103.0,67.4,True,
81247_2000_FR34,230.3,-12.6,True,
81261_2000_FP43,25.4,-42.1,True,
8126_Chanwainam,269.3,-36.5,True,
81271_2000_FS48,110.5,6.6,True,
8130_Seeberg,152.3,-59.2,True,
81320_2000_GP15,274.4,-36.1,True,
813_Baumeia,133.0,-64.5,True,
81409_2000_GO89,226.8,-76.0,True,
81425_2000_GH102,84.0,-23.3,True,
8146_Jimbell,219.7,-41.2,True,
81471_2000_GY138,112.6,-80.3,True,
81496_2000_GH159,62.1,-36.2,True,
8150_Kaluga,196.4,-55.2,True,
81518_2000_HW2,85.9,36.7,True,
8154_Stahl,97.4,21.8,True,
81576_2000_HZ40,73.2,77.4,True,
8157_1988_XG2,70.0,69.9,True,
81628_2000_HF76,152.6,4.4,True,
8163_Ishizaki,205.9,-20.6,True,
8165_Gnadig,214.9,-81.1,True,
81685_2000_JH9,102.9,51.8,True,
81696_2000_JC17,268.8,8.7,True,
8169_Mirabeau,222.5,-13.4,True,
81703_2000_JO20,76.8,22.3,True,
81728_2000_JS36,152.6,69.0,True,
81745_2000_JP51,89.5,36.4,True,
8174_1991_SL2,259.6,23.1,True,
81757_2000_JN59,114.3,-49.6,True,
8180_1992_PY2,356.6,-49.8,True,
81829_2000_KF46,325.3,13.9,True,
8185_1992_WR2,155.1,81.6,True,
81861_2000_KK71,29.2,19.9,True,
81888_2000_LH23,64.0,24.6,True,
81911_2000_NV9,284.8,-7.3,True,
81919_2000_NV14,256.7,7.9,True,
81930_2000_ON4,75.0,69.8,True,
81952_2000_PG13,51.1,-49.7,True,
8195_Tamkin,233.1,34.6,True,
8197_Mizunohiroshi,182.9,63.1,True,
81985_2000_QV122,93.2,-52.8,True,
81994_2000_QT184,319.7,-52.2,True,
82016_2000_RJ101,203.8,78.2,True,
8202_Gooley,93.9,-23.4,True,
82032_2000_SQ103,82.8,-83.2,True,
82050_2000_SW312,322.9,14.7,True,
82097_2001_FD7,125.2,11.1,True,
8210_NANTEN,231.2,-38.6,True,
82121_2001_FQ77,277.6,-21.8,True,
82153_Alemigliorini,75.4,52.5,True,
82172_2001_HP9,95.7,51.7,True,
82173_2001_HS10,296.5,51.7,True,
8219_1996_JL,180.2,15.9,True,
82209_2001_HA45,103.3,-37.9,True,
82213_2001_HK49,62.5,-66.5,True,
82228_2001_HU64,143.4,44.5,True,
82248_2001_KM1,327.2,-29.4,True,
82256_2001_KM8,336.4,58.4,True,
8228_1996_YB2,174.8,-70.5,True,
82290_2001_KL36,143.2,79.5,True,
8231_Tetsujiyamada,263.9,-82.1,True,
8234_Nobeoka,291.1,-83.7,True,
82371_2001_MM14,247.7,6.7,True,
82381_2001_MH18,205.1,25.8,True,
8241_Agrius,156.6,-9.8,True,
8243_Devonburr,130.3,-48.3,True,
8250_Cornell,253.1,52.0,True,
8251_Isogai,68.6,69.2,True,
82524_2001_OE55,317.1,0.8,True,
82526_2001_OV55,71.3,-67.7,True,
8254_Moskovitz,120.9,73.2,True,
8256_Shenzhou,95.9,-8.4,True,
82573_2001_OE85,207.2,-4.6,True,
82582_2001_OG87,63.9,8.5,True,
8258_McCracken,173.2,77.6,True,
82599_2001_OP95,3.4,57.8,True,
8259_1983_UG,255.7,-51.1,True,
825_Tanina,238.5,50.0,True,
82601_2001_OC96,229.3,-27.9,True,
82645_2001_PX8,202.3,41.5,True,
8265_1986_RB5,269.1,38.4,True,
82679_2001_PN24,202.2,-6.0,True,
8269_Calandrelli,137.5,-63.9,True,
826_Henrika,176.4,45.0,True,
82706_2001_PZ41,153.5,75.8,True,
82730_2001_PZ58,96.5,-8.3,True,
8274_Soejima,141.0,83.4,True,
82774_2001_QQ15,147.5,67.0,True,
82785_2001_QL21,53.3,-80.2,True,
82787_2001_QP22,81.7,-67.8,True,
82793_2001_QH24,232.4,78.5,True,
82805_2001_QO30,336.8,-30.6,True,
82810_2001_QV34,228.4,-27.3,True,
82817_2001_QV37,200.6,22.4,True,
8281_1991_PC18,256.8,68.0,True,
82827_2001_QJ44,75.7,-52.5,True,
82839_2001_QM49,269.3,66.6,True,
8283_Edinburgh,252.6,-35.5,True,
82841_2001_QH50,136.3,57.4,True,
8284_Cranach,5.5,-31.8,True,
82861_2001_QD59,277.4,-5.8,True,
8286_Kouji,135.4,79.4,True,
82882_2001_QG71,325.2,13.9,True,
82901_2001_QZ94,231.1,-8.1,True,
82920_2001_QF106,145.5,-13.8,True,
82944_2001_QJ117,127.6,78.7,True,
8294_Takayuki,300.5,20.5,True,
82953_2001_QS126,204.4,42.0,True,
8295_Toshifukushima,289.0,66.5,True,
8296_Miyama,110.7,7.2,True,
82971_2001_QD135,151.4,59.3,True,
82990_2001_QK152,79.2,-67.6,True,
829_Academia,288.3,81.8,True,
83008_2001_QY163,73.8,-7.8,True,
83033_2001_QD182,287.7,37.4,True,
8304_Ryomichico,258.2,38.0,True,
83051_2001_QL200,359.8,14.6,True,
8309_Jedidahisler,195.2,-23.0,True,
83103_2001_QA238,175.7,78.2,True,
8310_Seelos,85.5,-8.5,True,
83111_2001_QG241,296.7,-7.3,True,
83118_2001_QC244,280.9,-81.8,True,
83136_2001_QG261,148.4,76.8,True,
83145_2001_QS264,227.9,-29.1,True,
83222_2001_RU31,227.9,-60.3,True,
83224_2001_RA33,57.1,26.1,True,
83226_2001_RH34,205.3,25.0,True,
83239_2001_RH51,101.4,52.6,True,
83281_2001_RH86,55.0,-50.4,True,
83292_2001_RD94,119.7,79.3,True,
83318_2001_RG122,145.7,-83.2,True,
8331_Dawkins,181.9,46.8,True,
83337_2001_RG133,108.1,-37.5,True,
83385_2001_SH17,280.8,-82.2,True,
8338_Ralhan,213.0,27.9,True,
833_Monica,96.5,6.7,True,
83402_2001_SC33,150.7,3.2,True,
8341_1986_QQ,142.1,-79.3,True,
83422_2001_SV43,119.8,-35.8,True,
8347_Lallaward,145.2,-28.7,True,
835336_2011_GG69,111.4,-22.0,True,
83536_2001_SF163,38.1,66.5,True,
83538_2001_SD164,309.2,18.6,True,
83552_2001_SS176,83.1,65.9,True,
8357_O_Connor,250.9,67.5,True,
835_Olivia,223.3,61.2,True,
83627_2001_SN315,121.1,65.9,True,
8364_1990_RE5,103.6,65.5,True,
83651_2001_TX6,299.4,5.4,True,
8365_1990_RR5,168.7,72.6,True,
83664_2001_TR19,98.9,-83.3,True,
8366_1990_UL1,228.1,77.3,True,
83704_2001_TO76,342.5,-84.2,True,
83708_2001_TW77,103.5,7.3,True,
83726_2001_TR104,131.7,-47.3,True,
8373_Stephengould,247.0,75.4,True,
83762_2001_TH152,260.0,-81.5,True,
8378_Sweeney,118.0,-61.8,True,
837_Schwarzschilda,165.6,-6.1,True,
83810_2001_TH233,68.0,37.2,True,
83814_2001_TT237,70.0,64.4,True,
83821_2001_UL5,108.7,7.9,True,
83853_2001_UP49,304.9,-59.5,True,
83873_2001_UN93,182.9,1.3,True,
8388_1993_FO6,198.5,7.8,True,
838_Seraphina,85.3,67.6,True,
83906_2001_UL183,275.1,-51.6,True,
83918_2001_VJ11,321.5,42.2,True,
83920_2001_VX15,152.7,37.0,True,
83924_2001_VZ23,117.4,-5.9,True,
83929_2001_VF51,71.6,38.4,True,
83938_2001_VO93,73.4,51.4,True,
83943_2001_WK14,242.0,36.1,True,
83967_2001_YG111,237.3,76.4,True,
83973_2002_AS181,267.3,85.0,True,
8398_Rubbia,122.9,72.5,True,
83991_2002_MS1,201.2,40.4,True,
84030_2002_PY44,208.2,-35.1,True,
8403_Minorushimizu,68.4,39.1,True,
84041_2002_PL55,125.2,10.0,True,
84046_2002_PF59,100.4,-8.1,True,
84053_2002_PS71,96.4,67.2,True,
8407_Houlahan,241.2,-54.3,True,
84091_2002_QM45,87.8,66.1,True,
84094_2002_QB47,190.7,20.5,True,
84101_2002_RQ9,89.9,-53.4,True,
84108_2002_RA18,92.8,51.6,True,
8410_Hiroakiohno,247.5,-22.9,True,
84127_2002_RG40,220.9,-30.6,True,
84130_2002_RF42,172.9,-34.6,True,
841505_2015_MN52,67.9,3.5,True,
84151_2002_RB73,65.1,-51.7,True,
84160_2002_RV85,168.3,-73.9,True,
841_Arabella,87.1,-83.1,True,
84207_2002_RA138,127.8,-63.3,True,
84215_2002_RP177,213.6,-55.7,True,
8424_Toshitsumita,76.8,-67.8,True,
84261_2002_SD51,75.6,28.2,True,
8426_1997_ST,155.4,50.7,True,
84287_2002_TQ28,109.9,-22.2,True,
84303_2002_TX39,195.1,60.9,True,
8431_Haseda,265.2,68.4,True,
84365_2002_TC112,104.6,-52.2,True,
84370_2002_TW121,287.5,-5.9,True,
84404_2002_TB181,259.6,-34.5,True,
84445_2002_TZ239,185.4,-64.1,True,
8444_Popovich,233.4,-40.3,True,
8447_Cornejo,78.4,36.2,True,
8454_Micheleferrero,149.6,-56.0,True,
84552_2002_UT34,79.0,-38.1,True,
84565_2002_VA9,230.7,47.0,True,
84612_2002_VB37,192.7,-10.1,True,
84646_2002_VM60,4.3,68.6,True,
84647_2002_VN60,158.3,-57.9,True,
8464_Polishook,79.8,21.3,True,
84708_2002_VU119,287.2,-38.1,True,
84737_2002_WZ12,174.6,-69.6,True,
84745_2002_XL4,26.2,-26.7,True,
8481_1988_LH,81.3,-67.7,True,
84821_2002_YR21,247.0,-81.1,True,
84827_2003_AC,264.7,9.5,True,
84833_2003_AF9,225.0,58.8,True,
84848_2003_AP31,128.5,42.6,True,
84898_2003_SW296,307.3,19.0,True,
84918_2003_UQ260,208.6,73.5,True,
84924_2003_VB6,63.9,-61.3,True,
84931_2003_WG73,338.1,74.0,True,
84932_2003_WE77,127.5,-19.0,True,
84935_2003_WT87,100.7,-53.1,True,
84938_2003_WQ127,165.3,53.3,True,
8494_Edpatvega,142.6,-62.9,True,
84955_2003_XB9,78.2,-83.3,True,
84956_2003_XL11,233.0,-59.3,True,
84960_2003_XS21,73.4,22.4,True,
84967_2003_YX16,228.4,69.2,True,
8497_1990_RE7,82.9,-8.3,True,
84985_2003_YU66,132.5,-73.4,True,
84987_2003_YK83,176.3,14.2,True,
8498_Ufa,85.4,-68.1,True,
8499_1990_SC13,201.8,24.2,True,
8500_Hori,96.0,-8.6,True,
85014_Sutter,199.0,-32.1,True,
8501_Wachholz,98.3,-23.2,True,
85023_2087_P_L,132.4,28.0,True,
85028_2729_P_L,78.0,-7.9,True,
8502_Bauhaus,167.5,80.7,True,
85053_6789_P_L,64.4,-6.6,True,
85056_9093_P_L,139.9,-15.6,True,
8506_1991_CN,259.9,-6.7,True,
85087_3090_T_2,186.6,-11.9,True,
8508_1991_CU1,218.4,60.4,True,
85092_4253_T_2,94.2,6.5,True,
85095_Hekla,81.0,21.7,True,
8509_1991_FV2,159.3,-23.2,True,
85141_1981_EM28,96.7,-23.3,True,
8514_1991_PK15,22.4,76.2,True,
85157_1987_SP5,93.2,6.6,True,
85165_1988_TV2,197.2,84.3,True,
85186_1991_PR2,10.5,22.5,True,
85190_Birgitroth,84.0,-68.0,True,
85199_Habsburg,231.2,72.2,True,
851_Zeissia,204.7,56.3,True,
85218_1993_FW5,222.9,-78.2,True,
852335_2008_SZ291,124.3,-63.9,True,
8523_Bouillabaisse,82.2,66.6,True,
85278_1994_PU8,257.1,37.8,True,
85284_1994_PT21,120.2,-20.5,True,
85291_1994_PF33,104.4,52.5,True,
85300_1994_UW2,129.6,44.9,True,
8530_Korbokkur,207.7,11.4,True,
8536_Mans,309.4,-82.5,True,
8537_Billochbull,62.5,-36.3,True,
8538_Gammelmaja,97.4,-38.1,True,
8539_Laban,183.5,77.6,True,
85408_1996_TB55,169.7,-36.2,True,
85412_1996_VS10,110.7,-22.1,True,
85415_1996_VE38,169.4,-58.3,True,
85468_1997_LP1,91.5,36.4,True,
85476_1997_MY,171.7,-49.8,True,
8548_Sumizihara,234.4,-79.5,True,
8552_Hyoichi,178.4,56.4,True,
85554_1997_YF14,230.3,82.9,True,
85589_1998_FE25,165.7,21.1,True,
8560_Tsubaki,193.6,-80.2,True,
85616_1998_HA42,43.2,-64.0,True,
85628_1998_KV2,291.3,87.9,True,
85656_1998_QX18,94.9,-38.2,True,
85660_1998_QX33,7.2,20.7,True,
85671_1998_QH67,55.2,-64.4,True,
85675_1998_RC2,84.2,-79.3,True,
85682_1998_RJ29,106.2,-52.8,True,
856_Backlunda,201.3,56.9,True,
85706_1998_SB27,112.4,8.2,True,
85716_1998_SG56,89.5,36.5,True,
8571_Taniguchi,243.8,-23.9,True,
85736_1998_SW96,118.6,-50.3,True,
85737_1998_SE98,123.0,-50.5,True,
8574_Makotoirie,327.5,-84.7,True,
85773_Gutbezahl,169.1,-18.8,True,
8577_Choseikomori,126.6,82.1,True,
857_Glasenappia,176.8,-16.6,True,
85800_1998_VE53,91.3,66.3,True,
85832_1998_XR64,145.9,1.1,True,
85851_1999_AS4,216.9,-15.7,True,
85858_1999_AJ26,211.0,12.6,True,
85862_1999_AF34,94.3,-53.3,True,
8587_Ruficollis,74.2,7.5,True,
85881_1999_CC19,222.4,-73.3,True,
858_El_Djezair,240.3,-82.2,True,
85922_1999_CB103,228.4,64.9,True,
85942_1999_EB6,198.2,67.1,True,
85944_1999_EM7,105.7,66.4,True,
85951_1999_FX9,255.4,-81.1,True,
85958_1999_FU42,102.7,-52.8,True,
85959_1999_FV42,146.8,-79.8,True,
85968_1999_GB2,107.8,-7.3,True,
85977_1999_GZ42,254.3,37.7,True,
85978_1999_GD45,255.0,-36.1,True,
859_Bouzareah,257.8,71.4,True,
85_Io,149.8,51.5,True,
86006_1999_JS87,229.2,-12.9,True,
86020_1999_JP128,165.6,-38.0,True,
86026_1999_LQ6,155.6,-58.7,True,
8603_Senator,96.4,36.6,True,
86045_1999_ON2,273.9,-51.1,True,
86048_Saint_Tropez,133.4,-31.7,True,
86055_1999_RO12,299.8,-79.4,True,
86056_1999_RE14,232.5,-81.6,True,
86058_1999_RO15,77.9,-66.5,True,
86062_1999_RJ20,258.3,77.0,True,
86065_1999_RO27,111.3,23.4,True,
86069_1999_RO32,105.8,-81.7,True,
860_Ursina,43.8,-32.1,True,
86102_1999_RP108,194.1,-37.0,True,
86104_1999_RF110,197.7,-21.6,True,
86109_1999_RV118,193.3,60.9,True,
86114_1999_RD130,153.1,-83.0,True,
8611_Judithgoldhaber,100.2,-53.2,True,
86125_1999_RH152,54.5,-19.4,True,
86127_1999_RB154,111.4,23.4,True,
86130_1999_RN156,82.0,-23.2,True,
86135_1999_RK172,197.3,39.5,True,
86146_1999_RA194,145.8,58.7,True,
86154_1999_RH201,10.8,71.1,True,
86157_1999_RW203,85.8,-53.1,True,
86159_1999_RB204,51.4,-65.6,True,
86163_1999_RT205,50.8,72.5,True,
86167_1999_RM209,83.1,-79.3,True,
86170_1999_RJ210,253.5,22.6,True,
86175_1999_RE213,172.7,-32.2,True,
86181_1999_RU222,202.8,73.1,True,
86192_1999_SV1,192.7,52.0,True,
86194_1999_SD2,286.4,-18.4,True,
861_Aida,158.7,38.5,True,
86204_1999_TQ2,72.6,-8.6,True,
86217_1999_TB35,151.3,2.3,True,
86232_1999_TG111,263.7,82.7,True,
86257_1999_TK207,234.1,4.0,True,
8625_Simonhelberg,171.0,39.1,True,
86261_1999_TS233,124.9,-47.2,True,
86267_1999_TM256,112.4,38.2,True,
86298_1999_VO22,76.7,-64.7,True,
86301_1999_VL43,85.0,-53.3,True,
86302_1999_VJ46,101.8,69.4,True,
86303_1999_VL58,104.8,7.3,True,
8630_Billprady,215.7,-0.3,True,
8631_Sherikboonstra,321.4,30.6,True,
86324_1999_WA2,229.5,32.9,True,
86335_1999_XP29,99.2,-37.5,True,
86361_1999_XE178,93.5,-23.4,True,
8636_Malvina,142.9,78.2,True,
86383_2000_AJ42,207.2,58.4,True,
86402_2000_AB144,273.8,74.9,True,
86405_2000_AN152,44.7,-3.0,True,
86407_2000_AK169,62.6,-21.1,True,
86409_2000_AK186,104.0,-52.6,True,
86416_2000_AP232,243.7,67.1,True,
86417_2000_AM242,111.7,-52.2,True,
8641_1987_BM1,20.0,19.7,True,
86420_2000_BT2,274.0,61.5,True,
8644_Betulapendula,102.8,-68.1,True,
86450_2000_CK33,259.0,50.8,True,
86527_2000_DH76,179.3,-44.9,True,
8653_1990_KE,154.6,21.2,True,
86543_2000_DR106,118.3,-79.0,True,
8654_1990_KC1,66.2,79.8,True,
86553_2000_ER8,106.0,7.6,True,
86554_2000_EH9,299.0,-79.4,True,
86555_2000_EB12,312.3,-75.2,True,
8656_Cupressus,190.1,-26.4,True,
8660_Sano,51.3,67.2,True,
86612_2000_EY97,247.3,-80.7,True,
8661_Ratzinger,137.1,-77.1,True,
86624_2000_EA123,239.2,-25.5,True,
8662_1990_UT10,104.5,-68.0,True,
86635_2000_EE133,45.9,-17.3,True,
86696_2000_FO49,37.2,-79.8,True,
866_Fatme,238.4,20.3,True,
8670_1991_OM1,115.6,23.3,True,
86713_2000_GY8,99.0,-38.2,True,
86728_2000_GV35,140.6,57.4,True,
8673_1991_RN5,58.4,76.0,True,
8674_1991_VA1,212.3,-50.4,True,
86755_2000_GO68,112.0,-37.0,True,
8675_1991_YZ,34.6,-79.3,True,
8677_Charlier,99.2,-8.3,True,
86794_2000_GL104,180.2,-63.2,True,
86812_2000_GB125,269.2,-6.4,True,
86817_2000_GY135,111.2,-81.9,True,
86833_2000_GZ153,231.8,49.7,True,
86844_2000_GW170,87.3,-67.4,True,
86883_2000_HH27,231.1,-79.1,True,
86885_2000_HU27,304.5,-8.6,True,
86893_2000_HK33,137.6,72.2,True,
86911_2000_HE50,125.8,-65.9,True,
8692_1992_WH,161.8,52.6,True,
86951_2000_HL88,58.3,-35.1,True,
86969_2000_JN11,180.5,-45.5,True,
869_Mellena,195.1,54.6,True,
87012_2000_JM57,58.6,-82.2,True,
8705_1994_AL3,128.4,-49.2,True,
8707_Arakihiroshi,100.0,-68.2,True,
87095_2000_LO7,159.7,37.2,True,
8713_Azusa,225.8,60.7,True,
8715_1995_OX1,200.2,8.5,True,
87165_2000_NF27,100.1,-23.1,True,
87173_2000_OE5,272.2,-82.3,True,
87178_2000_OZ6,279.9,-81.4,True,
87182_2000_OB9,56.5,-19.9,True,
87196_2000_OG20,39.2,80.8,True,
87197_2000_OE22,52.2,12.0,True,
8719_Vesmir,154.6,35.1,True,
871_Amneris,200.1,-82.8,True,
87200_2000_OV24,95.6,-8.3,True,
87234_2000_OX43,216.5,42.5,True,
87235_2000_OM44,33.9,-54.8,True,
87236_2000_OO44,152.5,33.8,True,
87244_2000_OT46,67.9,-67.4,True,
87252_2000_OM50,94.1,-38.3,True,
87257_2000_OO53,212.8,13.2,True,
8726_Masamotonasu,270.3,52.7,True,
87271_Kokubunji,92.5,-67.3,True,
8727_1996_VZ7,195.5,21.9,True,
87301_2000_PT25,205.0,-21.0,True,
87302_2000_PV25,121.3,-34.0,True,
87312_Akirasuzuki,56.8,67.8,True,
87319_2000_QD9,201.0,8.8,True,
87340_2000_QB23,30.3,-12.3,True,
87347_2000_QR28,94.9,-38.3,True,
87348_2000_QR29,89.9,-80.8,True,
87349_2000_QU29,115.1,-82.4,True,
8734_Warner,268.1,68.0,True,
87351_2000_QE31,124.5,-47.5,True,
87356_2000_QU36,116.5,-82.5,True,
87369_2000_QB49,103.1,22.3,True,
87370_2000_QY50,61.5,-77.6,True,
87382_2000_QF62,153.4,-57.9,True,
87392_2000_QB69,65.7,8.4,True,
873_Mechthild,165.1,57.6,True,
87404_2000_QK76,128.6,55.7,True,
87408_2000_QN83,140.2,15.1,True,
8740_Vaclav,181.4,31.2,True,
87416_2000_QM92,132.5,12.4,True,
87417_2000_QM93,66.6,53.6,True,
87425_2000_QJ100,105.5,-67.8,True,
87443_2000_QL111,84.2,66.6,True,
87444_2000_QZ111,59.5,-66.6,True,
87459_2000_QL125,304.7,-80.9,True,
8745_Delaney,70.0,-7.1,True,
87460_2000_QR126,91.5,-67.5,True,
87478_2000_QM141,63.8,-21.3,True,
8747_Asahi,102.6,51.1,True,
87484_2000_QD150,21.3,-77.7,True,
87494_2000_QC161,86.4,-82.5,True,
87498_2000_QX166,111.3,49.6,True,
874_Rotraut,132.0,-48.9,True,
87527_2000_QO198,115.1,-80.5,True,
87529_2000_QZ199,80.6,-8.3,True,
8752_Flammeus,147.1,30.8,True,
87537_2000_QX205,106.8,7.6,True,
87541_2000_QG208,110.8,-22.1,True,
87545_2000_QB218,215.9,45.7,True,
87550_2000_QU224,143.8,-45.1,True,
87556_2000_RL1,103.8,-22.8,True,
87558_2000_RL3,146.6,40.9,True,
87561_2000_RM4,122.8,74.0,True,
87566_2000_RO10,174.7,-47.7,True,
87582_2000_RP19,133.6,-77.4,True,
87584_2000_RE21,123.7,58.4,True,
8759_Porzana,117.9,-67.0,True,
87601_2000_RP37,259.6,-81.9,True,
87607_2000_RA44,210.9,42.1,True,
87625_2000_RS51,174.7,71.9,True,
87645_2000_RK77,205.8,56.4,True,
87662_2000_RO96,195.6,-35.0,True,
87663_2000_RG97,121.8,36.5,True,
8766_Niger,62.2,9.2,True,
87671_2000_RY99,202.7,75.5,True,
87676_2000_RR101,48.0,-2.4,True,
87683_2000_SR2,221.3,-13.9,True,
87697_2000_SA15,59.3,40.8,True,
87724_2000_SH46,162.9,-46.4,True,
87725_2000_SK46,157.8,-9.3,True,
87730_2000_SJ50,96.4,6.6,True,
8774_Viridis,76.1,52.8,True,
87785_2000_SW115,187.0,31.7,True,
87787_2000_SV117,80.8,-23.2,True,
87790_2000_SS120,77.7,65.0,True,
87795_2000_SZ127,96.7,21.7,True,
87815_2000_SR155,248.7,-81.8,True,
87817_2000_SF157,65.5,24.1,True,
8781_Yurka,113.1,-21.7,True,
87820_2000_SD162,107.0,-67.1,True,
87834_2000_SD179,181.3,0.6,True,
8783_Gopasyuk,245.1,-39.4,True,
87892_2000_SS292,208.5,59.0,True,
87895_2000_SP298,60.0,23.4,True,
878_Mildred,61.9,-66.3,True,
87910_2000_SV312,186.8,-10.4,True,
8791_Donyabradshaw,155.1,-10.4,True,
87923_2000_SV318,74.8,37.8,True,
87925_2000_SG319,203.3,71.1,True,
87945_2000_SQ358,74.1,49.8,True,
8795_Dudorov,122.6,79.1,True,
87965_2000_TX28,87.3,51.0,True,
87970_2000_TT38,149.9,46.2,True,
87974_2000_TR41,331.5,-14.6,True,
88005_2000_UR44,93.8,51.3,True,
88007_2000_UK47,109.2,-52.4,True,
88030_2000_UN86,94.9,-53.4,True,
88039_2000_UQ100,151.4,32.3,True,
88056_2000_VV33,112.1,-6.9,True,
88063_2000_VP46,87.3,21.2,True,
8807_Schenk,165.1,8.8,True,
88086_2000_WC35,69.8,38.1,True,
88093_2000_WJ54,125.7,-65.9,True,
88096_2000_WQ62,65.9,37.5,True,
8810_Johnmcfarland,141.9,61.5,True,
88149_2000_XJ3,88.9,6.4,True,
88150_2000_XZ3,51.5,43.1,True,
8815_Deanregas,183.6,66.9,True,
88165_2000_XJ24,50.3,-34.0,True,
88168_2000_XM25,231.8,69.5,True,
88176_2000_XP31,340.1,76.9,True,
88178_2000_XQ32,95.5,-8.6,True,
88181_2000_XT36,339.5,-79.5,True,
88186_2000_XF42,105.8,-65.0,True,
88192_2000_YT35,223.3,-38.4,True,
8819_Chrisbondi,51.8,-49.8,True,
881_Athene,219.9,31.3,True,
88203_2000_YJ107,17.2,77.3,True,
88209_2000_YQ121,78.1,-51.3,True,
88227_2001_BU42,116.9,-75.8,True,
88230_2001_BT65,115.6,-49.9,True,
88231_2001_BF71,72.1,22.4,True,
88238_2001_CN19,77.3,37.4,True,
88243_2001_CQ35,173.5,28.6,True,
88248_2001_DR101,300.5,-80.9,True,
88252_2001_FM40,61.8,6.6,True,
88253_2001_FV69,117.6,-66.8,True,
88259_2001_HJ7,157.3,5.6,True,
88278_2001_MM9,148.7,79.9,True,
8830_1988_VZ,2.3,-28.0,True,
88327_2001_OH54,186.0,31.4,True,
8832_Altenrath,238.5,-57.8,True,
88334_2001_OJ64,113.7,82.1,True,
8836_Aquifolium,114.2,-67.1,True,
88429_2001_QM64,72.9,-67.9,True,
88435_2001_QW70,75.5,53.2,True,
8843_1990_OH,178.3,47.6,True,
88469_2001_QF109,239.6,-23.1,True,
88496_2001_QT137,98.6,66.3,True,
88499_2001_QV138,314.9,-78.5,True,
8849_Brighton,234.5,4.1,True,
8850_Bignonia,48.8,-3.6,True,
88519_2001_QS163,123.4,-63.1,True,
88521_2001_QN168,132.7,-64.6,True,
88538_2001_QG187,217.4,67.2,True,
88541_2001_QC190,292.7,36.0,True,
88568_2001_QG244,87.0,-8.5,True,
8858_Cornus,303.4,-84.7,True,
885_Ulrike,155.9,68.7,True,
8861_Jenskandler,150.4,-27.4,True,
88621_2001_RR10,95.7,-80.4,True,
88637_2001_RJ46,97.5,-82.3,True,
8864_Aikawa,202.7,56.7,True,
886673_2021_JF52,65.5,-21.5,True,
886_Washingtonia,313.4,48.8,True,
8870_von_Zeipel,247.2,51.5,True,
8871_Svanberg,91.7,21.1,True,
8873_1992_UM2,181.8,-58.7,True,
88750_2001_SW55,60.3,25.1,True,
88762_2001_SF66,68.4,-52.1,True,
88812_2001_SQ146,86.2,-8.4,True,
88813_2001_SJ147,270.7,-19.0,True,
88825_2001_SG159,69.6,53.6,True,
88863_2001_SP249,261.6,-81.4,True,
8887_Scheeres,316.1,77.8,True,
8889_Mockturtle,108.1,-22.4,True,
88913_2001_TG9,69.9,-67.1,True,
8892_Kakogawa,100.1,-83.3,True,
88939_2001_TX33,320.2,1.4,True,
88953_2001_TC39,92.0,51.2,True,
88958_2001_TV44,67.3,-36.6,True,
8896_1995_QG2,157.1,-56.8,True,
8897_Defelice,89.8,-68.2,True,
889_Erynia,208.6,-51.1,True,
89004_2001_TE79,175.7,-70.0,True,
8901_1995_UJ4,147.9,-43.1,True,
89027_2001_TN102,308.4,-7.5,True,
8902_1995_UK4,288.3,-88.8,True,
8907_Takaji,154.6,-68.7,True,
8908_1995_WY6,158.6,66.3,True,
8911_Kawaguchijun,130.4,76.8,True,
8914_Nickjames,177.1,-48.0,True,
89166_2001_UE50,135.3,-63.3,True,
89212_2001_UD109,142.5,-46.1,True,
8922_Kumanodake,263.4,-36.3,True,
89246_2001_UU167,43.7,68.1,True,
89285_2001_VZ17,112.2,-67.5,True,
892_Seeligeria,54.6,78.6,True,
89300_2001_VA30,291.0,-89.2,True,
8931_Hirokimatsuo,193.6,-23.5,True,
8932_Nagatomo,205.1,72.0,True,
89352_2001_VC75,170.7,-69.7,True,
8940_Yakushimaru,221.7,-13.7,True,
89433_2001_WM41,97.4,66.8,True,
89479_2001_XR26,213.5,-14.9,True,
89480_2001_XE27,173.5,-45.5,True,
89500_2001_XK48,28.5,2.5,True,
8950_1997_EG46,77.3,35.8,True,
8951_1997_FO,141.1,-15.2,True,
8952_ODAS,175.2,-74.4,True,
89536_2001_XG84,101.3,7.1,True,
8953_1998_FC61,153.1,62.4,True,
8960_Luscinioides,251.6,7.5,True,
89660_2001_YC3,177.2,-29.4,True,
8967_Calandra,96.9,-83.4,True,
8968_Europaeus,189.6,-27.7,True,
89705_2001_YY93,175.9,40.1,True,
89726_2001_YA134,75.4,-22.8,True,
89729_2001_YQ136,94.9,-38.3,True,
89738_2002_AO5,187.4,-57.3,True,
89764_2002_AW61,19.2,-8.1,True,
89775_2002_AJ90,156.0,20.3,True,
89792_2002_AP120,83.7,-52.6,True,
897_Lysistrata,233.5,-42.8,True,
89820_2002_BX2,159.2,-22.8,True,
8982_Oreshek,166.6,-21.6,True,
8983_Rayakazakova,269.6,-82.6,True,
89842_2002_CZ48,109.1,-52.6,True,
89867_2002_CP139,193.2,52.4,True,
8986_Kineyayasuyo,68.7,-51.9,True,
89904_2002_DO5,144.1,29.1,True,
89911_2002_ER8,145.0,-60.7,True,
89925_2002_EY52,80.1,21.5,True,
89929_2002_EO75,204.7,-20.4,True,
8992_Magnanimity,164.6,58.4,True,
89933_2002_EA89,96.5,6.7,True,
89942_2002_FA23,107.7,-37.1,True,
8996_Waynedwards,109.4,22.4,True,
89979_2002_TP27,115.1,56.8,True,
89992_2002_TS66,132.3,58.2,True,
899_Jokaste,201.7,81.6,True,
89_Julia,39.6,-63.4,True,
90008_2002_TV185,262.5,-6.2,True,
9002_Gabrynowicz,44.2,77.7,True,
90037_2002_UL41,204.8,85.9,True,
9005_Sidorova,250.2,37.3,True,
9006_Voytkevych,322.4,62.8,True,
90094_2002_XV5,309.9,3.0,True,
900_Rosalinde,253.3,52.7,True,
90111_2002_XJ44,196.3,76.1,True,
9016_Henrymoore,223.7,57.3,True,
90174_2003_AK19,299.6,-80.7,True,
90183_2003_AB31,263.2,8.5,True,
9020_Eucryphia,152.3,-79.0,True,
90240_2003_BH48,306.1,5.3,True,
90250_2003_BY63,287.4,-38.2,True,
90296_2003_EY29,96.1,-8.3,True,
90300_2003_EJ40,67.1,-36.2,True,
90304_2003_EM53,38.0,-15.0,True,
90334_2003_FC94,142.6,68.4,True,
90365_2003_JL10,43.2,-64.1,True,
90368_Hristopavlov,310.1,31.1,True,
9038_Helensteel,292.7,66.1,True,
90390_2003_XH5,119.9,54.2,True,
90407_2003_YB73,121.1,-66.6,True,
90431_2004_BY55,46.8,-48.6,True,
90437_2004_BW82,158.8,57.8,True,
9043_1991_EJ4,186.1,71.0,True,
90466_2004_CG80,181.7,29.5,True,
9046_1991_PG17,231.8,62.7,True,
9047_1991_QF,283.6,22.8,True,
90480_Ulrich,235.8,4.3,True,
904_Rockefellia,51.7,-65.3,True,
90500_2004_EG4,353.5,-37.8,True,
9050_1991_RF29,192.1,34.2,True,
90538_2004_FE65,270.7,-51.1,True,
90539_2004_FH68,318.1,29.7,True,
9053_Hamamelis,262.9,52.5,True,
9054_Hippocastanum,216.4,-58.1,True,
90591_2659_P_L,68.7,53.4,True,
905_Universitas,64.2,66.0,True,
90633_3040_T_2,76.0,68.9,True,
90634_3046_T_2,122.2,-81.7,True,
90648_1030_T_3,131.4,11.4,True,
90658_2455_T_3,116.4,-21.2,True,
9065_1993_FN1,240.5,20.7,True,
90681_1981_EG4,325.0,28.2,True,
90686_1981_EF19,208.8,-17.5,True,
90690_1981_EK31,104.7,-37.4,True,
90697_1983_RH3,200.9,56.3,True,
9069_Hovland,150.3,34.6,True,
90703_Indulgentia,77.1,-78.7,True,
90713_Chajnantor,151.5,-54.2,True,
90717_Flanders,48.6,79.0,True,
90719_1991_RZ5,139.2,-73.6,True,
9072_1993_RX3,352.7,3.1,True,
90755_1993_RT5,81.1,-8.4,True,
90763_1993_TB6,96.0,-8.3,True,
90768_1993_TV17,132.5,-32.8,True,
9077_Ildo,90.4,66.6,True,
90781_1994_EE6,204.1,-21.6,True,
90787_1994_PO19,85.7,-53.0,True,
907_Rhoda,142.1,-29.9,True,
90866_1996_RA28,291.9,71.5,True,
90896_1997_CJ3,102.1,-79.8,True,
90897_1997_CF6,146.6,66.0,True,
90898_1997_CQ19,199.2,-36.6,True,
90908_1997_GJ1,127.7,43.5,True,
90925_1997_RK5,103.0,-83.3,True,
90929_1997_SQ18,91.4,-53.4,True,
9092_Nanyang,201.8,55.5,True,
9093_Sorada,181.0,32.3,True,
9097_Davidschlag,77.1,51.8,True,
909_Ulla,41.9,15.0,True,
91004_1998_BH16,56.6,-50.7,True,
91009_1998_BQ47,127.8,-18.9,True,
91013_1998_DG2,160.0,6.0,True,
91015_1998_DJ13,29.6,75.2,True,
91021_1998_DQ28,109.5,-37.2,True,
91022_1998_DV31,62.9,68.8,True,
91024_Szechenyi,82.1,-23.2,True,
91050_1998_FU32,146.9,33.1,True,
91055_1998_FD49,43.8,10.5,True,
91063_1998_FX62,65.5,21.8,True,
91065_1998_FM66,106.8,-67.5,True,
91066_1998_FP66,63.1,-82.0,True,
91081_1998_FR109,219.7,15.5,True,
91103_1998_HG21,147.5,61.1,True,
91108_1998_HX37,263.8,-81.5,True,
91110_1998_HF45,231.1,4.2,True,
9111_Matarazzo,186.1,-13.3,True,
9112_Hatsulars,121.5,-82.4,True,
91139_1998_KL47,248.6,50.2,True,
91152_1998_QW41,64.1,-21.3,True,
91156_1998_QS60,81.7,36.9,True,
91159_1998_QA73,145.1,-45.7,True,
91169_1998_QT108,127.4,74.9,True,
91175_1998_RX18,62.7,-21.1,True,
91183_1998_RZ49,255.8,61.5,True,
91184_1998_RA51,90.5,-53.2,True,
91185_1998_RM57,105.1,37.5,True,
91186_1998_RO66,252.9,-52.1,True,
91189_1998_SM1,119.3,24.2,True,
91192_1998_SA58,126.0,10.1,True,
91194_1998_SB85,144.1,-79.2,True,
91199_Johngray,236.4,-78.3,True,
91204_1998_UW32,178.7,80.5,True,
9120_1998_DR8,129.4,-83.4,True,
9122_Hunten,208.7,26.9,True,
91235_1999_CQ1,148.3,-56.4,True,
91256_1999_CX80,200.8,-6.5,True,
91273_1999_DN,224.2,-42.6,True,
91285_1999_FP9,48.1,77.6,True,
91290_1999_FR25,155.1,71.7,True,
91292_1999_FF27,54.8,54.4,True,
91293_1999_FD28,103.0,-66.6,True,
91296_1999_FW29,180.2,80.3,True,
9129_1998_HU144,157.3,36.0,True,
91304_1999_FU44,215.1,-29.4,True,
91322_1999_GK31,126.4,58.0,True,
91325_1999_GD47,110.4,38.7,True,
91327_1999_GK53,297.7,-37.1,True,
9132_Walteranderson,129.6,42.5,True,
91334_1999_JK8,136.6,43.7,True,
91338_1999_JR14,238.6,51.0,True,
91353_1999_JX55,208.3,78.9,True,
91365_1999_JL84,115.7,-21.3,True,
9137_Remo,131.8,-80.0,True,
91396_1999_LF5,155.5,-78.2,True,
9139_Barrylasker,205.2,-49.6,True,
913_Otila,165.7,40.5,True,
91405_1999_NB10,232.2,-10.0,True,
91419_1999_NP59,303.9,60.8,True,
91420_1999_NK60,9.5,-54.0,True,
9143_Burkhead,71.0,-52.4,True,
91441_1999_RU14,217.0,28.5,True,
91445_1999_RC19,103.7,22.4,True,
9144_Hollisjohnson,248.9,-21.4,True,
91472_1999_RY91,106.9,-67.9,True,
9149_1977_TD1,152.8,-43.0,True,
91511_1999_RJ163,197.8,-47.0,True,
9151_Kettnergriswold,74.7,-66.9,True,
91522_1999_RJ185,93.2,-51.9,True,
91528_1999_RV191,288.3,22.4,True,
91533_1999_RY199,148.3,-61.7,True,
91538_1999_RA204,59.6,-20.5,True,
9153_Chikurinji,209.4,-69.9,True,
91542_1999_RC207,126.7,9.0,True,
91545_1999_RT209,199.2,23.4,True,
9155_Verkhodanov,170.9,-74.7,True,
91575_1999_SS6,158.0,-25.2,True,
91577_1999_SU8,295.2,51.4,True,
9157_1983_RB4,129.2,57.4,True,
91589_1999_TF1,44.2,80.5,True,
91592_1999_TU3,304.9,80.4,True,
91598_1999_TK13,201.1,-20.4,True,
915_Cosette,137.9,-79.1,True,
91602_1999_TM17,163.6,73.9,True,
91611_1999_TN27,96.8,-38.2,True,
91613_1999_TO31,19.1,-84.9,True,
9161_Beaufort,259.8,37.8,True,
91635_1999_TH79,124.4,-34.5,True,
91647_1999_TG96,122.7,-20.0,True,
9164_Colbert,84.7,-68.3,True,
91650_1999_TR100,240.8,70.9,True,
91651_1999_TU100,17.5,-76.6,True,
91659_1999_TP105,129.4,-80.7,True,
91661_1999_TG106,245.0,-24.3,True,
91668_1999_TD112,100.0,36.4,True,
9166_1987_SC6,101.0,-68.1,True,
91677_1999_TU115,206.4,-81.7,True,
9167_Kharkiv,157.6,60.7,True,
91681_1999_TF120,130.8,-18.2,True,
91683_1999_TZ123,141.7,-30.6,True,
91689_1999_TJ127,85.1,66.8,True,
916_America,210.4,61.4,True,
91702_1999_TX142,40.4,41.3,True,
91710_1999_TZ149,75.8,-52.9,True,
91715_1999_TA154,149.5,60.0,True,
9171_Carolyndiane,261.3,-34.9,True,
91728_1999_TM162,113.5,39.1,True,
91734_1999_TM166,120.4,8.3,True,
91746_1999_TL185,209.5,-54.6,True,
91754_1999_TO189,99.9,-81.0,True,
91759_1999_TU191,209.6,12.1,True,
9175_Graun,246.6,50.7,True,
9176_Struchkova,102.6,52.2,True,
91790_1999_TF222,92.0,-23.4,True,
9179_Satchmo,73.4,68.0,True,
91816_1999_TA267,215.6,70.2,True,
91842_1999_TP322,74.3,22.7,True,
91843_1999_UF1,250.4,-81.5,True,
91845_1999_UT2,155.0,-51.7,True,
91847_1999_UW5,100.1,-38.1,True,
91849_1999_UK6,93.6,-52.9,True,
91858_1999_US16,148.1,-12.9,True,
91863_1999_UV23,88.9,-8.4,True,
91864_1999_UW24,177.3,-27.8,True,
91869_Ellenjozoff,67.9,-36.0,True,
9186_Fumikotsukimoto,48.2,73.6,True,
9187_Walterkroll,150.7,-57.8,True,
91887_1999_UZ50,110.2,-52.5,True,
9189_Holderlin,130.1,27.4,True,
918_Itha,84.3,-52.7,True,
91907_Shiho,166.7,-71.6,True,
91908_1999_VK27,106.9,-78.4,True,
91913_1999_VD30,119.2,71.7,True,
91922_1999_VP37,137.8,-16.2,True,
91929_1999_VO48,312.8,79.1,True,
91930_1999_VT48,261.4,79.6,True,
91938_1999_VB60,159.3,21.9,True,
91941_1999_VR63,99.5,21.9,True,
9195_1992_OF9,78.8,-80.4,True,
91968_1999_VA92,189.7,-83.4,True,
91969_1999_VC92,134.4,-1.8,True,
91972_1999_VW92,259.3,-6.4,True,
91973_1999_VL93,134.8,62.4,True,
9197_Endo,203.3,53.9,True,
91982_1999_VC102,115.3,8.7,True,
9199_1993_FO1,210.2,66.6,True,
919_Ilsebill,175.4,46.2,True,
91_Aegina,243.6,78.9,True,
92013_1999_VV159,91.7,-23.4,True,
92023_1999_VM167,219.3,-77.7,True,
92028_1999_VM177,33.2,-76.9,True,
92033_1999_VG179,206.5,42.1,True,
9203_Myrtus,253.1,-81.0,True,
92043_1999_VJ196,98.9,52.2,True,
92046_1999_VG200,114.1,-52.0,True,
92055_1999_VJ213,154.2,-26.5,True,
92059_1999_VW223,65.7,38.4,True,
92065_1999_WC13,100.9,22.1,True,
92071_1999_WJ18,181.5,15.6,True,
92082_1999_XE18,156.7,46.9,True,
92089_1999_XJ24,131.1,12.8,True,
9208_Takanotoshi,64.4,-66.6,True,
92091_1999_XL28,187.2,17.4,True,
92093_1999_XD29,180.6,29.9,True,
9209_1994_UK1,230.2,-80.8,True,
920_Rogeria,68.4,-82.4,True,
92102_1999_XO47,118.3,-62.1,True,
9210_1995_BW2,239.3,78.6,True,
92110_1999_XM62,308.7,-87.8,True,
92120_1999_XV84,115.7,-82.7,True,
92126_1999_XX106,83.1,50.3,True,
92130_1999_XQ107,264.9,38.0,True,
92132_1999_XK109,182.5,-42.0,True,
92133_1999_XL109,171.4,57.1,True,
92165_1999_XW160,101.5,-23.0,True,
92170_1999_XU183,256.3,-22.3,True,
92178_1999_XQ196,30.1,70.5,True,
92185_1999_XM204,161.0,-62.1,True,
92191_1999_XO222,95.2,-53.0,True,
92200_1999_XK241,226.4,-72.8,True,
92201_1999_XU242,91.5,36.4,True,
92209_Pingtang,174.7,-42.4,True,
9220_Yoshidayama,170.1,38.4,True,
92225_2000_AX87,205.8,-18.7,True,
92227_2000_AU95,186.8,-35.9,True,
9222_Chubey,26.7,17.1,True,
92233_2000_AU102,221.9,-80.5,True,
92236_2000_AM112,121.9,-34.9,True,
92239_2000_AA139,334.3,78.9,True,
92242_2000_AO148,251.4,64.6,True,
92245_2000_AY149,72.7,-22.5,True,
92249_2000_AN170,51.8,-31.7,True,
92252_2000_AQ187,163.9,-73.3,True,
92257_2000_AS233,190.3,-32.3,True,
9225_Daiki,42.0,-1.9,True,
92260_2000_BX4,252.1,-80.9,True,
92261_2000_BY5,127.6,-3.5,True,
92297_Monrad,60.6,-45.2,True,
922_Schlutia,151.7,69.4,True,
9231_Shimaken,188.1,3.5,True,
92329_2000_GZ64,134.6,-46.8,True,
92350_2000_HK5,135.0,-63.7,True,
92353_2000_HL14,135.0,-2.2,True,
9237_1997_GY7,134.5,75.1,True,
92391_2000_JE7,281.3,-52.5,True,
9240_Nassau,149.5,18.9,True,
9241_Rosfranklin,320.6,79.8,True,
92431_2000_JO65,74.8,-51.4,True,
92439_2000_KD,147.0,-59.7,True,
92446_2000_KS6,60.1,-20.6,True,
9244_Visnjan,219.0,30.4,True,
9246_Niemeyer,227.7,62.7,True,
92478_2000_LA8,164.1,-76.9,True,
92482_2000_LQ13,81.2,-67.7,True,
924_Toni,66.9,69.9,True,
92503_2000_NQ15,270.4,-82.6,True,
9250_Chamberlin,116.8,-36.4,True,
9251_Harch,137.1,85.7,True,
92539_2000_OB19,61.8,-50.7,True,
92561_2000_OK46,65.3,-6.6,True,
9257_Kunisuke,154.5,-42.5,True,
92581_2000_PY1,85.3,-67.9,True,
92597_2000_PE19,166.1,-6.0,True,
92598_2000_PM19,231.4,-81.6,True,
925_Alphonsina,212.1,40.3,True,
92606_2000_PB23,191.2,59.1,True,
92609_2000_PO24,145.9,49.9,True,
92623_2000_QB8,91.8,-23.4,True,
92636_2000_QS20,70.2,22.8,True,
9263_Khariton,176.0,86.8,True,
92640_2000_QL22,151.8,49.8,True,
92657_2000_QA40,79.9,-53.2,True,
92684_2000_QN69,258.9,-22.0,True,
926_Imhilde,146.1,-71.8,True,
9270_Sherryjennings,188.2,81.6,True,
92720_2000_QH93,146.8,-79.8,True,
92735_2000_QJ101,204.4,42.1,True,
9275_Persson,221.0,-26.7,True,
92778_2000_QE135,25.6,26.2,True,
92784_2000_QA141,100.6,21.9,True,
927_Ratisbona,86.3,-38.2,True,
9286_Patricktaylor,75.3,37.2,True,
92875_2000_QZ216,132.4,-32.7,True,
92900_2000_RZ4,61.4,65.7,True,
92906_2000_RW6,131.8,13.0,True,
92907_2000_RK7,133.9,42.2,True,
92910_2000_RJ10,145.1,69.3,True,
92911_2000_RN10,180.0,13.8,True,
92928_2000_RP23,134.4,45.6,True,
9294_1983_EV,99.0,-8.2,True,
92965_2000_RQ49,137.4,-30.6,True,
92969_2000_RG55,241.1,49.0,True,
9297_Marchuk,178.0,47.5,True,
92981_2000_RH69,258.9,-82.4,True,
92990_2000_RA74,100.9,-51.8,True,
92994_2000_RB76,209.4,27.4,True,
93000_2000_RJ83,208.6,51.1,True,
93004_2000_RB86,79.3,-51.6,True,
93028_2000_RF98,222.1,47.4,True,
9302_1985_TB3,132.7,79.3,True,
93043_2000_SF4,125.7,42.3,True,
93054_2000_SW12,116.5,9.0,True,
9308_Randyrose,204.6,25.1,True,
93095_2000_SL39,78.3,21.8,True,
93096_2000_SN39,186.1,32.7,True,
93099_2000_SY39,135.8,76.2,True,
9309_Platanus,99.8,67.6,True,
930_Westphalia,277.5,77.1,True,
93105_2000_SB47,130.0,10.4,True,
9310_1987_SV12,170.8,41.1,True,
93111_2000_SJ55,13.2,-83.6,True,
93128_2000_SN64,148.7,-58.5,True,
9312_1987_VE2,265.7,-6.5,True,
93136_2000_SZ70,174.2,-16.9,True,
9314_1988_DJ1,113.3,-82.7,True,
93150_2000_SC81,206.6,-34.7,True,
93152_2000_ST83,189.8,-71.2,True,
9315_Weigel,63.4,-51.0,True,
93161_2000_SX87,122.4,57.2,True,
93163_2000_SC89,169.9,42.1,True,
9316_Rhamnus,84.0,67.7,True,
93199_2000_SF115,115.9,69.2,True,
93200_2000_SS115,140.5,13.0,True,
93215_2000_SL128,111.6,-21.9,True,
9321_Alexkonopliv,224.6,46.5,True,
93227_2000_SU142,153.2,3.7,True,
9322_Lindenau,165.6,72.1,True,
93241_2000_SO152,91.1,51.2,True,
93254_2000_SF161,18.7,44.3,True,
9325_Stonehenge,132.3,72.1,True,
93270_2000_SQ175,6.0,-75.5,True,
9328_1990_DL3,219.7,-41.6,True,
93321_2000_SA220,204.2,23.2,True,
93338_2000_SJ237,149.3,-42.5,True,
93342_2000_SR244,137.2,-59.5,True,
9334_Moesta,141.0,16.2,True,
93356_2000_SM260,136.2,-32.1,True,
93378_2000_SQ271,232.5,-85.0,True,
93405_2000_SV293,33.5,-54.4,True,
93406_2000_SZ293,151.1,2.0,True,
93417_2000_SV303,317.9,56.9,True,
93420_2000_SC307,66.4,-21.7,True,
9343_1991_PO11,228.6,81.9,True,
93447_2000_SZ339,106.2,52.2,True,
93452_2000_SY351,151.5,78.9,True,
93457_2000_ST358,113.9,-65.4,True,
934_Thuringia,76.1,-75.2,True,
93501_2000_TE50,72.7,65.7,True,
93512_2000_TO60,52.7,63.0,True,
9352_1991_UB4,288.0,-83.3,True,
93533_2000_UO12,113.4,7.9,True,
9353_1991_VM4,261.8,-6.7,True,
93541_2000_UT20,131.6,73.8,True,
9354_1991_VF7,154.6,74.7,True,
9356_Elineke,248.6,50.7,True,
93570_2000_UY41,120.9,-82.3,True,
93585_2000_UE52,112.5,-52.0,True,
93593_2000_UF54,178.7,46.4,True,
93597_2000_UX55,145.7,-45.3,True,
9363_1992_GR,118.2,40.5,True,
93641_2000_US88,315.7,-79.8,True,
9364_Clusius,60.7,23.9,True,
93676_2000_VX5,132.1,-61.6,True,
93693_2000_VC23,238.6,5.2,True,
936_Kunigunde,179.2,73.3,True,
93705_2000_VP30,56.2,-50.1,True,
93708_2000_VR31,125.7,72.7,True,
93716_2000_VP35,50.7,-77.1,True,
93732_2000_VE47,150.8,-77.9,True,
93746_2000_VU57,140.0,-44.7,True,
93752_2000_WA5,342.5,-60.8,True,
93756_2000_WZ8,230.0,62.8,True,
93763_2000_WH19,234.1,65.5,True,
93767_2000_WM21,180.6,-14.9,True,
93792_2000_WL40,173.5,-33.8,True,
93793_2000_WL41,158.5,47.3,True,
93796_2000_WG43,353.1,76.6,True,
937_Bethgea,220.4,46.3,True,
93803_2000_WL49,218.8,60.3,True,
93810_2000_WB57,124.5,-49.0,True,
93816_2000_WJ61,15.6,39.3,True,
93854_2000_WH97,201.8,73.3,True,
93859_2000_WM109,176.7,55.4,True,
9385_Avignon,125.5,-34.7,True,
93860_2000_WH110,115.4,39.9,True,
9386_Hitomi,109.1,7.7,True,
93871_2000_WZ120,163.4,73.8,True,
9392_Cavaillon,114.1,24.0,True,
93935_2000_WE168,247.8,-36.0,True,
9393_Apta,242.7,36.2,True,
93949_2000_WZ178,180.7,43.1,True,
9394_Manosque,80.1,-83.2,True,
93981_2000_XU11,80.8,37.0,True,
93986_2000_XZ15,168.2,-74.4,True,
93997_2000_XT19,108.2,-7.3,True,
939_Isberga,74.9,-83.0,True,
94023_2000_XL36,231.3,61.2,True,
94024_2000_XS36,195.9,-34.5,True,
94037_2000_XK48,190.3,69.7,True,
9403_Sanduleak,186.4,-71.7,True,
94042_2000_XU52,217.2,65.8,True,
9404_1994_UQ11,103.8,-68.1,True,
94066_2000_YT29,143.6,61.2,True,
94078_2000_YC45,187.4,33.1,True,
94080_2000_YC47,218.1,-83.4,True,
940_Kordula,7.5,81.9,True,
94106_2000_YB79,207.6,-78.6,True,
94120_2000_YF106,350.1,-9.8,True,
94127_2000_YQ112,184.2,1.8,True,
94132_2000_YO115,17.1,61.9,True,
94149_2001_AX4,139.3,88.8,True,
9414_Masamimurakami,137.7,-64.0,True,
94154_2001_AM8,178.8,43.5,True,
94169_2001_AB26,129.0,76.9,True,
94182_2001_AJ38,257.2,65.7,True,
94191_2001_BH1,241.9,65.9,True,
94196_2001_BQ14,206.3,-46.9,True,
94206_2001_BS26,209.3,41.6,True,
94211_2001_BG34,234.5,72.8,True,
94217_2001_BH44,145.5,32.5,True,
94218_2001_BK45,21.6,31.6,True,
9421_Violilla,260.8,52.7,True,
94228_Leesuikwan,89.4,-70.4,True,
9423_Abt,96.1,69.0,True,
94245_2001_CW11,349.8,-80.3,True,
9424_Hiroshinishiyama,239.2,50.1,True,
94251_2001_CS27,56.8,-19.9,True,
94252_2001_CF28,104.4,36.8,True,
94257_2001_CJ35,127.6,-65.7,True,
94264_2001_CG44,312.7,-82.3,True,
94281_2001_DN44,102.5,-52.0,True,
94284_2001_DW51,113.6,24.0,True,
94290_2001_DQ79,166.2,58.7,True,
94306_2001_FS11,118.9,-35.7,True,
94313_2001_FE41,74.0,50.9,True,
94314_2001_FV49,139.1,-15.9,True,
94315_2001_FA59,71.9,66.7,True,
94319_2001_FX100,287.6,66.6,True,
9431_Pytho,123.7,41.4,True,
94327_2001_FN140,153.6,-41.7,True,
94341_2001_QM74,335.7,82.4,True,
94342_2001_QS75,106.1,37.8,True,
94344_2001_QN83,104.0,-37.6,True,
94351_2001_QA107,249.9,-38.6,True,
94370_2001_RA148,51.6,51.0,True,
94424_2001_TW39,131.2,-79.0,True,
94427_2001_TG40,247.7,-80.9,True,
94428_2001_TH40,105.8,-37.4,True,
94449_2001_TJ101,104.4,-22.8,True,
94477_2001_TF192,268.2,-36.4,True,
94493_2001_UB42,214.4,-15.8,True,
944_Hidalgo,303.4,6.0,True,
9453_Mallorca,135.3,46.1,True,
94554_2001_VN14,45.0,-64.0,True,
9458_Beaumont,194.0,67.6,True,
9459_Gracecai,215.5,-29.9,True,
94639_2001_WH28,264.1,-81.5,True,
9465_Fergusonsam,124.7,26.4,True,
9467_1998_KQ47,74.4,-52.9,True,
9470_Jussieu,133.0,43.2,True,
94752_2001_XX86,332.1,-30.2,True,
94758_2001_XW97,105.1,-37.7,True,
94770_2001_XA102,129.4,57.5,True,
94805_2001_XD160,143.0,67.8,True,
94828_2001_XG190,74.2,-7.8,True,
94857_2001_XH211,101.2,-52.7,True,
94935_2001_YY73,205.2,-3.9,True,
9494_Donici,103.2,-52.9,True,
9495_Eminescu,163.3,51.2,True,
94972_2001_YY109,207.2,-46.2,True,
94998_2001_YL138,207.0,-50.9,True,
9500_Camelot,265.3,-36.5,True,
9503_Agrawain,340.0,-45.9,True,
95070_2002_AQ65,53.7,-50.0,True,
95086_2002_AJ89,2.4,-84.8,True,
95089_2002_AZ97,268.6,-81.6,True,
95096_2002_AM105,190.6,32.9,True,
95099_2002_AK111,59.1,-20.4,True,
9509_Amfortas,302.4,-57.3,True,
9512_Feijunlong,71.0,65.7,True,
95139_2002_AF160,124.1,-82.4,True,
9513_1971_UN,138.0,-75.6,True,
95146_2002_AV165,159.2,-52.0,True,
95152_2002_AX167,218.0,-0.9,True,
95161_2002_AS178,31.8,14.9,True,
9516_Inasan,111.5,-52.1,True,
95172_2002_AZ190,102.9,7.2,True,
95173_2002_AD191,26.4,71.6,True,
95189_2002_BM11,79.0,21.9,True,
95207_2002_BG29,16.9,-7.2,True,
95211_2002_CJ2,59.1,-6.9,True,
95223_2002_CU22,85.3,21.7,True,
95230_2002_CK30,109.8,-77.0,True,
9523_Torino,260.6,-81.5,True,
9525_Amandasickafoose,75.9,37.5,True,
95305_2002_CJ99,86.0,-23.4,True,
95321_2002_CB108,62.2,-81.3,True,
95333_2002_CA118,86.8,66.2,True,
95335_2002_CU118,113.9,8.7,True,
9534_1981_TP,189.8,63.3,True,
95350_2002_CJ138,100.3,51.6,True,
95353_2002_CY138,224.3,-76.0,True,
95363_2002_CF147,98.3,-51.5,True,
95373_2002_CK163,118.3,66.8,True,
953_Painleva,215.5,54.7,True,
9540_Mikhalkov,242.4,-38.7,True,
95410_2002_CJ217,295.4,-81.2,True,
95427_2002_CP237,75.0,66.6,True,
9542_Eryan,227.7,-25.0,True,
95439_2002_CJ244,42.0,39.7,True,
9544_Scottbirney,107.9,-52.7,True,
95465_2002_DR8,96.3,66.6,True,
95468_2002_DT10,109.6,-74.2,True,
95473_2002_EX2,224.7,-11.5,True,
95478_2002_EK12,58.2,35.7,True,
9548_Fortran,89.1,66.4,True,
95490_2002_EX29,145.8,58.2,True,
95503_2002_EE43,74.3,-7.6,True,
9553_Colas,149.8,64.7,True,
95542_2002_EU86,243.0,-80.0,True,
95549_2002_EK89,106.7,-66.9,True,
95555_2002_EZ96,207.8,53.9,True,
9555_Frejakocha,148.6,-28.0,True,
95560_2002_EX98,53.6,-60.4,True,
9558_1986_QB3,155.7,-25.4,True,
95594_2002_FS13,93.6,21.5,True,
95595_2002_FE15,53.4,35.6,True,
95598_2002_FK24,143.2,-0.7,True,
95599_2002_FZ26,141.1,-29.9,True,
95600_2002_FK27,155.8,-78.2,True,
95602_2002_FB29,118.0,-64.6,True,
9560_Anguita,225.6,32.0,True,
95640_2002_GC80,101.2,-53.1,True,
95658_2002_GF115,102.8,-7.9,True,
95669_2002_GE161,151.6,-26.9,True,
9568_1988_AX4,154.1,20.4,True,
9569_Quintenmatsijs,201.4,-53.7,True,
9572_1988_RS6,143.4,46.0,True,
9576_van_der_Weyden,145.6,83.0,True,
9578_Klyazma,155.6,-70.4,True,
95790_2003_FA16,95.4,51.4,True,
95794_2003_FN21,52.5,-44.5,True,
957_Camelia,101.7,-63.9,True,
95800_2003_FS30,74.5,-7.7,True,
95805_2003_FA50,57.0,-50.7,True,
9582_1990_EL7,265.9,68.4,True,
95850_2003_FA122,113.5,-67.1,True,
95856_2003_GG6,98.9,-53.2,True,
9586_1990_SG11,134.4,-2.2,True,
95952_2003_QP12,286.2,78.4,True,
95953_2003_QV19,129.3,-18.5,True,
95975_2004_LX17,108.3,-82.3,True,
96041_2004_PR90,101.0,-53.1,True,
96045_2004_PX97,116.5,40.4,True,
96049_2004_QF11,66.6,-7.4,True,
9605_A_Coruna,214.7,-0.9,True,
96093_2063_T_2,210.4,-83.1,True,
9610_Vischer,189.9,82.9,True,
96123_1184_T_3,166.7,-21.3,True,
96130_2269_T_3,255.2,-89.6,True,
96152_4358_T_3,235.3,-77.8,True,
96184_1990_QH3,84.7,-38.3,True,
96186_1990_SF8,214.5,42.1,True,
96194_1991_VF6,216.5,52.3,True,
96215_1993_QR9,133.9,-80.5,True,
96267_1995_SK48,263.0,8.5,True,
9626_Stanley,192.3,-9.5,True,
96271_1995_SH79,221.8,2.4,True,
96276_1995_VG11,173.5,-60.0,True,
96289_1996_HZ12,133.9,58.1,True,
96290_1996_HZ17,227.7,-39.5,True,
9629_Servet,223.1,31.4,True,
962_Aslog,214.2,75.4,True,
9630_Castellion,119.5,53.3,True,
9633_Cotur,230.4,-28.0,True,
9634_Vodice,153.1,35.9,True,
96369_1997_XM2,134.5,44.9,True,
96373_1997_YH7,129.2,25.8,True,
96378_1998_BA,207.0,88.7,True,
9639_Scherer,217.6,-30.7,True,
9640_Lippens,121.6,-5.3,True,
9642_Takatahiro,211.4,86.5,True,
96439_1998_FB79,84.0,-8.5,True,
9643_1994_RX,188.0,35.2,True,
96452_1998_GF9,221.8,-72.0,True,
96453_1998_GP9,171.5,-72.0,True,
96466_1998_HG72,265.1,85.0,True,
96479_1998_HS132,191.9,-9.7,True,
96484_1998_HJ146,111.8,38.9,True,
96488_1998_JO3,334.0,79.4,True,
96524_1998_RY28,231.5,-80.5,True,
9652_1996_AF2,167.0,-47.2,True,
9653_1996_AL2,220.6,30.3,True,
96543_1998_SE48,322.2,1.3,True,
96565_1998_SB157,100.8,-8.0,True,
9657_Ucka,155.5,4.9,True,
96588_1998_WR20,181.3,-58.3,True,
96593_1998_XO20,164.7,41.3,True,
9659_1996_EJ,263.7,53.0,True,
96603_1998_YH12,203.3,39.1,True,
9660_Brucewillis,270.4,-82.2,True,
96617_1999_CC32,94.8,21.6,True,
9662_Frankhubbard,262.3,-84.9,True,
96632_1999_GE1,273.5,66.7,True,
9667_Amastrinc,147.9,47.9,True,
9670_Magni,236.8,50.7,True,
9672_Rosenbergerezek,252.0,78.7,True,
96741_1999_NY59,145.1,-80.3,True,
96744_1999_OW3,94.2,67.3,True,
9675_1998_QK36,167.1,-75.3,True,
96770_1999_RF54,105.7,36.7,True,
9677_Gowlandhopkins,128.5,43.2,True,
967_Helionape,210.6,27.1,True,
96802_1999_RC134,66.4,-6.5,True,
96816_1999_RZ164,77.6,-76.6,True,
96822_1999_RY180,105.6,-83.2,True,
96835_1999_RZ199,171.3,60.9,True,
9684_Olieslagers,154.0,49.9,True,
96854_1999_RD238,189.1,58.0,True,
96862_1999_SE7,121.5,-51.0,True,
96878_1999_TE16,114.3,-66.4,True,
9688_Goudsmit,160.2,79.5,True,
96908_1999_TP99,177.2,27.1,True,
96909_1999_TC101,260.0,85.4,True,
9690_Houtgast,86.7,6.6,True,
96927_1999_TX126,71.0,-52.1,True,
9693_Bleeker,191.8,48.7,True,
96946_1999_TT163,85.2,-62.9,True,
9694_Lycomedes,314.1,-82.4,True,
96964_1999_TF187,155.8,-78.0,True,
96980_1999_TM198,58.4,78.8,True,
97015_1999_TR262,205.4,41.0,True,
97016_1999_TS262,185.4,-60.2,True,
97024_1999_TS283,115.1,39.7,True,
97036_1999_UR8,180.4,82.7,True,
97037_1999_US8,123.6,41.3,True,
97044_1999_UL26,95.0,-53.3,True,
97048_1999_US42,173.5,-18.1,True,
97057_1999_UY52,198.3,7.7,True,
9705_Drummen,244.7,-50.6,True,
97079_1999_VO36,132.6,79.7,True,
97082_1999_VW39,106.6,53.4,True,
97091_1999_VF59,121.2,-64.8,True,
9709_Chrisnell,326.1,61.2,True,
9710_1964_VN1,307.1,79.7,True,
97112_1999_VW83,203.8,71.3,True,
9712_Nauplius,118.0,-51.4,True,
9714_Piazzismyth,110.3,-51.7,True,
9715_Paolotanga,219.4,73.6,True,
9716_Severina,175.8,85.1,True,
97196_1999_XR1,344.5,67.0,True,
9719_Yakage,137.8,42.3,True,
971_Alsatia,300.5,-41.6,True,
97200_1999_XK8,120.9,41.7,True,
97207_1999_XV30,70.9,-37.0,True,
97211_1999_XY36,153.1,-78.8,True,
97240_1999_XP84,228.6,-10.4,True,
97277_1999_XJ144,106.4,71.7,True,
97279_1999_XT144,54.6,-6.0,True,
97280_1999_XZ150,196.1,35.1,True,
97297_1999_XU180,178.5,45.1,True,
972_Cohnia,196.7,79.6,True,
97307_1999_XL192,164.7,-36.4,True,
97308_1999_XT192,120.0,-35.9,True,
97313_1999_XM206,168.9,56.7,True,
97319_1999_XH215,62.4,-34.1,True,
9733_Valtikhonov,210.1,-67.7,True,
97340_1999_YS27,248.8,49.4,True,
97345_2000_AO8,140.3,-61.8,True,
97351_2000_AX18,211.6,12.8,True,
97358_2000_AA30,250.9,-23.2,True,
97368_2000_AG52,134.4,-32.4,True,
97375_2000_AX66,149.9,78.5,True,
9737_Dudarova,3.9,-80.6,True,
97384_2000_AF82,212.6,13.1,True,
97395_2000_AT102,182.4,48.1,True,
9739_Powell,207.6,27.1,True,
973_Aralia,276.3,51.1,True,
97423_2000_AE187,199.9,56.9,True,
97428_2000_AT199,223.8,31.7,True,
9742_Worpswede,143.5,63.5,True,
97430_2000_AZ202,184.1,-30.1,True,
97436_2000_AB238,177.1,14.5,True,
97455_2000_CL13,278.6,-81.5,True,
97456_2000_CU13,198.5,38.9,True,
9746_Kazukoichikawa,178.3,45.3,True,
97479_2000_CU56,215.4,52.0,True,
97487_2000_CS71,214.5,74.4,True,
97489_2000_CQ76,145.0,-74.4,True,
97494_2000_CW81,217.5,30.0,True,
97502_2000_CL93,204.3,10.1,True,
97503_2000_CH94,232.0,-52.8,True,
97525_2000_DP24,108.0,65.3,True,
9753_1990_QL3,188.6,45.6,True,
97546_2000_DE52,253.1,87.0,True,
97553_2000_DC64,273.7,38.1,True,
9755_1990_RR2,123.1,71.3,True,
97573_2000_DC108,179.8,32.5,True,
97584_2000_ET24,266.1,62.7,True,
97586_2000_EQ26,104.2,-66.3,True,
9758_Dainty,70.2,-82.0,True,
97591_2000_EP34,133.9,59.9,True,
97592_2000_ER34,248.4,-20.1,True,
97594_2000_ET37,333.5,60.1,True,
9759_1991_NE7,206.0,56.8,True,
975_Perseverantia,281.5,82.7,True,
97614_2000_EF88,137.0,80.6,True,
97623_2000_EL118,151.0,3.0,True,
97624_2000_ES120,71.8,-7.7,True,
97637_Blennert,58.7,78.9,True,
97644_2000_ET171,181.3,-29.1,True,
97654_2000_FR17,209.8,-18.1,True,
97659_2000_FF22,216.7,43.1,True,
97667_2000_FZ37,99.8,-23.1,True,
9766_Bradbury,146.3,1.5,True,
97670_2000_FN42,314.8,-13.9,True,
97684_2000_GZ16,174.8,-17.5,True,
9768_Stephenmaran,121.9,-50.1,True,
97695_2000_GK49,201.3,-64.7,True,
9769_Nautilus,88.4,36.2,True,
97700_2000_GU62,189.8,67.7,True,
97724_2000_GN138,65.0,-82.9,True,
97727_2000_GG163,149.4,35.1,True,
97730_2000_GA169,262.3,-5.5,True,
97739_2000_HP28,126.8,61.8,True,
97750_2000_HX83,159.7,-73.0,True,
97756_2000_JY,169.1,-37.5,True,
97765_2000_JN27,152.4,59.6,True,
9778_Isabelallende,186.1,-12.6,True,
97803_2000_OQ6,94.6,-53.2,True,
9780_Bandersnatch,80.8,83.0,True,
97817_2000_OY48,149.5,-41.4,True,
9781_Jubjubbird,136.3,-62.2,True,
97823_2000_OQ56,67.4,67.7,True,
97832_2000_PQ5,85.5,21.7,True,
9784_Yotsubashi,145.1,-71.5,True,
97855_2000_QV14,66.3,-36.6,True,
9785_Senjikan,152.2,-79.2,True,
97868_2000_QK30,173.0,-18.4,True,
97883_2000_QT50,98.2,-38.2,True,
97901_2000_QT75,91.1,-52.9,True,
97902_2000_QS76,217.3,14.7,True,
9790_Deipyrus,332.4,-84.0,True,
97915_2000_QX90,164.4,87.8,True,
97933_2000_QW113,109.9,-66.9,True,
97966_2000_QN145,119.5,-81.7,True,
9796_Robotti,306.6,33.3,True,
9798_1996_JK,101.0,70.2,True,
98014_2000_QD215,73.4,51.1,True,
98039_2000_RC22,105.1,53.1,True,
98059_2000_RC47,36.6,56.3,True,
9805_1997_NZ,221.4,31.6,True,
98114_2000_RQ95,73.0,65.6,True,
98128_2000_SS24,347.6,-50.4,True,
98148_2000_ST64,203.1,9.7,True,
98154_2000_SE69,136.4,57.1,True,
9815_Mariakirch,80.0,-53.2,True,
98168_2000_SV86,212.4,13.1,True,
98182_2000_SR105,170.1,72.6,True,
98187_2000_SO109,132.2,43.0,True,
9818_Eurymachos,114.2,-6.6,True,
9819_Sangerhausen,192.0,-24.4,True,
981_Martina,142.5,45.2,True,
98221_2000_SL143,147.6,15.9,True,
98232_2000_SJ151,128.1,-64.0,True,
98235_2000_SE153,168.8,-76.9,True,
98239_2000_SH156,80.0,-37.7,True,
98246_2000_SY166,239.5,65.2,True,
98247_2000_SJ167,263.0,52.3,True,
9827_1958_TL1,132.7,29.1,True,
982_Franklina,198.0,58.2,True,
98301_2000_SS237,212.6,27.5,True,
98302_2000_SX237,153.1,-59.0,True,
9830_Franciswasiak,175.2,81.4,True,
98320_2000_SA269,143.9,-45.2,True,
98332_2000_SF294,306.2,-21.2,True,
98335_2000_SP295,278.0,67.1,True,
9835_1984_UD,245.4,62.3,True,
98360_2000_SV354,114.0,-82.2,True,
98379_2000_TN33,186.1,2.7,True,
9837_Jerryhorow,243.8,51.0,True,
98381_2000_TP37,190.9,-53.1,True,
98397_2000_UC3,138.1,14.2,True,
983_Gunila,214.4,-18.1,True,
98403_2000_UG8,156.4,35.8,True,
98405_2000_UN9,139.2,-47.3,True,
9840_1988_RQ2,102.9,-71.5,True,
98411_2000_UT13,159.9,63.4,True,
9841_Masek,251.0,-7.7,True,
98420_2000_UN24,135.0,-80.8,True,
9842_Funakoshi,107.2,53.0,True,
9843_Braidwood,48.3,69.0,True,
98456_2000_UD69,125.9,-73.8,True,
9845_Okamuraosamu,185.3,66.8,True,
98463_2000_UL81,168.3,-5.0,True,
98495_2000_VV2,239.3,-79.9,True,
9850_Ralphcopeland,188.7,35.2,True,
98527_2000_VN32,225.3,69.3,True,
98559_2000_WB11,148.7,-79.5,True,
98563_2000_WX16,142.9,0.4,True,
98577_2000_WF39,5.3,62.9,True,
98586_2000_WX44,242.0,-82.5,True,
9858_1991_OL1,179.7,-61.9,True,
98592_2000_WG55,208.3,26.3,True,
9859_Van_Lierde,116.9,23.7,True,
98623_2000_WK90,120.8,57.6,True,
98655_2000_WX146,230.5,18.5,True,
9865_Akiraohta,196.7,-23.6,True,
98706_2000_XY36,60.0,-20.6,True,
98708_2000_XO38,67.9,-8.2,True,
98713_2000_XH43,99.5,-23.2,True,
98718_2000_XX49,151.0,-60.8,True,
98733_2000_YT30,210.1,26.5,True,
9875_1993_FH25,94.3,-38.3,True,
98777_2000_YV85,154.7,-67.2,True,
98791_2000_YW104,234.0,-52.0,True,
98855_2001_AU37,175.2,-72.7,True,
98860_2001_AK42,66.2,-7.7,True,
98864_2001_AR47,143.0,15.3,True,
98889_2001_BL38,223.7,40.9,True,
98894_2001_BC44,63.3,63.3,True,
98901_2001_BB51,267.5,23.4,True,
9890_1995_SY2,189.4,-11.0,True,
98916_2001_BU68,207.8,11.4,True,
9893_Sagano,116.3,-79.3,True,
98945_2001_CS21,223.1,83.0,True,
9894_1996_BS1,262.9,-51.4,True,
98958_2001_CD38,66.6,-56.4,True,
98960_2001_CG43,252.1,36.2,True,
98965_2001_CL45,104.1,7.1,True,
9897_Malerba,195.4,-24.8,True,
9898_Yoshiro,185.8,-13.1,True,
9899_Greaves,208.9,-51.8,True,
98_Ianthe,242.6,21.0,True,
99007_2001_DS52,274.3,85.3,True,
99018_2001_DY68,198.6,75.5,True,
99028_2001_DC98,214.8,-66.4,True,
9902_Kirkpatrick,353.3,83.8,True,
99034_2001_DD109,58.1,-34.1,True,
99039_2001_EB4,275.8,51.7,True,
9906_Tintoretto,256.5,-6.5,True,
99070_Strittmatter,113.3,-6.9,True,
99102_2001_FK50,253.7,-21.4,True,
99112_2001_FP62,81.6,65.9,True,
99119_2001_FF69,208.6,11.7,True,
99133_2001_FQ98,91.8,36.3,True,
99139_2001_FX103,45.7,-58.9,True,
99151_2001_FP128,151.9,-79.2,True,
9916_Kibirev,67.1,-82.8,True,
99195_2001_GH5,147.5,42.6,True,
99205_2001_HL22,214.2,54.8,True,
9920_Bagnulo,190.2,83.2,True,
99219_2001_HY53,203.0,-28.9,True,
99223_2001_HJ57,288.9,84.9,True,
9923_Ronaldthiel,112.0,-36.9,True,
99250_2001_LH,175.6,29.7,True,
99267_2001_OJ84,222.9,43.9,True,
99268_2001_OD94,19.5,45.4,True,
99279_2001_QF70,251.5,7.2,True,
9928_1981_WE9,168.2,84.2,True,
99299_2001_RR48,336.4,20.8,True,
9930_Billburrows,237.6,65.1,True,
99394_2002_AL16,105.7,-74.6,True,
9939_1988_VK,225.9,-27.6,True,
99447_2002_CX25,120.7,-5.9,True,
99449_2002_CJ30,111.9,-67.6,True,
9945_Karinaxavier,207.9,-18.6,True,
99486_2002_CJ171,147.6,-59.9,True,
994_Otthild,99.9,-53.2,True,
99510_2002_EO12,67.6,69.9,True,
99516_2002_EM30,232.8,-79.6,True,
9954_Brachiosaurus,177.3,-54.6,True,
99565_2002_FF10,315.3,63.4,True,
9958_1991_VL1,120.9,77.0,True,
9959_1991_VF2,316.1,-80.9,True,
995_Sternberga,126.1,23.7,True,
99620_2002_GP85,138.6,80.2,True,
99627_2002_GK93,318.7,-77.6,True,
99636_2002_GF107,88.7,-8.5,True,
9965_GNU,247.1,-8.6,True,
99662_2002_HS13,88.3,-9.5,True,
99674_2002_JN11,257.7,8.6,True,
9970_1992_ST1,191.7,-51.2,True,
99714_2002_JQ41,189.4,19.6,True,
99742_2002_JY68,207.7,-4.1,True,
99760_2002_JN100,36.2,55.0,True,
997_Priska,230.4,34.0,True,
99814_2002_LS43,207.3,26.6,True,
99820_2002_LG56,67.3,31.6,True,
9982_1995_CH,177.4,15.0,True,
9984_Gregbryant,154.0,72.2,True,
99851_2002_OA3,199.5,21.4,True,
99865_2002_PN20,94.8,-37.3,True,
9987_Peano,81.8,-37.9,True,
99899_2002_QJ32,199.3,-56.4,True,
9989_1997_SG16,101.3,-53.0,True,
9990_Niiyaeki,136.5,-31.8,True,
99918_1998_SQ2,61.3,-5.6,True,
99927_2000_ED90,254.3,-34.2,True,
9993_Kumamoto,141.5,-46.7,True,
99945_4589_P_L,138.3,-79.1,True,
99969_1981_DY1,131.3,77.4,True,
9996_ANS,131.0,41.6,True,
99994_1981_EN44,222.5,45.6,True,
9999_Wiles,140.8,-80.0,True,
